Practice name,Practice Code,Practice Population,Lat,Lon,NHSE OC Provider,Manual OC Provider,Most likely OC Provider
THE DENSHAM SURGERY,A81001,3743,54.5615936359273,-1.31882504949962,eConsult,eConsult,eConsult
QUEENS PARK MEDICAL CENTRE,A81002,18654,54.5691629671937,-1.3138796009281,SystmConnect,SystmConnect,SystmConnect
ACKLAM MEDICAL CENTRE,A81004,11419,54.5393098266642,-1.26216751165767,eConsult; SystmConnect,SystmConnect,SystmConnect
SPRINGWOOD SURGERY,A81005,7592,54.5328485970829,-1.05316619795324,eConsult,eConsult,eConsult
TENNANT STREET MEDICAL PRACTICE,A81006,14558,54.5686422962117,-1.31398114423873,SystmConnect,eConsult,eConsult
BANKHOUSE SURGERY,A81007,10436,54.6816902917328,-1.21498377035184,eConsult,,eConsult
VILLAGE MEDICAL CENTRE,A81009,7923,54.5625050612085,-1.24181705422338,eConsult,eConsult,eConsult
CHADWICK PRACTICE,A81011,12009,54.6823319425657,-1.2141493417514,eConsult,eConsult,eConsult
WESTBOURNE MEDICAL CENTRE,A81012,5642,54.5718478268858,-1.21721910646358,eConsult,eConsult,eConsult
BROTTON SURGERY,A81013,7801,54.5652660046789,-0.936356691442813,eConsult,eConsult,eConsult
QUEENSTREE PRACTICE,A81014,4107,54.6082905186443,-1.29479820318822,eConsult,eConsult,eConsult
PARK SURGERY,A81016,12665,54.5663982915067,-1.24004555141223,eConsult,eConsult,eConsult
WOODBRIDGE PRACTICE,A81017,18231,54.5381491767139,-1.29211281196398,eConsult,eConsult,eConsult
BENTLEY MEDICAL PRACTICE,A81018,10111,54.6007799853224,-1.0697253941746,eConsult,eConsult,eConsult
CROSSFELL HEALTH CENTRE,A81019,8828,54.5608325666536,-1.2038833488422,eConsult,eConsult,eConsult
MARTONSIDE MEDICAL CENTRE,A81020,7825,54.552175334276,-1.22003855496868,eConsult,eConsult,eConsult
NORMANBY MEDICAL CENTRE,A81021,26481,54.5714510479014,-1.16772117737387,eConsult,eConsult,eConsult
HILLSIDE PRACTICE,A81022,9344,54.5631409483559,-0.980797950222197,eConsult,eConsult,eConsult
THE ENDEAVOUR PRACTICE,A81023,8118,54.575046557659,-1.23539651184636,eConsult,eConsult,eConsult
THE DOVECOT SURGERY,A81025,4084,54.5615924677248,-1.31882506896414,eConsult,,eConsult
LINTHORPE SURGERY,A81026,20556,54.5633305156537,-1.24160069680326,eConsult,eConsult,eConsult
YARM MEDICAL PRACTICE,A81027,14223,54.5047580528425,-1.35555058898756,SystmConnect,SystmConnect,SystmConnect
PROSPECT SURGERY,A81029,6847,54.575046557659,-1.23539651184636,eConsult,eConsult,eConsult
BOROUGH ROAD & NUNTHORPE MEDICAL GROUP,A81030,17039,54.5719659357653,-1.22720946996703,eConsult,eConsult,eConsult
HAVELOCK GRANGE PRACTICE,A81031,13604,54.6823319425657,-1.2141493417514,eConsult,eConsult,eConsult
THE GARTH,A81032,11652,54.5328485970829,-1.05316619795324,SystmConnect,SystmConnect,SystmConnect
THORNABY & BARWICK MEDICAL GROUP,A81034,20870,54.5380784580025,-1.292129800112,eConsult,eConsult,eConsult
NEWLANDS MEDICAL CENTRE,A81035,9545,54.5719314685215,-1.22603452012286,eConsult,eConsult,eConsult
NORTON MEDICAL CENTRE,A81036,16036,54.5886960272259,-1.30832104065264,eConsult,eConsult,eConsult
THE ERIMUS PRACTICE,A81037,6093,54.575046557659,-1.23539651184636,eConsult,eConsult,eConsult
HIRSEL MEDICAL CENTRE,A81038,3703,54.5718478268858,-1.21721910646358,eConsult,eConsult,eConsult
EAGLESCLIFFE MEDICAL PRACTICE,A81039,13159,54.5204936659078,-1.3505213716595,SystmConnect,SystmConnect,SystmConnect
MARSH HOUSE MEDICAL PRACTICE,A81040,8513,54.6109549140767,-1.29366229943869,eConsult,,eConsult
HART MEDICAL PRACTICE,A81041,9390,54.703969263008,-1.22343040866668,eConsult,eConsult,eConsult
SOUTH GRANGE MEDICAL GROUP PRACTICE,A81042,15796,54.5700848240048,-1.16585342151754,eConsult,eConsult,eConsult
MCKENZIE HOUSE SURGERY,A81044,19463,54.6733934579953,-1.21053818694086,eConsult,eConsult,eConsult
THE COATHAM ROAD SURGERY,A81045,6266,54.6174309938656,-1.0723411376013,eConsult,eConsult,eConsult
WOODLANDS FAMILY MEDICAL CENTRE,A81046,12171,54.5612148053556,-1.32120389155675,eConsult,eConsult,eConsult
ZETLAND MEDICAL PRACTICE,A81048,7142,54.5918647183122,-1.01776539724606,eConsult,eConsult,eConsult
KINGS MEDICAL CENTRE,A81049,6348,54.5712775097615,-1.21658036646221,eConsult,eConsult,eConsult
CAMBRIDGE MEDICAL GROUP,A81051,7257,54.5541493923954,-1.25230039638104,eConsult,eConsult,eConsult
THE GREEN HOUSE SURGERY,A81052,10111,54.6007799853224,-1.0697253941746,eConsult,eConsult,eConsult
WOODSIDE SURGERY,A81053,5807,54.5541320836399,-0.887333682717311,eConsult,eConsult,eConsult
THE SALTSCAR SURGERY,A81054,8447,54.6162822127771,-1.07363815347353,eConsult,eConsult,eConsult
MELROSE SURGERY,A81056,2402,54.609836553483,-1.2871694613777,eConsult,,eConsult
KINGSWAY MEDICAL CENTRE,A81057,10070,54.6064592787437,-1.28900881699297,eConsult,eConsult,eConsult
COULBY MEDICAL PRACTICE,A81058,9200,54.5248048955964,-1.21376186958288,eConsult,eConsult,eConsult
WEST QUAY MEDICAL PRACTICE,A81060,6269,54.6851263380287,-1.21823694023909,eConsult; SystmConnect,SystmConnect,SystmConnect
THE HEADLAND MEDICAL CENTRE,A81063,5334,54.6966405887616,-1.18310492057959,eConsult,eConsult,eConsult
THE DISCOVERY PRACTICE,A81064,7956,54.575046557659,-1.23539651184636,eConsult,eConsult,eConsult
PARK LANE SURGERY,A81066,5558,54.6048793373345,-1.42474095243643,SystmConnect,SystmConnect,SystmConnect
ALMA MEDICAL CENTRE,A81067,10610,54.5694898250115,-1.31764816375762,eConsult,eConsult,eConsult
MCKENZIE GROUP PRACTICE,A81070,6156,54.6604652580762,-1.23926608383405,,eConsult,eConsult
DR RASOOL,A81602,2239,54.6109596523075,-1.29365803696876,eConsult,eConsult,eConsult
ELM TREE SURGERY,A81608,18443,54.5545852424229,-1.29962106089584,SystmConnect,SystmConnect,SystmConnect
THE ROSEBERRY PRACTICE,A81610,7698,54.6109549375501,-1.29366632465438,eConsult,,eConsult
PARKWAY MEDICAL CENTRE,A81611,9733,54.5248048955964,-1.21376186958288,eConsult,eConsult,eConsult
THE PATEL PRACTICE,A81612,4146,54.6614035935451,-1.18857110117886,eConsult,,eConsult
HUNTCLIFF SURGERY,A81618,9896,54.583090676886,-0.9752404953959,eConsult,eConsult,eConsult
THORNTREE SURGERY,A81621,2833,54.5652080428641,-1.18346041993436,eConsult,,eConsult
GLADSTONE HOUSE SURGERY,A81622,5598,54.6852004242165,-1.21857676985297,,eConsult,eConsult
RIVERSIDE MEDICAL PRACTICE,A81629,10907,54.5694797872337,-1.31586957879715,eConsult,,eConsult
WEST VIEW MILLENIUM SURGERY A,A81631,7472,54.7098786153205,-1.2228053466281,eConsult,eConsult,eConsult
ULVERSTON MEDICAL PRACTICE,A82003,11925,54.1989031135352,-3.09782543454715,Accurx,Accurx,Accurx
ALSTON MEDICAL PRACTICE,A82004,2204,54.8102063032232,-2.43983472983109,Accurx,,Accurx
AMBLESIDE HEALTH CENTRE,A82005,5689,54.435052389876,-2.96635972461023,Accurx,Accurx,Accurx
APPLEBY MEDICAL PRACTICE,A82006,5163,54.5790106027051,-2.49438074657779,Accurx,Accurx,Accurx
DUKE STREET SURGERY,A82007,11484,54.1106712672568,-3.22566028636853,Accurx,Accurx,Accurx
NORWOOD MEDICAL CENTRE,A82008,12018,54.1196946501368,-3.22219335225738,Accurx,Accurx,Accurx
BRIDGEGATE MEDICAL CENTRE,A82009,9153,54.114954800338,-3.20915728818488,Accurx,Accurx,Accurx
ABBEY ROAD SURGERY,A82010,6687,54.1102330259572,-3.22466974298553,Accurx,Accurx,Accurx
BRAMPTON MEDICAL PRACTICE,A82012,16719,54.9423647173364,-2.73483817150885,Accurx,Accurx,Accurx
UPPER EDEN MEDICAL PRACTICE,A82013,6430,54.4754135116701,-2.35193012057889,Accurx,Accurx,Accurx
CALDBECK SURGERY,A82014,4199,54.7500811253131,-3.05249225671334,Accurx,Accurx,Accurx
CARLISLE CENTRAL PRACTICE,A82015,13304,54.8937357010439,-2.92927828329473,Accurx,,Accurx
CARLISLE HEALTHCARE,A82016,40928,54.8853543938774,-2.90349511343743,eConsult,eConsult,eConsult
SPENCER ST SURGERY,A82018,13694,54.8948834889555,-2.93115519686357,Accurx,Accurx,Accurx
EDEN MEDICAL GROUP,A82020,15123,54.8947253587378,-2.95107767573627,Anima,Anima,Anima
CASTLEGATE AND DERWENT SURGERY,A82021,17856,54.6659240580314,-3.35876734448769,Accurx,Accurx,Accurx
DALSTON MEDICAL GROUP,A82022,5198,54.8405893693617,-2.98618803171965,Accurx,,Accurx
DISTINGTON SURGERY,A82023,6582,54.5954723313071,-3.54102526264097,Accurx,Accurx,Accurx
SEASCALE HEALTH CENTRE,A82024,5942,54.3969683861264,-3.47986690044129,Accurx,Accurx,Accurx
CAPTAIN FRENCH SURGERY,A82025,11835,54.3231717441697,-2.74808096068512,Accurx,Accurx,Accurx
THE JAMES COCHRANE PRACT.,A82026,17132,54.3126969285411,-2.73713117801878,Accurx,Accurx,Accurx
STATION HOUSE SURGERY,A82027,10011,54.3319318136405,-2.73976662566504,Accurx,Accurx,Accurx
CASTLEHEAD MEDICAL CENTRE,A82028,8319,54.5976904373987,-3.13457221154096,Accurx,Accurx,Accurx
THE CROFT SURGERY,A82029,3516,54.8971320608318,-3.2027776998243,Accurx,Accurx,Accurx
LUNESDALE SURGERY,A82030,6507,54.2005731016163,-2.60221307832773,Accurx,Accurx,Accurx
SHAP MEDICAL PRACTICE,A82031,3312,54.5285945759008,-2.67778729571887,Accurx,Accurx,Accurx
MARYPORT HEALTH SERVICES,A82032,13881,54.7067591939543,-3.49423260022666,eConsult,eConsult,eConsult
WATERLOO HOUSE SURGERY,A82033,7903,54.2085041940768,-3.26839202706845,Accurx,Accurx,Accurx
BIRBECK MEDICAL GROUP,A82035,14322,54.6559631049478,-2.74357491403247,Accurx,Accurx,Accurx
THE LAKES MEDICAL PRACTICE,A82036,11688,54.6560027621151,-2.74377574762983,Accurx,Accurx,Accurx
SILLOTH GROUP MEDICAL PRACTICE,A82037,4445,54.8697040977507,-3.39357079672665,Accurx,Accurx,Accurx
TEMPLE SOWERBY MEDICAL PRACTICE,A82038,4625,54.636949694086,-2.60502124217307,Accurx,Accurx,Accurx
DALTON SURGERY,A82039,8752,54.1559169693633,-3.1798161766577,Accurx,,Accurx
LOWTHER MEDICAL CENTRE,A82041,13743,54.5450557485746,-3.58638828054627,eConsult,eConsult,eConsult
FELLVIEW HEALTHCARE,A82044,22997,54.4825324905552,-3.53298430520353,eConsult,eConsult,eConsult
WIGTON GROUP MEDICAL PRACTICE,A82045,9250,54.8202965486959,-3.15899941538114,Accurx,Accurx,Accurx
WINDERMERE HEALTH CENTRE,A82046,4666,54.3708710070703,-2.91342057475722,Accurx,Accurx,Accurx
JAMES STREET GROUP PRACT,A82047,33359,54.6448305668261,-3.5502919571302,Accurx,,Accurx
NUTWOOD MEDICAL PRACTICE,A82053,7451,54.1873237651767,-2.91494655800099,Evergreen Health,askmyGP,askmyGP
ASPATRIA MEDICAL GROUP,A82055,7379,54.7629683682832,-3.33547124245719,Accurx,Accurx,Accurx
ATKINSON HEALTH CENTRE,A82062,6472,54.110147896904,-3.2249180988546,Accurx,Accurx,Accurx
WESTCROFT HOUSE SURGERY,A82064,6363,54.4830049266423,-3.52859000972683,eConsult,eConsult,eConsult
ULVERSTON COMMUNITY HEALTH CENTRE,A82068,4736,54.1989031135352,-3.09782543454715,Accurx,,Accurx
ST. MARY'S SURGERY,A82070,6620,54.380764845743,-2.90883654323549,Accurx,Accurx,Accurx
BURNETT EDGAR MEDICAL CTR,A82071,4137,54.1078000047544,-3.25396466190714,,Medicus,Medicus
RISEDALE SURGERY,A82072,7317,54.1104287109649,-3.22544524631711,Accurx,Accurx,Accurx
MANSION HOUSE SURGERY,A82075,7676,54.5460470260839,-3.58797060113039,Accurx,,Accurx
SEDBERGH MEDICAL PRACTICE,A82608,4663,54.3223806839635,-2.53526778191362,Accurx,Accurx,Accurx
WRAYSDALE HOUSE SURGERY,A82613,1000,54.3667968231823,-3.07636107840827,,,Unknown
KIRKOSWALD SURGERY,A82617,2822,54.7639214566958,-2.69119573379208,Accurx,,Accurx
GLENRIDDING HEALTH CENTRE,A82620,1009,54.5439544872931,-2.95236737552907,Accurx,Accurx,Accurx
THE FAMILY PRACTICE,A82629,2930,54.1170544054916,-3.22903090138559,Patchs,Patchs,Patchs
COURT THORN SURGERY,A82631,3732,54.8018275080084,-2.82624744861831,Accurx,Accurx,Accurx
LONGTOWN MEDICAL CENTRE,A82646,3850,55.010231797822,-2.96555361283756,Accurx,Accurx,Accurx
CARTMEL SURGERY,A82647,3325,54.1994427544515,-2.94818742289306,Accurx,,Accurx
HAVERTHWAITE SURGERY,A82650,2995,54.2497528046465,-2.99972848699174,Accurx,Accurx,Accurx
DUDDON VALLEY MEDICAL PRACTICE,A82651,4989,54.2325528696615,-3.18576027813809,Accurx,Accurx,Accurx
WARWICK SQUARE GROUP PRACTICE,A82654,7929,54.8931437773187,-2.92588503724869,Accurx,Accurx,Accurx
ST ANDREW'S MEDICAL PRACTICE,A83001,15908,54.6996186019521,-1.59820136676877,eConsult,eConsult,eConsult
WILLINGTON MEDICAL GROUP,A83003,9175,54.7105123838747,-1.69407112273948,eConsult,eConsult,eConsult
WHINFIELD MEDICAL PRACTICE,A83005,12226,54.5462701047563,-1.52499439976986,Accurx,Accurx,Accurx
ORCHARD COURT SURGERY,A83006,8679,54.5323618430417,-1.56664758555169,Accurx,Accurx,Accurx
BLACKHALL AND PETERLEE PRACTICE,A83007,10258,54.7469031359025,-1.28973221592287,eConsult,eConsult,eConsult
HALLGARTH SURGERY,A83008,5388,54.6347951810276,-1.64428990569598,eConsult,eConsult,eConsult
BRIDGE END SURGERY,A83009,7571,54.8593039134216,-1.57347963618972,Accurx; eConsult,Accurx,Accurx
MOORLANDS SURGERY,A83010,13161,54.5342158665965,-1.57758474378324,eConsult,eConsult,eConsult
CLAYPATH & UNIVERSITY MEDICAL GROUP,A83011,33957,54.7787685451698,-1.56635128020217,Accurx,Accurx,Accurx
WILLIAM BROWN CENTRE,A83012,15506,54.7579940992405,-1.33142034096646,eConsult,,eConsult
NEASHAM ROAD SURGERY,A83013,13314,54.51725633131,-1.54264757903011,eConsult,eConsult,eConsult
BELMONT & SHERBURN MEDICAL GROUP,A83014,6370,54.7860506698371,-1.52858081127139,eConsult; SystmConnect,,Unknown
STATION VIEW MEDICAL CENTRE,A83015,9700,54.6566692658842,-1.67988906207831,eConsult,eConsult,eConsult
TANFIELD VIEW MEDICAL GROUP,A83016,10805,54.8699389036106,-1.70137329006151,SystmConnect,SystmConnect,SystmConnect
CONSETT MEDICAL CENTRE,A83018,16538,54.8513121969711,-1.82775948940547,Accurx,Accurx,Accurx
NORTH HOUSE SURGERY,A83020,13531,54.7165358818313,-1.74734683256254,eConsult,eConsult,eConsult
AUCKLAND MEDICAL GROUP,A83021,16086,54.6489149405454,-1.67976956211973,eConsult,,eConsult
THE MEDICAL GROUP,A83022,26653,54.7482957246891,-1.62891095641563,eConsult,eConsult,eConsult
STANLEY MEDICAL GROUP,A83023,12556,54.8703228036367,-1.69672699514439,Accurx,Accurx,Accurx
WEST RAINTON SURGERY,A83024,5507,54.8104276413451,-1.50509853435139,eConsult,,eConsult
BISHOPGATE MEDICAL CENTRE,A83025,13626,54.6586819756734,-1.67638552883756,eConsult,SystmConnect,SystmConnect
SACRISTON MEDICAL CENTRE,A83026,10699,54.8204880330647,-1.62892156357974,eConsult,eConsult,eConsult
COXHOE MEDICAL PRACTICE,A83027,7670,54.7146721769084,-1.50435555169979,eConsult,eConsult,eConsult
MIDDLE CHARE MEDICAL GROUP,A83028,9298,54.8559148894357,-1.57315711189354,eConsult,,eConsult
GREAT LUMLEY SURGERY,A83029,5287,54.8372485883043,-1.54311816570554,eConsult,eConsult,eConsult
DUNELM MEDICAL PRACTICE,A83030,14395,54.7834217058994,-1.63700150571652,eConsult,eConsult,eConsult
CARMEL MEDICAL PRACTICE,A83031,11820,54.5279170508985,-1.57927213562291,eConsult,eConsult,eConsult
WOODVIEW MEDICAL PRACTICE,A83032,2641,54.6127728003831,-1.80410150402858,eConsult,eConsult,eConsult
PELTON & FELLROSE MEDICAL GROUP,A83033,10320,54.8732171957906,-1.60334619911205,SystmConnect,SystmConnect,SystmConnect
BLACKETTS MEDICAL PRACTICE,A83034,11591,54.5273203739488,-1.55923798716849,eConsult,eConsult,eConsult
THE WEARDALE PRACTICE,A83035,7166,54.7459868893818,-2.00223621732887,SystmConnect,SystmConnect,SystmConnect
CHASTLETON MEDICAL GROUP,A83036,10226,54.7957536888011,-1.58713566533428,Accurx,Accurx,Accurx
BEWICK CRESCENT SURGERY,A83037,12899,54.6175489599535,-1.57186017316487,eConsult,eConsult,eConsult
CEDARS MEDICAL GROUP,A83038,6256,54.9051456875489,-1.73971191208437,eConsult,eConsult,eConsult
CLIFTON COURT MEDICAL PRACTICE,A83040,12251,54.5211336901449,-1.54955444541392,eConsult,eConsult,eConsult
MURTON MEDICAL CENTRE,A83041,7336,54.8169966941755,-1.38332560790872,eConsult; SystmConnect,eConsult,eConsult
OLD FORGE SURGERY,A83043,2700,54.6230414303992,-2.0797584350355,eConsult,eConsult,eConsult
THE HORDEN GROUP PRACTICE,A83044,8362,54.7646754072728,-1.31286218785185,eConsult,eConsult,eConsult
FERRYHILL AND CHILTON MEDICAL PRACTICE,A83045,14920,54.6898383202667,-1.55682814758698,eConsult,,eConsult
BARNARD CASTLE SURGERY,A83046,11025,54.5457078060807,-1.91615347274102,eConsult,eConsult,eConsult
DENMARK STREET SURGERY,A83047,14761,54.5388249740316,-1.5522518042169,Rapid Health,Patchs,Patchs
ROCKLIFFE COURT SURGERY,A83048,6290,54.4834436647543,-1.54407431274768,eConsult,eConsult,eConsult
QUEENS ROAD SURGERY,A83049,16675,54.8681278584911,-1.84261469765817,SystmConnect,SystmConnect,SystmConnect
CESTRIA HEALTH CENTRE,A83050,12584,54.8517210158188,-1.59768522367585,eConsult,eConsult,eConsult
MARLBOROUGH SURGERY,A83051,11513,54.8354163732594,-1.33509279681055,eConsult,eConsult,eConsult
BISHOPS CLOSE MEDICAL PRACTICE,A83052,8568,54.6998169953689,-1.59914220341881,eConsult,eConsult,eConsult
SKERNE MEDICAL GROUP,A83054,17097,54.6540324113536,-1.4487997408163,eConsult,eConsult,eConsult
CHEVELEY PARK MEDICAL CTR,A83055,5102,54.785599569555,-1.5258182275099,eConsult,eConsult,eConsult
EAST DURHAM MEDICAL GROUP,A83057,18148,54.7255709046802,-1.37893789036949,eConsult,,eConsult
PINFOLD MEDICAL PRACTICE,A83060,2851,54.6272108306558,-1.83818541256778,eConsult,eConsult,eConsult
GAINFORD SURGERY,A83061,3709,54.5456587475005,-1.73091690704291,eConsult,eConsult,eConsult
JUBILEE MEDICAL GROUP,A83066,13059,54.6302869688526,-1.5806333758433,eConsult,eConsult,eConsult
MIDDLETON AND DINSDALE MEDICAL PRACTICE,A83070,5926,54.5147930227643,-1.44791694904942,eConsult,eConsult,eConsult
THE NEW SEAHAM MEDICAL GROUP,A83071,4689,54.8345589178565,-1.36633742676551,eConsult,eConsult,eConsult
LANCHESTER MEDICAL CENTRE,A83072,4063,54.8198086977584,-1.73867301044987,eConsult,eConsult,eConsult
DRS LAMBERT & NG,A83073,5282,54.8576481979381,-1.73758750997385,eConsult,eConsult,eConsult
PEASE WAY MEDICAL CENTRE,A83074,11861,54.6185807576654,-1.57649509083918,eConsult,eConsult,eConsult
BYRON MEDICAL PRACTICE,A83075,8306,54.8368482018294,-1.34891051689018,eConsult,,eConsult
WINGATE MEDICAL PRACTICE INTRAHEALTH,A83610,3576,54.7251095630471,-1.3779805867104,eConsult,eConsult,eConsult
BEVAN MEDICAL GROUP,A83616,8769,54.7612104695341,-1.38743708601356,eConsult,eConsult,eConsult
BROWNEY HOUSE SURGERY,A83617,2707,54.8003559091405,-1.66974907824004,eConsult,,eConsult
OAKFIELDS HEALTH GROUP,A83618,7642,54.9036232989012,-1.81652662382184,eConsult,eConsult,eConsult
SOUTHDENE MEDICAL CENTRE,A83619,3404,54.7635007212751,-1.38716939530348,eConsult,eConsult,eConsult
THE HAVEN SURGERY,A83622,1771,54.824988600521,-1.71245992626519,eConsult,eConsult,eConsult
EVENWOOD MEDICAL PRACTICE,A83626,2324,54.6201318243017,-1.75862940728296,eConsult,eConsult,eConsult
SILVERDALE FAMILY PRACTICE,A83627,6606,54.8002628776592,-1.41023637229733,eConsult,eConsult,eConsult
WEST CORNFORTH MEDICAL CENTRE,A83634,2820,54.7027668043118,-1.52278072673101,eConsult,eConsult,eConsult
BOWBURN MEDICAL CENTRE,A83635,4604,54.7355986961056,-1.52598268010784,eConsult; SystmConnect,,Unknown
LEADGATE SURGERY,A83636,5758,54.860059406008,-1.8051585168125,SystmConnect,SystmConnect,SystmConnect
VILLAGES MEDICAL GROUP,A83637,4091,54.8583316583607,-1.61043976156309,eConsult,eConsult,eConsult
PARKGATE SURGERY,A83641,4842,54.5236137465495,-1.54840117813181,eConsult,,eConsult
ANNFIELD PLAIN SURGERY,A83644,3577,54.8567629862573,-1.73549037800752,eConsult,,eConsult
THE ROTHBURY PRACTICE,A84002,6261,55.3067751881983,-1.91391461657723,SystmConnect,,SystmConnect
BEDLINGTONSHIRE MED.GROUP,A84005,12925,55.1323214971199,-1.59923051952167,SystmConnect,SystmConnect,SystmConnect
ALNWICK MEDICAL GROUP,A84006,18898,55.4100842557036,-1.69673229905935,eConsult,eConsult,eConsult
PONTELAND MEDICAL GROUP,A84007,10934,55.0511561797194,-1.74944149946381,SystmConnect,SystmConnect,SystmConnect
BELFORD MEDICAL PRACTICE,A84008,4502,55.5957340386586,-1.82716842915016,eConsult,eConsult,eConsult
RAILWAY MEDICAL GROUP,A84009,26818,55.1283394735483,-1.51461085921119,eConsult,eConsult,eConsult
WHITE MEDICAL GROUP,A84011,8724,55.0511561797194,-1.74944149946381,eConsult,eConsult,eConsult
THE GABLES MEDICAL GROUP,A84013,6314,55.1402896915201,-1.56697639783521,Klinik,Klinik,Klinik
MARINE MEDICAL GROUP,A84014,14126,55.1278727711818,-1.51493565265619,eConsult,eConsult,eConsult
PRUDHOE MEDICAL GROUP,A84016,6783,54.9616280479537,-1.85535300023194,eConsult,eConsult,eConsult
CORBRIDGE HEALTH CENTRE,A84018,7333,54.9738624113046,-2.01270150295207,eConsult,eConsult,eConsult
GUIDEPOST MEDICAL GROUP,A84020,8123,55.1572212915034,-1.60459944277103,eConsult,eConsult,eConsult
COQUET MEDICAL GROUP,A84022,12359,55.3325990097699,-1.58050428404659,SystmConnect,SystmConnect,SystmConnect
BURN BRAE MEDICAL GROUP,A84024,10422,54.969447167339,-2.09340015869844,eConsult,eConsult,eConsult
CRAMLINGTON MEDICAL GROUP,A84025,5537,55.0844275715584,-1.5916572932952,SystmConnect,,SystmConnect
WELL CLOSE MEDICAL GROUP,A84026,9213,55.772610999777,-2.00596763709117,eConsult,eConsult,eConsult
BELLINGHAM PRACTICE,A84027,3445,55.1438395489921,-2.25799783886764,eConsult,eConsult,eConsult
SEATON PARK MEDICAL GROUP,A84028,20056,55.1708926961456,-1.56100896087438,Klinik,Klinik,Klinik
NORTHUMBERLAND HEALTH,A84029,4775,55.2394740831559,-1.62018662886292,SystmConnect,SystmConnect,SystmConnect
VILLAGE MEDICAL GROUP,A84030,11905,55.0845828914283,-1.58708143519385,SystmConnect,SystmConnect,SystmConnect
GREYSTOKE SURGERY,A84031,11112,55.1716895428382,-1.68343142164472,Accurx,Accurx,Accurx
THE SELE MEDICAL PRACTICE,A84033,5902,54.969447167339,-2.09340015869844,eConsult,eConsult,eConsult
HALTWHISTLE MEDICAL GROUP,A84034,5623,54.9703260099784,-2.46403085686086,eConsult,eConsult,eConsult
RIVERSDALE SURGERY,A84035,5961,54.9607164976598,-1.84484603736146,eConsult,SystmConnect,SystmConnect
VALENS MEDICAL PARTNERSHIP,A84036,49252,55.169758914852,-1.68920120440881,SystmConnect,SystmConnect,SystmConnect
NETHERFIELD HOUSE,A84037,5988,55.063624892983,-1.54842034270572,eConsult,eConsult,eConsult
FORUM FAMILY PRACTICE,A84038,9317,55.0844087600087,-1.59140684063648,eConsult,eConsult,eConsult
GAS HOUSE LANE SURGERY,A84039,7285,55.1717135639801,-1.68351176949546,eConsult,eConsult,eConsult
HUMSHAUGH & WARK MED GRP,A84040,3317,55.0365663075161,-2.12556400258609,eConsult,eConsult,eConsult
SCOTS GAP MEDICAL GROUP,A84042,2184,55.1729337327072,-1.93885126747382,eConsult,,eConsult
UNION BRAE & NORHAM PRAC,A84044,7059,55.7667163987907,-2.01176797142817,eConsult,eConsult,eConsult
HAYDON BRIDGE & ALLENDALE MEDICAL PRACT,A84045,5248,54.9756813435356,-2.25005917085519,SystmConnect,,SystmConnect
BRANCH END SURGERY,A84047,5415,54.9471313115838,-1.89779076200028,eConsult,eConsult,eConsult
WOOLER HEALTH,A84604,4923,55.5465965040651,-2.01886414530109,eConsult,eConsult,eConsult
THE ADDERLANE SURGERY,A84614,2203,54.9622987402445,-1.84537094913429,,eConsult,eConsult
ELSDON AVENUE SURGERY,A84619,4362,55.0704908612685,-1.52493157789456,SystmConnect,SystmConnect,SystmConnect
FELL TOWER MEDICAL CENTRE,A85001,7396,54.9338873027188,-1.59881687758415,eConsult,eConsult,eConsult
BENSHAM FAMILY PRACTICE,A85002,3711,54.9527870141125,-1.61599156231906,eConsult,eConsult,eConsult
LONGRIGG MEDICAL CENTRE,A85004,9945,54.9434540632963,-1.54419447761255,eConsult,,eConsult
OXFORD TCE & RAWLING RD MEDICAL GROUP,A85005,17976,54.9543016229501,-1.60628046329571,eConsult,eConsult,eConsult
GLENPARK & TEAMS MEDICAL SERVICES,A85006,14574,54.9530320833059,-1.64031599472568,eConsult,eConsult,eConsult
FELL COTTAGE SURGERY,A85007,8814,54.9379271747511,-1.59490583853388,eConsult,eConsult,eConsult
BIRTLEY MEDICAL GROUP,A85008,15267,54.8918810635328,-1.57644090524278,eConsult,eConsult,eConsult
CROWHALL MEDICAL CENTRE,A85009,6510,54.9479806062474,-1.5681236153207,eConsult,eConsult,eConsult
CHAINBRIDGE MEDICAL PARTNERSHIP,A85010,11533,54.9638260984671,-1.71178250366211,eConsult,eConsult,eConsult
ST. ALBANS MEDICAL GROUP,A85011,7086,54.9479895922238,-1.56812351904501,eConsult,eConsult,eConsult
MILLENNIUM FAMILY PRACTICE,A85013,3709,54.9630549156764,-1.60371166624311,eConsult,,eConsult
CRAWCROOK MEDICAL CENTRE,A85014,20026,54.9664071052715,-1.78693937843117,,,Unknown
WREKENTON MEDICAL GROUP,A85016,12302,54.9263756869773,-1.57041463835462,eConsult,eConsult,eConsult
BEWICK ROAD SURGERY,A85017,8678,54.9563983429091,-1.60165343008681,eConsult,,eConsult
OLDWELL SURGERY,A85018,4727,54.9551823456561,-1.72385215522243,eConsult,eConsult,eConsult
CENTRAL GATESHEAD MEDICAL GROUP,A85019,10491,54.9564788917385,-1.60430726065591,eConsult,,eConsult
WHICKHAM COTTAGE MEDICAL CENTRE,A85020,15629,54.9453804211154,-1.67722649376151,eConsult,eConsult,eConsult
SECOND STREET SURGERY,A85021,4283,54.9546437650983,-1.61491206944325,eConsult,,eConsult
CHOPWELL PRIMARY HEALTHCARE CENTRE,A85024,2567,54.9193180171928,-1.81366275857616,eConsult,eConsult,eConsult
BEACON VIEW MEDICAL CENTRE,A85026,5818,54.9338036946955,-1.58461563696325,eConsult,eConsult,eConsult
PELAW MEDICAL PRACTICE,A85611,5694,54.9545138311435,-1.54116505179014,eConsult,,eConsult
THE BRIDGES MEDICAL PRACTICE,A85614,8378,54.9630549156764,-1.60371166624311,eConsult,eConsult,eConsult
HOLLYHURST MEDICAL CENTRE,A85616,5084,54.9551727924844,-1.72360238258941,eConsult,eConsult,eConsult
SUNNISIDE SURGERY,A85617,3933,54.9229717794205,-1.67504978072806,eConsult,eConsult,eConsult
SAVILLE MEDICAL GROUP,A86003,42186,54.9761662839108,-1.60939443797902,eConsult,eConsult,eConsult
PROSPECT MEDICAL CENTRE,A86004,14064,54.9741849981073,-1.64618856196215,eConsult,eConsult,eConsult
WEST FARM SURGERY,A86005,5961,55.0123479726596,-1.58322614677318,SystmConnect,,SystmConnect
ROSEWORTH SURGERY,A86006,5733,55.0013661515099,-1.61867023654743,eConsult,eConsult,eConsult
PARK MEDICAL GROUP,A86008,13261,55.0145298680144,-1.64506743927083,eConsult,eConsult,eConsult
BIDDLESTONE HEALTH GROUP,A86010,10742,54.9895567102232,-1.57738277519992,SystmConnect,SystmConnect,SystmConnect
WALKER MEDICAL GROUP,A86011,10785,54.9724387810594,-1.54522556493789,SystmConnect,SystmConnect,SystmConnect
WEST ROAD MEDICAL CENTRE,A86012,12382,54.9762996856773,-1.65662184622454,eConsult,eConsult,eConsult
DENTON PARK MEDICAL GROUP,A86013,7531,54.9931075595937,-1.69872534754692,eConsult,,eConsult
LANE END SURGERY,A86016,9397,55.0084925746761,-1.57791870071739,eConsult,eConsult,eConsult
CRUDDAS PARK SURGERY,A86017,11753,54.9677460329465,-1.63243721205108,eConsult,,eConsult
THE GROVE MEDICAL GROUP,A86018,13133,55.0021762084191,-1.61908465460581,SystmConnect,SystmConnect,SystmConnect
JESMOND HEALTH PARTNERSHIP,A86020,27312,54.9963849076755,-1.6092607246444,Evergreen Health,askmyGP,askmyGP
HOLMSIDE MEDICAL GROUP,A86021,9994,54.9689209762587,-1.65946514721616,eConsult,eConsult,eConsult
PARKWAY MEDICAL GROUP,A86022,8495,54.9958781276755,-1.71655532491279,eConsult; SystmConnect,SystmConnect,SystmConnect
BENFIELD PARK MEDICAL GROUP,A86023,10385,54.989366157086,-1.56161588273482,SystmConnect,SystmConnect,SystmConnect
HEATON ROAD SURGERY,A86024,6941,54.9781433227381,-1.57973679169427,eConsult,eConsult,eConsult
WESTERHOPE MEDICAL GROUP,A86025,13687,54.997966914022,-1.68716855056625,,Archvale,Archvale
THROCKLEY PRIMARY CARE CENTRE,A86026,7689,54.9929957957382,-1.75732140268679,eConsult,eConsult,eConsult
NEWCASTLE MEDICAL CENTRE,A86027,22083,54.9749253236695,-1.61476502709003,eConsult,eConsult,eConsult
REGENT MEDICAL CENTRE,A86028,7964,55.0098160877286,-1.62248352945044,eConsult; SystmConnect,SystmConnect,SystmConnect
THORNFIELD MEDICAL GROUP,A86029,20145,54.9775001838444,-1.58347754994773,SystmConnect,SystmConnect,SystmConnect
BETTS AVENUE MEDICAL GROUP,A86030,10553,54.9730402915133,-1.67391176633526,eConsult,eConsult,eConsult
FENHAM HALL SURGERY,A86031,10900,54.9844200362834,-1.66189677510936,eConsult,eConsult,eConsult
BRUNTON PARK,A86033,7971,55.0269670077535,-1.62710916810409,eConsult,eConsult,eConsult
ELSWICK FAMILY PRACTICE,A86037,8513,54.9693156095062,-1.64045178120882,eConsult,eConsult,eConsult
NEWBURN SURGERY,A86038,6275,54.9859043902957,-1.74353442388237,eConsult,eConsult,eConsult
ST. ANTHONY'S HEALTH CENTRE,A86040,6603,54.9663604724684,-1.5564307676622,Accurx,Accurx,Accurx
SWARLAND AVENUE SURGERY,A86041,6694,55.0063652990791,-1.57862895689127,eConsult,eConsult,eConsult
DENTON TURRET MEDICAL CENTRE,A86601,8991,54.9836227918495,-1.68634244617743,eConsult,eConsult,eConsult
SPRING TERRACE HEALTH CENTRE,A87002,21417,55.0109414396806,-1.45067305210053,SystmConnect,SystmConnect,SystmConnect
COLLINGWOOD HEALTH GROUP,A87004,24399,55.0111145253476,-1.45720686437012,eConsult,eConsult,eConsult
WHITLEY BAY HEALTH CENTRE,A87005,13804,55.0414099748391,-1.43995963332303,eConsult,eConsult,eConsult
STEPHENSON PARK HEALTH GROUP,A87007,17676,55.0209648176768,-1.56749629395725,eConsult,,eConsult
MARINE AVENUE MEDICAL CTR,A87008,9216,55.043404853688,-1.45781904213658,eConsult,eConsult,eConsult
PRIORY MEDICAL GROUP,A87009,15446,55.0098710093149,-1.45043749454277,eConsult,eConsult,eConsult
BEAUMONT PARK SURGERY,A87011,6231,55.0475734227489,-1.47397717172956,eConsult,,eConsult
WIDEOPEN MEDICAL CENTRE,A87012,7395,55.0485352018832,-1.6246395166528,eConsult,eConsult,eConsult
BEWICKE MEDICAL CENTRE,A87013,9345,54.9964514135263,-1.50063882626316,eConsult,eConsult,eConsult
THE VILLAGE GREEN SURGERY,A87016,12860,54.9963086076213,-1.52927795680874,eConsult,eConsult,eConsult
WOODLANDS PARK HEALTH CTR,A87017,6891,55.0454402185976,-1.62928519749794,eConsult,Patchs,Patchs
BRIDGE AND MONKSEATON MEDICAL PRACTICE,A87020,13306,55.0367565391348,-1.47281575951948,eConsult,,eConsult
NORTHUMBERLAND PARK MEDICAL GROUP,A87022,9644,55.0375104878126,-1.50626438915067,eConsult,,eConsult
HADRIAN HEALTH CENTRE,A87029,21253,54.9914021674247,-1.53790132340699,eConsult,eConsult,eConsult
REDBURN PARK MEDICAL CENTRE,A87030,6304,55.0009202702489,-1.4747750188362,eConsult,eConsult,eConsult
WELLSPRING MEDICAL PRACT.,A87612,6560,55.037289497954,-1.56406601811167,eConsult,eConsult,eConsult
MALLARD MEDICAL PRACTICE,A87615,5593,55.037289497954,-1.56406601811167,eConsult,eConsult,eConsult
VICTORIA MEDICAL CENTRE,A88001,3636,54.9746627736571,-1.52061054603313,eConsult,,eConsult
FARNHAM MEDICAL CTR.,A88002,16548,54.9757422044526,-1.43693643188074,eConsult,eConsult,eConsult
MARSDEN MEDICAL GROUP,A88003,22599,54.9804639259056,-1.40013623664678,eConsult,eConsult,eConsult
MAYFIELD MEDICAL GROUP,A88004,8981,54.9778811467096,-1.49644904248321,eConsult,,eConsult
WENLOCK ROAD SURGERY,A88005,4453,54.9720356308416,-1.45476034080375,eConsult,eConsult,eConsult
TALBOT MEDICAL CENTRE,A88006,7733,54.9730545261417,-1.44066815274324,eConsult,eConsult,eConsult
TRINITY MEDICAL CENTRE,A88008,6305,54.9876933208234,-1.43678486009078,eConsult,eConsult,eConsult
DR THORNILEY-WALKER & PARTNERS,A88009,5869,54.9498801135633,-1.45885939509089,eConsult,eConsult,eConsult
ALBERT ROAD SURGERY,A88010,3633,54.9781042814699,-1.49175907504259,eConsult,eConsult,eConsult
ELLISON VIEW SURGERY,A88012,6044,54.9746627736571,-1.52061054603313,eConsult,eConsult,eConsult
CENTRAL SURGERY,A88013,19363,54.9712944344794,-1.41529511987003,eConsult,eConsult,eConsult
WEST VIEW SURGERY,A88014,2812,54.985333276767,-1.43170792910228,eConsult,,eConsult
ST GEORGE & RIVERSIDE MEDICAL PRACTICE,A88015,7364,54.9874509228091,-1.43683513525226,eConsult,,eConsult
COLLIERY COURT MEDICAL GROUP,A88016,8366,54.9498801135633,-1.45885939509089,eConsult; Silicon Health FootFall,Silicon Health FootFall,Silicon Health FootFall
THE GLEN MEDICAL GROUP,A88022,11163,54.9746627736571,-1.52061054603313,eConsult,eConsult,eConsult
WHITBURN SURGERY,A88023,5299,54.9527945433092,-1.3646667777715,eConsult,eConsult,eConsult
THE G.P.SUITE,A88025,4279,54.9806573013348,-1.49197684222871,eConsult,,eConsult
IMEARY MEDICAL GROUP,A88601,4482,54.985333276767,-1.43170792910228,eConsult,,eConsult
RAVENSWORTH SURGERY,A88608,6014,54.9874059816616,-1.42150509684322,eConsult,eConsult,eConsult
EAST WING PRACTICE,A88613,4154,54.9806573013348,-1.49197684222871,eConsult,,eConsult
DEERNESS PARK MEDICAL GROUP,A89001,13650,54.8999422689703,-1.37274986409617,eConsult,eConsult,eConsult
RIVERVIEW SURGERY,A89002,6789,54.9055164164089,-1.37324029633736,eConsult,,eConsult
HETTON GROUP PRACTICE,A89004,11896,54.8253469304057,-1.44911601874288,eConsult,eConsult,eConsult
VILLETTE SURGERY,A89005,5860,54.8974634097865,-1.36842301268457,eConsult,eConsult,eConsult
WEARSIDE MEDICAL PRACTICE - PALLION,A89006,7941,54.9041779713756,-1.41033409214588,eConsult,eConsult,eConsult
PALLION FAMILY PRACTICE,A89007,10012,54.9041779713756,-1.41033409214588,eConsult,eConsult,eConsult
RED HOUSE MEDICAL CENTRE,A89008,5419,54.92629818925,-1.42330247593136,eConsult,eConsult,eConsult
HERRINGTON MEDICAL CENTRE,A89009,9849,54.8656849292804,-1.48332646939364,eConsult,eConsult,eConsult
THE STEPHENSON MEDICAL PRACTICE,A89010,12117,54.9134105717813,-1.52486372214155,eConsult,eConsult,eConsult
VILLAGE SURGERY PARTNERSHIP,A89011,4858,54.8709540689349,-1.40721653179392,eConsult,,eConsult
GALLERIES MEDICAL PRACTICE,A89012,11676,54.8988144583516,-1.53124156768464,eConsult,,eConsult
THE NEW CITY MEDICAL GROUP,A89013,5595,54.9044283262482,-1.37659462548968,eConsult,,eConsult
"FULWELL MEDICAL CENTRE,",A89015,9168,54.9304858297152,-1.38301151050132,eConsult,eConsult,eConsult
ST BEDE MEDICAL CENTRE,A89016,9291,54.9138362154468,-1.37816519522923,eConsult,eConsult,eConsult
MILLFIELD MEDICAL GROUP,A89017,14279,54.9065335759417,-1.40029966271442,eConsult,eConsult,eConsult
ASHBURN MEDICAL CENTRE,A89018,5173,54.9055164164089,-1.37324029633736,eConsult,eConsult,eConsult
BRIDGE VIEW MEDICAL GROUP,A89019,14695,54.9194546116175,-1.40182375536269,eConsult,eConsult,eConsult
FORGE MEDICAL PRACTICE,A89020,8521,54.9094099890911,-1.41148704003341,eConsult,,eConsult
KEPIER MEDICAL PRACTICE,A89021,8519,54.8454128662721,-1.47945863511709,eConsult,eConsult,eConsult
CONCORD MEDICAL PRACTICE,A89022,5209,54.9134105717813,-1.52486372214155,eConsult,eConsult,eConsult
"HOUGHTON MEDICAL GROUP,",A89023,8415,54.8413140103381,-1.46884519427858,eConsult,eConsult,eConsult
THE BROADWAY MEDICAL PRACTICE,A89024,7988,54.8902392457688,-1.42218050883208,eConsult,eConsult,eConsult
SUNDERLAND GP ALLIANCE MEDICAL PRACTICE,A89025,9861,54.8988048433272,-1.53124167929858,Klinik,Klinik,Klinik
NEW WASHINGTON MEDICAL GROUP,A89026,7162,54.9134105717813,-1.52486372214155,eConsult,eConsult,eConsult
SPRINGWELL MEDICAL GROUP,A89027,6369,54.8902392457688,-1.42218050883208,eConsult,eConsult,eConsult
GRANGEWOOD SURGERY,A89028,7529,54.8664234753832,-1.49874193456542,eConsult,eConsult,eConsult
WESTBOURNE MEDICAL GROUP,A89030,6609,54.8670851801977,-1.49577334754711,eConsult,eConsult,eConsult
HYLTON MEDICAL GROUP,A89031,7396,54.9041779713756,-1.41033409214588,eConsult,,eConsult
NEW SILKSWORTH MEDICAL PRACTICE,A89032,9188,54.8709540689349,-1.40721653179392,,Klinik,Klinik
PARK LANE PRACTICE,A89034,4112,54.901430074753,-1.38428214384299,eConsult,eConsult,eConsult
SOUTHLANDS MEDICAL GROUP,A89035,10845,54.8712980154012,-1.36845735350698,eConsult,Patchs,Patchs
CASTLETOWN MEDICAL CENTRE,A89036,2307,54.9142792069985,-1.44955618091705,eConsult,,eConsult
MONKWEARMOUTH HEALTH CENTRE,A89040,4484,54.91313509392,-1.38165454284411,eConsult,eConsult,eConsult
HAPPY HOUSE SURGERY,A89041,8094,54.8850119903991,-1.42278526878616,eConsult,eConsult,eConsult
SUNDERLAND GP ALLIANCE SOUTH HYLTON SURG,A89614,4533,54.9042236602581,-1.4496153214408,,Klinik,Klinik
RICKLETON MEDICAL CENTRE,A89616,2955,54.8802822743408,-1.54726079513272,eConsult,eConsult,eConsult
I J HEALTHCARE,A89617,3560,54.8810582079665,-1.5314787466238,eConsult,eConsult,eConsult
CHESTER SURGERY,A89623,3106,54.9010221436158,-1.407071421002,eConsult,eConsult,eConsult
BEACON MEDICAL,B81003,12725,53.556839138514,-0.0368374157747421,Accurx,Accurx,Accurx
"EASTGATE MEDICAL GROUP, HORNSEA",B81004,12432,53.9152773881628,-0.16824951302998,Accurx,Accurx,Accurx
THE CENTRAL SURGERY BARTON,B81005,16895,53.6842745105264,-0.438974278802225,Accurx,Accurx,Accurx
HUMBER PRIMARY CARE,B81006,11529,54.0862021712644,-0.18768353940124,Accurx,,Accurx
WINTERTON MEDICAL PRACTICE,B81007,9956,53.6525106465408,-0.60687592310191,Accurx,Accurx,Accurx
HULL FAMILY PRACTICE,B81008,38024,53.7551074815331,-0.308390508736896,Accurx,Accurx,Accurx
MARKET WEIGHTON GROUP PRACTICE,B81009,8572,53.8644850001003,-0.675222625118444,Accurx,Accurx,Accurx
KINGSTON HEALTH (HULL),B81011,10632,53.74292223832,-0.384926507051466,Accurx,Accurx,Accurx
DR AP KUMAR,B81012,3204,53.5733292038398,-0.0581256085131179,Accurx; SystmConnect,,Unknown
MONTAGUE MEDICAL PRACTICE,B81013,8990,53.7071195611081,-0.871836578545835,Engage GP,eConsult,eConsult
CLEE MEDICAL CENTRE,B81015,17089,53.5662235718974,-0.0414381321886687,Accurx,Accurx,Accurx
PELHAM MEDICAL GROUP,B81016,10123,53.563144008466,-0.0913753714285564,Accurx,Accurx,Accurx
THE QUAYS MEDICAL PRACTICE,B81017,16193,53.7460972029501,-0.341615050696558,SystmConnect,SystmConnect,SystmConnect
ORCHARD 2000 GROUP,B81018,9290,53.7872145955339,-0.373191933944087,Accurx,Accurx,Accurx
THE SUTTON MANOR SURGERY,B81020,8722,53.7850502332182,-0.314760563753814,Klinik,Klinik,Klinik
CAMBRIDGE AVENUE & MESSINGHAM MC,B81022,12706,53.5586984873453,-0.650556193788301,Accurx,Accurx,Accurx
WILLERBY AND SWANLAND SURGERY,B81024,11397,53.7400705028504,-0.433514777213663,Accurx,,Accurx
HOLDERNESS HEALTH,B81025,33586,53.728711283659,0.0349436138186921,Rapid Health; SystmConnect,Rapid Health,Rapid Health
ANCORA MEDICAL PRACTICE,B81026,20271,53.5710320961364,-0.655403831042862,Accurx,Accurx,Accurx
ST ANDREWS SURGERY,B81027,7879,53.7355697134551,-0.360902261578362,Accurx,Accurx,Accurx
THE SNAITH AND RAWCLIFFE MEDICAL GROUP,B81029,11922,53.688736751709,-1.02424465312755,Accurx,,Accurx
SLC MEDICAL GROUP,B81030,24801,53.5363992215686,-0.0946010268034252,Accurx,Accurx,Accurx
WOODFIELD MEDICAL,B81031,21135,53.5642790343172,-0.113853149166383,Accurx,Accurx,Accurx
WILBERFORCE SURGERY,B81032,5880,53.7462207086472,-0.342095467301503,Accurx,Accurx,Accurx
LEVEN & BEEFORD MEDICAL PRACTICE,B81034,11488,53.8905127021369,-0.313670431477437,Accurx,Accurx,Accurx
THE AVENUES MEDICAL CENTRE,B81035,6913,53.7557478258781,-0.37415033760781,Engage GP,,Engage GP
POCKLINGTON GROUP PRACTICE,B81036,19101,53.9260519814492,-0.78327195879222,Accurx,Accurx,Accurx
THE PARK SURGERY,B81037,14610,54.0091609484999,-0.439734796711392,Accurx,Accurx,Accurx
THE OAKS MEDICAL CENTRE,B81038,8140,53.731939320162,-0.395095261068382,Accurx,,Accurx
THE ROXTON PRACTICE,B81039,34786,53.6179215988222,-0.2058993824675,Evergreen Health,askmyGP,askmyGP
DR JAD WEIR & PARTNERS,B81040,16011,53.7561182067461,-0.264648838860922,eConsult,eConsult,eConsult
GILBERDYKE HEALTH CENTRE,B81041,6191,53.7535183729948,-0.731530073099785,SystmConnect,SystmConnect,SystmConnect
MANOR ROAD SURGERY,B81042,13651,53.845412061136,-0.432683958495916,Accurx,Accurx,Accurx
SOUTH AXHOLME PRACTICE,B81043,14956,53.5259044798657,-0.822214434039558,Accurx,Accurx,Accurx
ASHBY TURN PRIMARY CARE PARTNERS,B81045,12339,53.5659664475159,-0.654175314506351,Accurx,Accurx,Accurx
THE BRIDGE GROUP PRACTICE,B81046,8983,53.7878232008965,-0.374322063108077,Accurx,Accurx,Accurx
WOLSELEY MEDICAL CENTRE,B81047,7584,53.7462694553244,-0.356075691352046,Accurx,Accurx,Accurx
MODALITY PARTNERSHIP (HULL),B81048,56025,53.764679110284,-0.35606968516558,Rapid Health,Patchs,Patchs
OLD FIRE STATION SURGERY,B81051,10974,53.8408705431269,-0.43517978286812,Engage GP,,Engage GP
CLIFTON HOUSE MEDICAL CENTRE,B81054,8093,53.7593512643289,-0.349724461286771,Engage GP,Engage GP,Engage GP
THE RIDINGS MEDICAL GROUP,B81061,48736,53.7656343430486,-0.625916368044686,Accurx,Accurx,Accurx
BRIDGE STREET SURGERY,B81063,7366,53.5516841249607,-0.495121217766551,Accurx,Accurx,Accurx
CHURCH LANE MEDICAL CENTRE,B81064,10864,53.5855312734814,-0.659400192536762,Accurx,Accurx,Accurx
BARTHOLOMEW MEDICAL GROUP,B81068,17567,53.7167034027573,-0.872859878105321,Accurx,Accurx,Accurx
DRS REDDY AND NUNN,B81069,30375,54.0846962027353,-0.201053453917666,Accurx,Accurx,Accurx
CITY HEALTH PRACTICE LTD,B81074,11463,53.7574388253403,-0.306066956123422,SystmConnect,SystmConnect,SystmConnect
HASTINGS MEDICAL CENTRE,B81075,4028,53.7498692463692,-0.392834644060694,Accurx,Accurx,Accurx
NORTH BEVERLEY MEDICAL CENTRE,B81082,6736,53.8571438990866,-0.439815339917733,Accurx,Accurx,Accurx
HAXBY GROUP HULL,B81085,38687,53.7602777344779,-0.304041259934744,Klinik,,Klinik
BIRKWOOD MEDICAL CENTRE,B81087,7836,53.557415056494,-0.105206644289603,Engage GP,Engage GP,Engage GP
HOWDEN MEDICAL PRACTICE,B81088,8281,53.7433756501308,-0.87047157768004,SystmConnect,SystmConnect,SystmConnect
THE OSWALD ROAD MEDICAL SURGERY,B81090,4806,53.587838962937,-0.653415113771693,Engage GP,Accurx,Accurx
LITTLEFIELD SURGERY,B81091,5193,53.5642745425996,-0.113853349032652,Accurx,Accurx,Accurx
"THE MEDICAL CENTRE, DRIFFIELD",B81092,12518,54.006516395383,-0.439589571723121,Accurx,Accurx,Accurx
DELTA HEALTHCARE,B81097,2513,53.7638211292668,-0.294021843984213,Accurx,Accurx,Accurx
THE KIRTON LINDSEY AND SCOTTER SURGERY,B81099,10647,53.4738415616825,-0.594427566077138,SystmConnect,SystmConnect,SystmConnect
DR AC MILNER,B81100,4221,53.749262523624,-0.436861488815156,Accurx,,Accurx
GREENGATES MEDICAL GROUP,B81101,23928,53.845194539298,-0.417610817870002,Accurx; SystmConnect,SystmConnect,SystmConnect
CAMPUS HEALTH CENTRE,B81104,7425,53.7685802803553,-0.367903963175707,Accurx,Accurx,Accurx
DR A SINHA,B81108,4443,53.5678289803569,-0.109422616128484,Engage GP,Engage GP,Engage GP
RIVERSIDE SURGERY,B81109,22441,53.5538548791442,-0.495466876795453,SystmConnect,SystmConnect,SystmConnect
JAMES ALEXANDER FAMILY PRACTICE,B81112,21435,53.7874080755106,-0.321360410224776,eConsult,eConsult,eConsult
CEDAR MEDICAL PRACTICE,B81113,10047,53.5717353653895,-0.655592947818125,Accurx,Accurx,Accurx
WEST COMMON LANE TEACHING PRACTICE,B81118,7708,53.5747307552719,-0.682441478288436,Accurx,Accurx,Accurx
GOODHEART SURGERY,B81119,6368,53.7874080755106,-0.321360410224776,Accurx,Accurx,Accurx
STIRLING MEDICAL CENTRE (MATHEWS),B81606,4309,53.57332697766,-0.0581269188327729,Accurx,Accurx,Accurx
DR GT HENDOW'S PRACTICE,B81616,2883,53.7874080755106,-0.321360410224776,eConsult,,eConsult
CHERRY TREE MEDICAL PRACTICE,B81617,16251,53.5918428154404,-0.652310725080294,Accurx; SystmConnect,,Unknown
PARK VIEW SURGERY,B81619,2456,53.7303113651813,-0.435814025104711,Accurx,,Accurx
BARNETBY MEDICAL CENTRE,B81628,2867,53.5741975385939,-0.403234964843633,Engage GP,,Engage GP
DRS RAUT AND THOUFEEQ,B81631,4698,53.8055935608682,-0.326541533187344,Accurx,,Accurx
LAURBEL SURGERY,B81635,3722,53.778508208683,-0.259536365519559,Accurx,Accurx,Accurx
DR OZ QURESHI,B81642,4356,53.5479433627651,-0.0363540840701074,Accurx,Accurx,Accurx
East Park Practice,B81645,2028,53.7460972029501,-0.341615050696558,,,Unknown
WEST TOWN SURGERY,B81647,3090,53.6856027561445,-0.442953189852898,SystmConnect,SystmConnect,SystmConnect
THE KILLINGHOLME SURGERY,B81648,1627,53.6293300575305,-0.259526599545639,SystmConnect,SystmConnect,SystmConnect
KING STREET MEDICAL CENTRE,B81653,7459,53.783845951855,-0.4132185500638,Accurx,,Accurx
GREENLANDS SURGERY,B81655,3259,53.5733269164021,-0.0581231457057424,Accurx,Accurx,Accurx
RAJ MEDICAL CENTRE,B81656,6836,53.5506847317485,-0.113357036604574,Accurx,Accurx,Accurx
CORE CARE FAMILY PRACTICE,B81663,2939,53.5678289803569,-0.109422616128484,Accurx,Accurx,Accurx
HEALING PARTNERSHIP,B81665,2355,53.5779617856493,-0.171385084644325,Engage GP,,Engage GP
DR MITCHELL,B81666,2697,53.7206992050769,-0.503870549167136,,,Unknown
DR P SURESH BABU,B81697,2981,53.5585173280509,-0.0666552915329886,Accurx,,Accurx
MILLFIELD SURGERY,B82002,8068,54.1246698555974,-1.19120999158778,Accurx,Accurx,Accurx
NIDDERDALE GROUP PRACTICE,B82004,11089,54.0868207381018,-1.76067676012096,Accurx,Accurx,Accurx
PRIORY MEDICAL GROUP,B82005,57930,53.9493136135003,-1.12923239321965,Klinik,Klinik,Klinik
TOWNHEAD SURGERY,B82007,9569,54.0705344221949,-2.27690286687443,Patchs; SystmConnect,Patchs,Patchs
NORTH HOUSE SURGERY,B82008,8753,54.1390456010442,-1.52400039924547,Accurx,Accurx,Accurx
RIPON SPA SURGERY,B82010,7662,54.1361612929801,-1.52707416351777,Accurx,Accurx,Accurx
SHERBURN SURGERY,B82011,5818,54.181646310514,-0.53084452737907,Accurx,,Accurx
THE LEEDS ROAD PRACTICE,B82012,15714,53.9797185450421,-1.53475283905565,Accurx,Accurx,Accurx
MOSS HEALTHCARE HARROGATE,B82013,20483,53.9955384567059,-1.54215767547,Accurx,Accurx,Accurx
KINGSWOOD SURGERY,B82014,6787,53.9917690734499,-1.51766684433373,Accurx,Accurx,Accurx
STRAYSIDE HEALTH,B82016,15701,53.9962307311166,-1.53055707517413,eConsult,eConsult,eConsult
WHITBY GROUP PRACTICE,B82017,13297,54.4859193778211,-0.623169670749336,Accurx,,Accurx
ESCRICK SURGERY,B82018,6865,53.8798740849122,-1.04771496115823,Accurx,Accurx,Accurx
TOPCLIFFE SURGERY,B82019,4352,54.1780616937012,-1.38557015498824,Accurx,Accurx,Accurx
DALTON TERRACE SURGERY,B82021,10012,53.9522579300506,-1.09690211267174,SystmConnect,SystmConnect,SystmConnect
GREAT AYTON SURGERY,B82022,5675,54.4897601840791,-1.13268080466596,Accurx,Accurx,Accurx
CATTERICK VILLAGE SURGERY,B82023,6060,54.3777789125699,-1.63275062418211,Accurx,,Accurx
EASTFIELD MEDICAL CENTRE,B82024,8822,54.2388930008763,-0.397551299202381,Accurx,,Accurx
DERWENT PRACTICE,B82025,21048,54.1325827559483,-0.797727687323987,Accurx,Accurx,Accurx
HAXBY GROUP PRACTICE,B82026,31794,54.0193208556452,-1.08191234333874,Klinik,Klinik,Klinik
THE SPA SURGERY,B82027,14024,53.9962307311166,-1.53055707517413,eConsult,eConsult,eConsult
DOCTORS LANE SURGERY,B82029,3226,54.4965531040635,-1.68415116271725,Accurx,Accurx,Accurx
MASHAM & KIRKBY MALZEARD SURGERY,B82030,5865,54.1642074311028,-1.64924543891306,Accurx,,Accurx
SHERBURN GROUP PRACTICE,B82031,11244,53.7980513175414,-1.252936178485,Accurx,Accurx,Accurx
CHURCH LANE SURGERY,B82032,12381,54.0935487310944,-1.39364129174482,Accurx,Accurx,Accurx
PICKERING MEDICAL PRACTICE,B82033,10865,54.2447988172328,-0.780824524534317,Engage GP,Engage GP,Engage GP
QUAKERS LANE SURGERY,B82034,6317,54.4060915932989,-1.74167725869118,Accurx,Accurx,Accurx
SCORTON MEDICAL CENTRE,B82035,3636,54.3984781001505,-1.6157091074011,Accurx,,Accurx
PARK STREET,B82036,7765,54.1363708640893,-1.52718396614478,Accurx,Accurx,Accurx
FILEY SURGERY,B82037,8776,54.2097498406061,-0.29201360902961,Accurx,Accurx,Accurx
HAXBY GROUP SCARBOROUGH,B82038,24197,54.2779699213726,-0.409428860252799,Klinik,Klinik,Klinik
BEECH TREE SURGERY,B82041,15811,53.7747973980432,-1.0806549882913,Anima,Anima,Anima
LAMBERT MEDICAL CENTRE,B82042,8585,54.2311559894813,-1.34361094621669,Accurx,Accurx,Accurx
STOKESLEY SURGERY,B82044,9506,54.4709451325318,-1.1947043306762,Accurx,Accurx,Accurx
CENTRAL DALES PRACTICE,B82045,4110,54.3040988549748,-2.1942405726031,Accurx,Accurx,Accurx
STAITHES SURGERY,B82046,3082,54.5525785426173,-0.793852045724585,Accurx,,Accurx
UNITY HEALTH,B82047,16610,53.9505905873754,-1.02905065926436,Accurx,Accurx,Accurx
THIRSK DOCTORS SURGERY,B82049,8211,54.2309357963141,-1.34278604982518,Accurx,Accurx,Accurx
MOWBRAY HOUSE SURGERY,B82050,21831,54.3356309544503,-1.43914667371278,Accurx,,Accurx
DYNELEY HOUSE SURGERY,B82053,15605,53.9604937449108,-2.01424445788571,Accurx,Accurx,Accurx
SCARBOROUGH MEDICAL GROUP,B82054,16634,54.2976151304994,-0.441541395817814,Accurx,,Accurx
SPRINGBANK SURGERY,B82057,7554,54.0031499638074,-1.29780109265203,eConsult,eConsult,eConsult
CHURCH AVENUE MEDICAL GROUP,B82059,11400,54.0065786854308,-1.5359792549494,eConsult,Accurx,Accurx
EASTGATE MEDICAL GROUP,B82060,12929,54.0064261145504,-1.46139910868969,Accurx,Accurx,Accurx
BENTHAM MEDICAL PRACTICE,B82061,7431,54.1192055451569,-2.51173672544648,Accurx,,Accurx
AYTON AND SNAINTON MEDICAL PRACTICE,B82063,9727,54.2460464530201,-0.493641676144254,Accurx,Accurx,Accurx
TOLLERTON SURGERY,B82064,3612,54.0711590745032,-1.22295879838639,Accurx,Accurx,Accurx
GLEBE HOUSE SURGERY,B82066,10215,54.2855318342353,-1.5928040158122,Accurx,Accurx,Accurx
STOCKWELL ROAD SURGERY,B82067,8746,54.0119989608783,-1.46676179340662,eConsult,eConsult,eConsult
HELMSLEY SURGERY,B82068,3604,54.2487823175586,-1.05664343463121,Accurx,Accurx,Accurx
BEECH HOUSE SURGERY,B82069,7666,54.0107692431508,-1.46509898214495,eConsult,eConsult,eConsult
THE OLD SCHOOL MEDICAL PRACTICE,B82071,7352,53.915624243736,-1.14228466726795,Accurx,Accurx,Accurx
THE FRIARY SURGERY,B82072,5083,54.4052222240459,-1.7386016697443,Accurx,,Accurx
SOUTH MILFORD SURGERY,B82073,10877,53.7799500022045,-1.24876561086361,Accurx,Accurx,Accurx
POSTERNGATE SURGERY,B82074,18666,53.7814379467995,-1.07108533825874,Accurx,Accurx,Accurx
MAYFORD HOUSE SURGERY,B82075,9458,54.3283763561877,-1.44653388568968,Accurx,Accurx,Accurx
KIRKBYMOORSIDE SURGERY,B82077,6173,54.2698498194508,-0.9337184750622,Accurx,Accurx,Accurx
LEYBURN MEDICAL PRACTICE,B82078,6164,54.3087906008038,-1.82303602345283,Accurx,Accurx,Accurx
STILLINGTON SURGERY,B82079,3764,54.1040054111415,-1.11096923014832,Engage GP,,Engage GP
MY HEALTH GROUP,B82080,18757,54.0391453541515,-1.03303872752239,Accurx,Accurx,Accurx
ELVINGTON MEDICAL PRACTICE,B82081,7233,53.9246807406278,-0.945998616046614,Accurx,Accurx,Accurx
YORK MEDICAL GROUP,B82083,44143,53.9559213093774,-1.11940813870668,Klinik,Klinik,Klinik
ESK VALLEY MEDICAL PRACTICE,B82086,5112,54.4682124250133,-0.907259615725358,Accurx,,Accurx
BROOK SQUARE SURGERY,B82088,10615,54.2817886290431,-0.409327841774222,Silicon Health FootFall,Silicon Health FootFall,Silicon Health FootFall
SCOTT ROAD MEDICAL CENTRE,B82097,11296,53.7857256908422,-1.07344947876541,Klinik,Klinik,Klinik
JORVIK GILLYGATE PRACTICE,B82098,27267,53.9599984827867,-1.07638805454172,Accurx,Accurx,Accurx
FRONT STREET SURGERY,B82100,8704,53.9541629137684,-1.12724754445476,Accurx,Accurx,Accurx
SLEIGHTS AND SANDSEND MEDICAL PRACTICE,B82101,5287,54.4505358011121,-0.663317076307674,Accurx; SystmConnect,,Unknown
HAREWOOD MEDICAL PRACTICE,B82104,8341,54.3767674612519,-1.72177126645755,SystmConnect,,SystmConnect
TADCASTER MEDICAL CENTRE,B82105,9417,53.8854936641444,-1.25823993557547,Accurx,Accurx,Accurx
HACKNESS ROAD SURGERY,B82106,4777,54.2961638512413,-0.442610375217972,Accurx,,Accurx
AMPLEFORTH SURGERY,B82609,4175,54.2003366271814,-1.10468591743318,Accurx,Accurx,Accurx
TERRINGTON SURGERY,B82619,1847,54.1289082692969,-0.973685497972438,Accurx,Accurx,Accurx
REETH MEDICAL CENTRE,B82622,1568,54.3879723036087,-1.94600908590022,Accurx,Accurx,Accurx
HUNMANBY SURGERY,B82628,4535,54.1800725687799,-0.320359497753396,Accurx,Accurx,Accurx
ILKLEY & WHARFEDALE MEDICAL PRACTICE,B83002,5686,53.9233047815041,-1.81480071535533,Patchs,Patchs,Patchs
THORNBURY MEDICAL PRACTICE,B83005,6829,53.8035365850488,-1.71200225363074,Patchs,Patchs,Patchs
LING HOUSE MEDICAL CENTRE,B83008,19934,53.8693794329976,-1.91067945042886,Accurx,Accurx,Accurx
SUNNYBANK & COWGILL MEDICAL PRACTICE,B83009,15948,53.7379194800028,-1.76799746175454,Patchs; Rapid Health,Rapid Health,Rapid Health
PARKLANDS MEDICAL PRACTICE,B83010,10074,53.7609159920296,-1.78024832053995,SystmConnect,SystmConnect,SystmConnect
MANOR MEDICAL PRACTICE,B83012,11204,53.8029581325353,-1.78818241357289,Patchs,Patchs,Patchs
BINGLEY MEDICAL PRACTICE,B83014,13796,53.846892839122,-1.82871080273335,Patchs; SystmConnect,Patchs,Patchs
TONG MEDICAL PRACTICE,B83015,8900,53.7704901062664,-1.71679502258246,Patchs,Patchs,Patchs
FARROW MEDICAL CENTRE,B83016,8803,53.8026547319193,-1.74324077915355,Patchs,Patchs,Patchs
IDLE MEDICAL CENTRE,B83018,12494,53.836625411006,-1.73326234925248,Patchs,Patchs,Patchs
GRANGE PARK SURGERY,B83019,7277,53.9126948074911,-1.74810828577039,SystmConnect,SystmConnect,SystmConnect
THE WILLOWS MEDICAL PRACTICE,B83020,18236,53.7691197117927,-1.84849193062939,Patchs; Rapid Health,eConsult,eConsult
BAILDON MEDICAL PRACTICE,B83022,10076,53.8532109190041,-1.76935248761967,Patchs,Patchs,Patchs
DR I M RAJA & PARTNER,B83025,4497,53.7825118386758,-1.76477729770929,Patchs,eConsult,eConsult
PRIMROSE SURGERY,B83026,5911,53.7982173163386,-1.74029220317082,Patchs,Patchs,Patchs
WIBSEY & QUEENSBURY MED P,B83028,10799,53.7672253593354,-1.78012439060229,Patchs,Patchs,Patchs
LOW MOOR SURGERY,B83029,10241,53.7536063647479,-1.76941254565059,Accurx,Accurx,Accurx
OAK GLEN SURGERY,B83031,3928,53.8541969102879,-1.82044146927079,Patchs,Patchs,Patchs
BRADFORD MOOR PRACTICE,B83032,4422,53.7976726814152,-1.72123219111888,Patchs,Patchs,Patchs
MODALITY PARTNERSHIP (AWC),B83033,86427,53.8316191593511,-1.95515625647479,Klinik,Patchs,Patchs
GRANGE MEDICAL CENTRE,B83034,6910,53.7866668190714,-1.7754847358141,Patchs,Patchs,Patchs
HORTON PARK MEDICAL PRACTICE,B83035,15794,53.785160756794,-1.77279122842297,SystmConnect,SystmConnect,SystmConnect
THE WILSDEN MEDICAL PRACTICE,B83037,10037,53.818191839399,-1.86157537161754,Patchs,eConsult,eConsult
LEYLANDS LANE MEDICAL PRACTICE,B83038,18674,53.8125828513419,-1.79253820536344,Patchs,Patchs,Patchs
THE SALTAIRE & WINDHILL MEDICAL P'SHIP,B83039,24306,53.8349693367279,-1.76670228320141,SystmConnect,SystmConnect,SystmConnect
BOWLING HALL MED PRACTICE,B83041,14470,53.7728144865383,-1.73089004439291,Patchs,Patchs,Patchs
ROOLEY LANE MED. CENTRE,B83042,9172,53.7728144865383,-1.73089004439291,Patchs,Patchs,Patchs
HOLLYNS HEALTH & WELLBEING,B83045,12309,53.779418599372,-1.81540354944335,SystmConnect,SystmConnect,SystmConnect
BRADFORD STUDENT HEALTH SERVICE,B83051,9441,53.7853230579198,-1.76835859828511,Patchs,Patchs,Patchs
KENSINGTON PARTNERSHIP,B83052,23387,53.8011108997872,-1.7855346975537,Patchs; SystmConnect,,Unknown
HAIGH HALL MEDICAL PRACTICE,B83054,6126,53.831119384423,-1.71524705384371,Patchs; Rapid Health,Rapid Health,Rapid Health
THE RIDGE MEDICAL PRACT.,B83055,31599,53.7812110148789,-1.78029418726186,Patchs; SystmConnect,SystmConnect,SystmConnect
MOORSIDE SURGERY,B83056,8624,53.8097205120546,-1.73099701274422,Patchs,Patchs,Patchs
THE AVICENNA MEDICAL PRACTICE,B83058,8735,53.7978344571911,-1.72184871389752,Patchs,Patchs,Patchs
ASHCROFT SURGERY,B83062,9182,53.8242456821033,-1.71234650392465,Patchs,,Patchs
SHIPLEY MEDICAL PRACTICE-AFFINITY CARE,B83063,19154,53.8326151987869,-1.78140826913895,Rapid Health,Rapid Health,Rapid Health
THE ROCKWELL AND WROSE PRACTICE,B83064,11548,53.822996974401,-1.74440777887377,SystmConnect,SystmConnect,SystmConnect
THE SPRINGFIELD SURGERY (BINGLEY),B83067,7823,53.8469365186632,-1.82782905360006,Patchs,Patchs,Patchs
THE LISTER SURGERY,B83604,4774,53.8078791973821,-1.77588784947583,Patchs,Patchs,Patchs
NEW OTLEY ROAD MEDICAL PRACTICE,B83611,11854,53.798226304201,-1.7402921476971,Patchs,Patchs,Patchs
PICTON MEDICAL CENTRE,B83614,9751,53.8037550643377,-1.77660827575099,Patchs,Patchs,Patchs
ADDINGHAM SURGERY,B83620,3498,53.942991054083,-1.88128795273264,Patchs,Patchs,Patchs
DR IA GILKAR & PARTNERS,B83622,4344,53.8011108997872,-1.7855346975537,Patchs,,Patchs
I G MEDICAL,B83624,16990,53.923558353807,-1.81604823522983,Accurx,eConsult,eConsult
VALLEY VIEW SURGERY,B83626,6444,53.8060834738904,-1.73286385295195,Patchs,Patchs,Patchs
FRIZINGHALL MEDICAL CENTRE,B83627,3461,53.818525197522,-1.77337046249784,Patchs,,Patchs
CLARENDON MEDICAL CENTRE,B83628,9938,53.8041839184129,-1.76582532254549,Patchs,eConsult,eConsult
PEEL PARK SURGERY,B83629,3167,53.8060834738904,-1.73286385295195,Patchs,Patchs,Patchs
ASHWELL MEDICAL CENTRE,B83641,11019,53.8040527644703,-1.77719887126374,Patchs,Patchs,Patchs
THE CITY MEDICAL PRACTICE,B83642,4721,53.8078791973821,-1.77588784947583,Patchs,Patchs,Patchs
DR GILKAR,B83653,7850,53.7825118386758,-1.76477729770929,Patchs,Patchs,Patchs
BEVAN COMMUNITY BENEFIT SOCIETY,B83657,5455,53.7955664318988,-1.75334899644083,SystmConnect,,SystmConnect
PARK GRANGE MEDICAL CENTRE,B83659,4022,53.7895520488206,-1.77553006380368,Patchs,,Patchs
BILTON MEDICAL CENTRE,B83660,5816,53.7986556598863,-1.77013742646504,Patchs,Patchs,Patchs
MOOR PARK MEDICAL PRACTICE,B83661,2950,53.7978344571911,-1.72184871389752,Patchs,Patchs,Patchs
STATION ROAD SURGERY,B84001,10178,53.7071106431214,-1.91078006565124,Accurx,Accurx,Accurx
RYDINGS HALL SURGERY,B84003,7714,53.7033077511705,-1.78316874314303,Patchs,,Patchs
HEBDEN BRIDGE GROUP PRACTICE,B84004,18566,53.7434727861884,-2.01210755833841,Patchs,Patchs,Patchs
TODMORDEN GROUP PRACTICE,B84006,15970,53.7136513510086,-2.09215879123753,Rapid Health,Patchs,Patchs
BRIG ROYD SURGERY,B84007,10592,53.6752207610519,-1.93960871309052,eConsult,eConsult,eConsult
THE NORTHOLME PRACTICE,B84008,16471,53.7258767423066,-1.80957547378502,Patchs,Patchs,Patchs
STAINLAND ROAD MEDICAL CENTRE,B84009,11547,53.6845028856508,-1.86075662964366,Accurx,Accurx,Accurx
KEIGHLEY ROAD SURGERY,B84010,10063,53.7554890818618,-1.89440427308793,Patchs,Patchs,Patchs
CHURCH LANE SURGERY,B84011,10962,53.7030639500268,-1.78254894224429,Patchs,Patchs,Patchs
SPRING HALL GROUP PRACTICE,B84012,28480,53.7215484407174,-1.8924129702855,Patchs,Patchs,Patchs
PLANE TREES GROUP PRACTICE,B84013,9329,53.7296395928938,-1.89454468055602,Patchs,Patchs,Patchs
RASTRICK HEALTH CENTRE,B84014,5590,53.6879742839774,-1.79351384656996,Patchs,Patchs,Patchs
BANKFIELD SURGERY,B84016,11336,53.686330976997,-1.83514616122917,Accurx,eConsult,eConsult
THE BOULEVARD MEDICAL PRACTICE,B84019,17098,53.717183276442,-1.86839194141906,Patchs,Patchs,Patchs
KING CROSS PRACTICE,B84021,8672,53.7153081412745,-1.88020119171054,Patchs,Patchs,Patchs
LISTER LANE SURGERY,B84612,9033,53.7225727111907,-1.86531391679347,Patchs,SystmConnect,SystmConnect
BEECHWOOD MEDICAL CENTRE,B84613,10745,53.7439012957727,-1.88234891454525,Patchs,Patchs,Patchs
CARITAS GROUP PRACTICE,B84618,7911,53.7301397013672,-1.8644561268746,Patchs,Patchs,Patchs
LONGROYDE SURGERY,B84623,5148,53.694658229926,-1.79164868434806,Patchs,Patchs,Patchs
PARKVIEW SURGERY,B85001,6723,53.7222034460942,-1.71317042423995,Patchs,Patchs,Patchs
DEARNE VALLEY HEALTH CENTRE,B85002,4611,53.5890019582644,-1.62547928404544,eConsult,eConsult,eConsult
CALDER VIEW SURGERY,B85004,6126,53.6897443276634,-1.63488365251681,Patchs,,Patchs
SHEPLEY PRIMARY CARE LIMITED,B85005,6705,53.5866180805935,-1.71257131699303,Patchs,,Patchs
ELMWOOD FAMILY DOCTORS,B85006,15356,53.5784459611535,-1.78372371867631,Patchs; SystmConnect,Patchs,Patchs
BATLEY HEALTH CENTRE SURGERY,B85008,6199,53.7153264216147,-1.63648496282448,Patchs,Patchs,Patchs
"NORTH ROAD SUITE,RAVENSTHORPE HEALTH CTR",B85009,8636,53.6783641125752,-1.6620653409072,Patchs,Patchs,Patchs
DALTON SURGERY,B85010,7137,53.6449417809208,-1.75232180521049,Patchs,Patchs,Patchs
UNDERCLIFFE SURGERY,B85012,10734,53.7069086685618,-1.67899375203002,Patchs,,Patchs
BROOKROYD HOUSE,B85014,9319,53.7069086685618,-1.67899375203002,Patchs,Patchs,Patchs
WELLINGTON HOUSE,B85015,8401,53.7147529305532,-1.6346356162396,Patchs,Patchs,Patchs
MELTHAM ROAD SURGERY,B85016,10705,53.6318313438306,-1.7971599309626,Patchs,,Patchs
GROVE HOUSE SURGERY,B85018,9445,53.7114394746722,-1.62540859407803,Patchs,Patchs,Patchs
MIRFIELD HEALTH CENTRE,B85019,17271,53.6757154102989,-1.6967219231534,Patchs,Patchs,Patchs
EIGHTLANDS SURGERY,B85020,6640,53.6897443276634,-1.63488365251681,Patchs,Patchs,Patchs
CLECKHEATON GROUP PRACTICE,B85021,9049,53.7240520157971,-1.71062042287468,Patchs,Patchs,Patchs
HONLEY SURGERY,B85022,7973,53.602385885849,-1.79193623551959,Patchs,Patchs,Patchs
THE ALMONDBURY SURGERY,B85023,6281,53.6318528351388,-1.75130959036089,Patchs,,Patchs
THE WATERLOO PRACTICE,B85024,9269,53.6452934621786,-1.73601291891493,Patchs,Patchs,Patchs
BLACKBURN RD.MEDICAL CTR.,B85025,12323,53.7310039209248,-1.66393248198596,Patchs,Patchs,Patchs
KIRKBURTON HEALTH CENTRE,B85026,8040,53.6076289747017,-1.70005086099599,eConsult,eConsult,eConsult
LINDLEY GROUP PRACTICE LTD,B85027,10261,53.6556932527098,-1.81848565742547,Patchs,Patchs,Patchs
THE GRANGE MEDICAL PRACTICE,B85028,17471,53.6619205083242,-1.78269120890577,Patchs,Patchs,Patchs
THE GREENWAY MEDICAL PRACTICE,B85030,9458,53.7222034460942,-1.71317042423995,Patchs,Patchs,Patchs
LEPTON AND KIRKHEATON SURGERIES,B85031,6956,53.6337568293512,-1.7106029362669,Patchs,Patchs,Patchs
MELTHAM GROUP PRACTICE,B85032,5932,53.5941584102003,-1.84994843765378,eConsult; Patchs,Patchs,Patchs
THE LINDLEY VILLAGE SURG.,B85033,5790,53.6613305692484,-1.82571001027926,eConsult,eConsult,eConsult
NEW STREET & NETHERTON GROUP PRACTICE,B85036,8595,53.6375431517071,-1.82871175945858,Patchs,Patchs,Patchs
NEWSOME SURGERY LIMITED,B85037,5707,53.6292030480124,-1.78471268525631,Patchs,Patchs,Patchs
THE PADDOCK SURGERY,B85038,5853,53.6638623390534,-1.62454396355109,Patchs,Patchs,Patchs
MOUNT PLEASANT MED CENTRE,B85041,15816,53.7070358754044,-1.63729428427677,Patchs,,Patchs
PADDOCK AND LONGWOOD FAMILY PRACTICE,B85042,8997,53.64232400377,-1.80462720288048,Patchs,,Patchs
THORNTON LODGE SURGERY,B85044,2906,53.6380682964428,-1.79664607278217,Patchs,,Patchs
WOODHOUSE HILL SURGERY,B85048,4454,53.6670639250815,-1.77153440954881,Patchs,,Patchs
FIELDHEAD SURGERY,B85051,6962,53.6417902963608,-1.85254772401748,Patchs,Patchs,Patchs
COLNE VALLEY GROUP PRACTICE,B85054,10365,53.6227415002866,-1.87951932406053,Patchs,Patchs,Patchs
HEALDS ROAD SURGERY,B85055,13029,53.6997768912223,-1.65046609732749,Patchs,SystmConnect,SystmConnect
ROSE MEDICAL PRACTICE,B85058,3047,53.6488548105865,-1.79179861204965,Patchs,SystmConnect,SystmConnect
SLAITHWAITE HEALTH CENTRE,B85059,8551,53.6237074788831,-1.87784454969989,Patchs; SystmConnect,Patchs,Patchs
GREENHEAD FAMILY DOCTORS,B85060,2353,53.6494508230616,-1.79200868767313,Patchs,Patchs,Patchs
SKELMANTHORPE FAMILY DOCTORS,B85061,9646,53.5907046994079,-1.65057285321551,Patchs,Patchs,Patchs
UNIVERSITY HEALTH CENTRE,B85062,14022,53.6438370315651,-1.77554729464366,eConsult,eConsult,eConsult
THORNHILL LEES MEDICAL CENTRE,B85606,4558,53.673000850475,-1.62951849967891,Patchs,,Patchs
OAKLANDS HEALTH CENTRE,B85610,10928,53.5771062727435,-1.78428239524948,eConsult,eConsult,eConsult
DR HANDA & PARTNER,B85611,3669,53.6625819925633,-1.77800532479304,Patchs,Patchs,Patchs
LIVERSEDGE MEDICAL CENTRE,B85612,4811,53.7128479267201,-1.69065225332495,Patchs,,Patchs
CROFT MEDICAL CENTRE,B85614,6866,53.660072972554,-1.78582973787106,Patchs,Patchs,Patchs
COOK LANE SURGERY,B85619,3192,53.7096491989179,-1.67740427514741,Patchs,Patchs,Patchs
WINDSOR MEDICAL CENTRE,B85620,2979,53.6938754009939,-1.62215693681439,Patchs,Patchs,Patchs
MARSH SURGERY,B85623,3420,53.6517682277942,-1.80317658660632,Patchs,,Patchs
BIRKBY HEALTH CENTRE,B85634,3619,53.6630092008183,-1.79586032556874,Patchs,Patchs,Patchs
WESTBOURNE SURGERY,B85636,4422,53.6509370897875,-1.80610033540084,Patchs,,Patchs
KIRKGATE SURGERY,B85640,3620,53.7321056196032,-1.66901682606095,Patchs,Patchs,Patchs
LOCKWOOD SURGERY,B85641,4162,53.6325034274727,-1.79596204716444,Patchs,,Patchs
SAVILE TOWN MEDICAL CTR.,B85645,2469,53.6832919696171,-1.62650611547328,Patchs,Patchs,Patchs
THE ALBION MOUNT MEDICAL PRACTICE,B85646,6258,53.6953052249032,-1.63397230993541,Patchs,Patchs,Patchs
DR MAHMOOD & PARTNERS,B85650,4909,53.6783641125752,-1.6620653409072,Patchs,Patchs,Patchs
SIDINGS HEALTHCARE CENTRE,B85652,7668,53.6810101986675,-1.63239855203365,Patchs,Patchs,Patchs
CHERRY TREE SURGERY,B85655,2773,53.7152317909247,-1.63687533740347,Patchs,,Patchs
THE WHITEHOUSE CENTRE,B85659,1699,53.6463853418369,-1.79022269586561,Patchs,,Patchs
THE JUNCTION SURGERY,B85660,6695,53.6445191115696,-1.76106748051498,Patchs,Patchs,Patchs
CITY VIEW MEDICAL PRACTICE,B86002,14689,53.7783087761744,-1.55587473384944,Accurx,Accurx,Accurx
DR G LEES & PARTNERS,B86003,16902,53.7964809919735,-1.59387917812592,Accurx,,Accurx
HIGHFIELD SURGERY,B86004,8573,53.8566748275043,-1.6078007459662,SystmConnect,SystmConnect,SystmConnect
DR N DUMPHY & PARTNERS,B86005,5635,53.7741191712741,-1.54550807770805,Accurx,Accurx,Accurx
OULTON MEDICAL CENTRE,B86006,15181,53.7524926225205,-1.44944218798329,Patchs,Patchs,Patchs
WINDMILL HEALTH CENTRE,B86007,9330,53.821626537331,-1.44433124452975,Accurx,Accurx,Accurx
ALWOODLEY MEDICAL CENTRE,B86008,19108,53.8479797685817,-1.55189557131109,Patchs,Patchs,Patchs
MANSTON SURGERY,B86009,7730,53.8038462052568,-1.45091746193065,Patchs,,Patchs
COLLINGHAM CHURCH VIEW SURGERY,B86010,10000,53.9087751977817,-1.40759923355589,Accurx,Accurx,Accurx
HILLFOOT SURGERY,B86011,9634,53.8004300015849,-1.68812591742734,Patchs,Anima,Anima
LEEDS CITY MEDICAL PRACTICE,B86012,19496,53.7783087761744,-1.55587473384944,Accurx; Patchs,,Unknown
THE NORTH LEEDS MEDICAL PRACTICE,B86013,19882,53.8435362078875,-1.53404521072483,Patchs,Patchs,Patchs
ROBIN LANE HEALTH AND WELLBEING CENTRE,B86014,13443,53.7950094745082,-1.66131130684878,Patchs,Patchs,Patchs
MANOR PARK SURGERY,B86015,13956,53.8140760982875,-1.62891429073793,Patchs,Patchs,Patchs
SHAFTESBURY MEDICAL CTR.,B86016,18329,53.7988349242319,-1.49855761549794,Patchs; SystmConnect,SystmConnect,SystmConnect
CRAVEN ROAD MEDICAL PRACTICE,B86017,16960,53.8141014362445,-1.5472497091239,SystmConnect,SystmConnect,SystmConnect
MULBERRY STREET MEDICAL PRACTICE,B86018,7347,53.7947383196614,-1.66397010902634,Patchs,Patchs,Patchs
DIAMOND MEDICAL GROUP,B86019,20358,53.8250882107292,-1.54340936189534,Patchs,Patchs,Patchs
LOFTHOUSE SURGERY,B86020,11178,53.7289874530101,-1.49620568386324,Patchs,Patchs,Patchs
OAKWOOD LANE MEDICAL PRACTICE,B86022,14114,53.8199789374858,-1.4939332382419,Patchs,Patchs,Patchs
PRIORY VIEW MEDICAL CENTRE,B86024,9584,53.7911862510907,-1.57547208912614,Accurx,Accurx,Accurx
HYDE PARK SURGERY,B86025,10915,53.8068959048072,-1.56769709254226,Patchs,Patchs,Patchs
SOUTH QUEEN MEDICAL CENTRE,B86028,5180,53.7418473111888,-1.59906479849344,Patchs,Patchs,Patchs
WESTGATE SURGERY,B86029,5755,53.9047808370677,-1.69916097813016,Accurx,,Accurx
BURTON CROFT SURGERY,B86030,10727,53.8210489574429,-1.57675026966309,Accurx,Accurx,Accurx
CHEVIN MEDICAL PRACTICE,B86032,18700,53.9066184552262,-1.69366815232679,Accurx; eConsult,eConsult,eConsult
CROSSLEY STREET SURGERY,B86033,11875,53.9306472099605,-1.3887393530361,Accurx,Accurx,Accurx
SPA SURGERY,B86034,6825,53.9036399444095,-1.3430463273934,Accurx; Patchs,Accurx,Accurx
SOUTH BANK SURGERY,B86035,9359,53.7798937826806,-1.52650880152874,Patchs,Patchs,Patchs
GIBSON LANE PRACTICE,B86036,11018,53.772047068501,-1.37013692406891,Patchs,Patchs,Patchs
GUISELEY AND YEADON MEDICAL PRACTICE,B86038,10654,53.8652945342662,-1.68413145221969,Accurx,,Accurx
ALLERTON MEDICAL CENTRE,B86039,9642,53.8265548338669,-1.53446038010305,Accurx,Accurx,Accurx
VESPER ROAD,B86041,7814,53.8266612452176,-1.61247150070581,SystmConnect,,SystmConnect
LINGWELL CROFT SURGERY,B86042,15791,53.7493268028984,-1.53610264833533,Patchs,Patchs,Patchs
EAST PARK MEDICAL CENTRE,B86043,10262,53.7941410813478,-1.51778661547964,Patchs; SystmConnect,SystmConnect,SystmConnect
"DR S HUTCHINSON & PARTNERS, IW&H M PRAC",B86044,28332,53.8466317761794,-1.60398829453235,Anima,Anima,Anima
GARFORTH MEDICAL CENTRE,B86048,14551,53.7922730595697,-1.38801969498815,Patchs,Patchs,Patchs
WOODHOUSE MEDICAL PRACTICE,B86049,10123,53.8126284922634,-1.54753894309588,Accurx,Accurx,Accurx
WEST LODGE SURGERY,B86050,20402,53.8108715204972,-1.66970986872988,Accurx,Accurx,Accurx
AIRE VALLEY SURGERY,B86051,15038,53.8666626639978,-1.68488148938053,Accurx,Accurx,Accurx
PARK ROAD & MENSTON,B86052,12105,53.8720816665046,-1.70957007319625,Accurx,Accurx,Accurx
THE GARDEN SURGERY,B86054,6195,53.7990063865506,-1.49872257660299,Patchs; SystmConnect,SystmConnect,SystmConnect
ASHFIELD MEDICAL CENTRE,B86055,6231,53.8075619257791,-1.45006547035529,Patchs,Patchs,Patchs
WINDSOR HOUSE GROUP PRACTICE,B86057,19843,53.7443875422778,-1.60505577226692,Silicon Health FootFall,Silicon Health FootFall,Silicon Health FootFall
MEANWOOD HEALTH CENTRE,B86059,16304,53.8271666621938,-1.5658108495692,Patchs,Patchs,Patchs
THORNTON MEDICAL CENTRE,B86060,10947,53.791907897598,-1.57620861274943,Accurx,Accurx,Accurx
HAREHILLS CORNER SURGERY,B86061,5092,53.8156895427032,-1.51881524635718,Evergreen Health,Evergreen Health,Evergreen Health
THE MEDICAL CENTRE,B86062,8246,53.8132695179272,-1.45520740019337,SystmConnect,,SystmConnect
LEIGH VIEW MEDICAL PRACTICE,B86064,17065,53.7285696315579,-1.55897544888436,Patchs,Patchs,Patchs
THE STREET LANE PRACTICE,B86066,14452,53.8440613043155,-1.51352021158298,Patchs,,Patchs
THE DEKEYSER GROUP PRACTICE,B86067,16846,53.7429655676816,-1.60449293902564,Patchs,Patchs,Patchs
ABBEY GRANGE MEDICAL PRACTICE,B86068,7859,53.8180309765768,-1.6009465796593,Accurx,Accurx,Accurx
BURLEY PARK MEDICAL CENTRE,B86069,13844,53.8075415619119,-1.57975628132423,Accurx,Patchs,Patchs
AIREBOROUGH FAMILY PRACTICE,B86070,4499,53.8666626639978,-1.68488148938053,Accurx,Accurx,Accurx
WHITEHALL SURGERY,B86071,8396,53.7824479833131,-1.60111710293376,Accurx,Accurx,Accurx
DR T P FOX & PARTNERS,B86075,13954,53.7915696992792,-1.43139833561149,Patchs; SystmConnect,SystmConnect,SystmConnect
BELLBROOKE SURGERY,B86081,14447,53.8090404439531,-1.50604405149562,Accurx,Accurx,Accurx
LAUREL BANK SURGERY,B86086,7280,53.8172468754462,-1.58702584720534,Patchs; SystmConnect,,Unknown
NOVA SCOTIA MEDICAL CNTR,B86089,6006,53.7479937937849,-1.37339292317856,Patchs,Patchs,Patchs
KIPPAX HALL SURGERY,B86092,6792,53.7661235109965,-1.36835956992193,Patchs,Patchs,Patchs
PARK EDGE PRACTICE,B86093,5797,53.8256446588018,-1.48334957976245,Patchs,Patchs,Patchs
DR S M CHEN & PARTNER,B86094,4935,53.7990820348695,-1.65222989519907,Patchs,Patchs,Patchs
ARTHINGTON MEDICAL CENTRE,B86096,5657,53.7721666467891,-1.53175440319535,Patchs,Patchs,Patchs
ST MARTINS PRACTICE,B86100,7533,53.8221147248907,-1.5321398304897,Accurx,Accurx,Accurx
GILDERSOME HEALTH CENTRE,B86101,3524,53.7565538932027,-1.62929981511144,Patchs,Patchs,Patchs
CONWAY MEDICAL CENTRE,B86103,4774,53.8111311557715,-1.51399249858205,Patchs,Patchs,Patchs
BRAMLEY VILLAGE HEALTH & WELLBEING CTR,B86104,17356,53.8076868107756,-1.62351912679929,,,Unknown
FOUNDRY LANE SURGERY,B86106,7662,53.8106654313616,-1.47184005804664,Patchs,Patchs,Patchs
CHAPELTOWN FAMILY SURGERY,B86108,6681,53.8114586542587,-1.52621408964449,Patchs,Patchs,Patchs
KIRKSTALL LANE MEDICAL CENTRE,B86109,7868,53.8170855149521,-1.58714894296575,Accurx,Accurx,Accurx
LEEDS STUDENT MEDICAL PRACTICE,B86110,41246,53.8073406479415,-1.54915993490521,Patchs,,Patchs
ASHTON VIEW MEDICAL CTR,B86623,5106,53.809695065485,-1.51671223919086,Patchs,,Patchs
DR S HUSSAIN,B86642,2828,53.7786667778274,-1.52761520236475,Patchs,Patchs,Patchs
THE ROUNDHAY ROAD SURGERY,B86643,3834,53.8136472911163,-1.52090656850024,Patchs,,Patchs
FAMILY DOCTORS,B86648,2449,53.7985014906804,-1.44138558480929,Patchs; SystmConnect,,Unknown
BEECH TREE MEDICAL CENTRE,B86655,2227,53.7964454808477,-1.62150953540685,Accurx,Accurx,Accurx
MOORFIELD HOUSE SURGERY,B86658,11385,53.795762718708,-1.39023091970457,Patchs,Patchs,Patchs
NEWTON SURGERY,B86666,5698,53.8212639180131,-1.53292401041499,Patchs,Patchs,Patchs
BEESTON VILLAGE SURGERY,B86667,7990,53.7720931906485,-1.56724386735643,Accurx,Accurx,Accurx
YORK STREET HEALTH PRACTICE,B86669,3232,53.7964840489487,-1.53295632577924,SystmConnect,,SystmConnect
HAWTHORN SURGERY,B86672,6910,53.7824479833131,-1.60111710293376,Accurx,Accurx,Accurx
WETHERBY & BRAMHAM SURGERY,B86673,7096,53.9284047141928,-1.3808376239623,Accurx,Accurx,Accurx
LINCOLN GREEN MEDICAL CENTRE,B86675,5191,53.8020980866277,-1.5251959854872,Evergreen Health; Patchs,Evergreen Health,Evergreen Health
DRIGHLINGTON MEDICAL CENTRE,B86678,2991,53.7561574691382,-1.66247303999594,Patchs; SystmConnect,,Unknown
MIDDLESTOWN,B87001,9860,53.650420680535,-1.60081438033952,Patchs,Patchs,Patchs
ORCHARD CROFT,B87002,10486,53.6599995378332,-1.54984077040866,Patchs,,Patchs
COLLEGE LANE SURGERY,B87003,11034,53.6450116744019,-1.33598476686262,SystmConnect,SystmConnect,SystmConnect
WARRENGATE MEDICAL CENTRE,B87004,11664,53.6827012606427,-1.4913258711611,Patchs,Patchs,Patchs
RIVERSIDE MEDICAL CENTRE,B87005,11609,53.7279869607186,-1.35802133901328,Patchs,Patchs,Patchs
PARK GREEN SURGERY,B87006,10623,53.5930228448282,-1.31240668372584,Patchs,Patchs,Patchs
NORTHGATE SURGERY,B87007,16216,53.693967824867,-1.30943508647522,Patchs,Patchs,Patchs
LUPSET HEALTH CENTRE,B87008,13354,53.6724151625232,-1.52399829718434,Patchs,Patchs,Patchs
ST THOMAS ROAD SURGERY,B87009,6257,53.675237275405,-1.35576741037342,Patchs,Patchs,Patchs
FRIARWOOD SURGERY,B87011,13178,53.6884221518205,-1.30655995550878,Patchs,Patchs,Patchs
MAYBUSH MEDICAL CENTRE,B87012,9889,53.6704664875422,-1.4900416011489,Patchs,Patchs,Patchs
OUTWOOD PARK MEDICAL CENTRE,B87013,14475,53.711421099609,-1.5095692068654,Patchs,Patchs,Patchs
STUART ROAD,B87015,7276,53.6934295219155,-1.31527890110059,Patchs,,Patchs
WHITE ROSE SURGERY,B87016,24474,53.5958586106997,-1.29456402725899,Patchs,Patchs,Patchs
TRINITY MEDICAL CENTRE,B87017,27321,53.679943038377,-1.49483132586038,Patchs; SystmConnect,Patchs,Patchs
HENRY MOORE CLINIC,B87018,11711,53.7207819225521,-1.35404301977899,Patchs,Patchs,Patchs
STANLEY,B87019,7382,53.7137915517674,-1.47761006216041,Patchs,Patchs,Patchs
CHAPELTHORPE,B87020,13844,53.6445298506548,-1.50729062971251,Evergreen Health; Patchs,askmyGP,askmyGP
ASH GROVE,B87021,12876,53.7049479596583,-1.24458196020681,Patchs,Patchs,Patchs
HOMESTEAD,B87022,8974,53.6816484662698,-1.51894723344816,Patchs,Patchs,Patchs
CASTLEFORD MEDICAL PRACTICE,B87025,8455,53.7246500624744,-1.35617450902708,Patchs,Patchs,Patchs
THE GRANGE MEDICAL CENTRE,B87026,14491,53.612010155816,-1.35455553461374,SystmConnect,SystmConnect,SystmConnect
NEW SOUTHGATE SURGERY,B87027,13973,53.6930119928193,-1.50492952587633,Patchs,Patchs,Patchs
CROFTON AND SHARLSTON MED PRAC,B87028,11012,53.6568835607813,-1.42789505176386,Patchs,Patchs,Patchs
HEALTH CARE FIRST PARTNERSHIP,B87030,29858,53.7376707588541,-1.39358316923252,SystmConnect,SystmConnect,SystmConnect
OSSETT SURGERY,B87031,22229,53.6815502636017,-1.58141300651107,Patchs,Patchs,Patchs
STATION LANE,B87032,8163,53.6811465349034,-1.35864713505353,Patchs,Patchs,Patchs
NEWLAND SURGERY,B87033,5740,53.6951445174857,-1.42424314174861,Patchs,Patchs,Patchs
LANGTHWAITE SURGERY,B87036,4266,53.5930228448282,-1.31240668372584,Patchs,Patchs,Patchs
KING'S MEDICAL PRACTICE,B87039,14674,53.7006638546503,-1.41791987920734,Patchs,Patchs,Patchs
TIEVE TARA,B87042,5569,53.7325810484283,-1.31462518321954,Patchs,Patchs,Patchs
ALVERTHORPE,B87044,2414,53.6858866736594,-1.51849740305453,Patchs,,Patchs
PATIENCE LANE SURGERY,B87602,3711,53.7037952715576,-1.43290176560373,Patchs,Patchs,Patchs
EASTMOOR HEALTH CENTRE,B87604,2911,53.6900080540803,-1.47605175468634,Patchs,Patchs,Patchs
SPRINGS HEALTH CENTRE,C81001,11508,53.2766432263652,-1.26613491527516,Accurx,Accurx,Accurx
THE VALLEYS MEDICAL PARTNERSHIP,C81002,12310,53.3073769561263,-1.35491778099137,Accurx,Accurx,Accurx
SETT VALLEY MEDICAL CENTRE,C81003,10082,53.3674082427573,-1.99830339098769,Silicon Health FootFall,Silicon Health FootFall,Silicon Health FootFall
IVY GROVE SURGERY,C81004,10446,53.042840943231,-1.40375261932469,Accurx,,Accurx
JESSOP MEDICAL PRACTICE,C81005,16878,53.0749521431075,-1.37260553836589,Accurx,Accurx,Accurx
HORIZON HEALTHCARE,C81006,28554,52.9170475386177,-1.47888779558985,Silicon Health FootFall,Silicon Health FootFall,Silicon Health FootFall
VERNON STREET MEDICAL CTR,C81007,11787,52.923998184648,-1.49038830262564,Rapid Health; Silicon Health FootFall,Silicon Health FootFall,Silicon Health FootFall
ROYAL PRIMARY CARE CLAY CROSS,C81008,9719,53.1674784600078,-1.4143469193281,Anima,Anima,Anima
WILSON STREET SURGERY,C81009,21305,52.9191543232553,-1.48014737656465,Silicon Health FootFall,Silicon Health FootFall,Silicon Health FootFall
THE MOIR MEDICAL CENTRE,C81010,13796,52.8986223825333,-1.27254995387945,Rapid Health,Accurx,Accurx
THE SURGERY AT WHEATBRIDGE,C81012,15754,53.234761368029,-1.43966905095503,Anima,Anima,Anima
BASLOW HEALTH CENTRE,C81013,4693,53.2465373676721,-1.61714475358186,Accurx; Silicon Health FootFall,Accurx,Accurx
DERWENT VALLEY MEDICAL PRACTICE,C81014,11810,52.9266991863805,-1.45764668989724,Rapid Health; Silicon Health FootFall,Silicon Health FootFall,Silicon Health FootFall
NEWBOLD SURGERY,C81015,12438,53.2562921772733,-1.44788689624339,Accurx,Accurx,Accurx
PEAK & DALES MEDICAL PARTNERSHIP,C81016,8472,53.211674175487,-1.67637730520438,Accurx,Accurx,Accurx
ARTHUR MEDICAL CENTRE,C81017,8959,53.0025204107524,-1.42434099330643,Accurx,Accurx,Accurx
DOVE RIVER,C81018,9176,52.8858129504204,-1.76162884053549,Accurx,Accurx,Accurx
NEWHALL SURGERY,C81020,11185,52.7853546733026,-1.57458602539404,Rapid Health; Silicon Health FootFall,Silicon Health FootFall,Silicon Health FootFall
OLD STATION SURGERY,C81021,15007,52.9788929881449,-1.31247268308117,Accurx,Accurx,Accurx
SOUTH STREET SURGERY,C81022,4085,52.9681516015201,-1.30798258465855,Accurx,,Accurx
THE AITUNE MEDICAL PRACTICE,C81023,7906,52.9015528454323,-1.27253062605815,Rapid Health,Accurx,Accurx
DRONFIELD MEDICAL PRACTICE,C81025,10378,53.3018738883948,-1.47561470381047,Accurx,Accurx,Accurx
ADAM HOUSE MEDICAL CENTRE,C81026,6613,52.9226796242152,-1.29364007498657,Rapid Health,Patchs,Patchs
SOMERCOTES MEDICAL CENTRE,C81027,8418,53.0823322568996,-1.37260278546152,Silicon Health FootFall,Silicon Health FootFall,Silicon Health FootFall
STAFFA HEALTH,C81029,17187,53.1457919983559,-1.33869667798161,Accurx,,Accurx
CREDAS MEDICAL,C81030,9233,53.161570748911,-1.58882894639799,Anima; Engage GP,Anima,Anima
PARK SURGERY,C81031,9663,53.0104206330825,-1.35124465139435,eConsult,eConsult,eConsult
SWADLINCOTE SURGERY,C81032,13744,52.7757998242739,-1.56250876782491,Silicon Health FootFall; SystmConnect,SystmConnect,SystmConnect
SHIRES HEALTHCARE,C81033,16019,53.2029519919384,-1.2154294062012,,,Unknown
STEWART MEDICAL CENTRE,C81034,16657,53.2539973393775,-1.91802804677809,Accurx,Accurx,Accurx
VILLAGE SURGERY,C81035,12452,52.8963473407995,-1.48579744812245,Accurx,Accurx,Accurx
FRIAR GATE SURGERY,C81036,4719,52.9251147637835,-1.48744188265433,Rapid Health; Silicon Health FootFall,Silicon Health FootFall,Silicon Health FootFall
ASHBOURNE MEDICAL PRACTICE,C81037,10784,53.0135622215459,-1.73841884433675,eConsult,eConsult,eConsult
WHITEMOOR MEDICAL CENTRE,C81038,12539,53.0312024740726,-1.45490987156078,Accurx; eConsult,Patchs,Patchs
EYAM SURGERY,C81039,3594,53.2839006248303,-1.67352247676966,,,Unknown
PARK LANE SURGERY,C81040,8475,52.9555371813244,-1.47980696447862,Rapid Health; Silicon Health FootFall,Silicon Health FootFall,Silicon Health FootFall
WELBECK ROAD HEALTH CENTRE,C81041,11955,53.2294371608545,-1.28828398084258,Anima,Anima,Anima
MICKLEOVER MEDICAL CENTRE,C81042,13017,52.9070902992747,-1.5463393926275,Rapid Health; Silicon Health FootFall,Silicon Health FootFall,Silicon Health FootFall
WHITTINGTON MOOR SURGERY,C81044,8516,53.2602952131839,-1.43130040612048,Accurx,Accurx,Accurx
ROYAL PRIMARY CARE CHESTERFIELD WEST,C81045,13144,53.2382162018211,-1.43778446841619,Anima,Anima,Anima
WEST HALLAM MEDICAL CTR,C81046,4656,52.9674851629233,-1.35909391391286,Accurx; Silicon Health FootFall,Silicon Health FootFall,Silicon Health FootFall
ALVASTON MEDICAL CENTRE,C81047,12759,52.8946088748457,-1.42925407729102,Rapid Health,Rapid Health,Rapid Health
APPLETREE MEDICAL PRACTICE,C81048,11030,52.9854849926274,-1.48561898491303,Accurx; eConsult,Accurx,Accurx
KELVINGROVE MEDICAL CENTRE,C81049,9736,53.0122213981821,-1.35012960256376,Accurx,Accurx,Accurx
THE VILLAGE SURGERY,C81050,9638,53.1044755259322,-1.34313919032703,eConsult,eConsult,eConsult
THE PARK MEDICAL PRACTICE,C81051,26503,52.9288736973584,-1.4339988913371,Rapid Health,Patchs,Patchs
ROYAL PRIMARY CARE BROOKLYN,C81052,7022,53.0170988457637,-1.34290121013433,Anima,Anima,Anima
PARKSIDE SURGERY,C81053,10941,53.0981252125844,-1.39145944479346,Accurx,Accurx,Accurx
HOLLYBROOK MEDICAL CENTRE,C81054,35548,52.8918086898746,-1.53164573464212,Rapid Health,Rapid Health,Rapid Health
NORTH WINGFIELD MEDICAL CENTRE,C81055,5035,53.1843114797412,-1.38772663141421,eConsult,eConsult,eConsult
CLAY CROSS MEDICAL CENTRE,C81056,6738,53.1680818366992,-1.41219900674013,eConsult,,eConsult
WILLINGTON SURGERY,C81057,10640,52.8506059863828,-1.56615292474355,Accurx,Accurx,Accurx
THE BRIMINGTON SURGERY,C81058,8904,53.2568178181944,-1.39640760947456,Accurx; Anima,Anima,Anima
RIPLEY MEDICAL CENTRE,C81059,6002,53.0468276265353,-1.4064423104013,Accurx; Silicon Health FootFall; SystmConnect,Accurx,Accurx
WOODVILLE SURGERY,C81060,10922,52.7710374409898,-1.53698815673136,Accurx; Silicon Health FootFall; SystmConnect,,Unknown
LITTLEWICK MEDICAL CENTRE,C81061,17569,52.9664522462113,-1.30483832549597,Rapid Health,Patchs,Patchs
HANNAGE BROOK MEDICAL CENTRE,C81062,8795,53.0776044341146,-1.5713693430248,Accurx; Silicon Health FootFall,Silicon Health FootFall,Silicon Health FootFall
THORNBROOK SURGERY,C81063,9485,53.3232132479795,-1.91134927963722,Accurx; Anima,Anima,Anima
PARK FARM MEDICAL CENTRE,C81064,12746,52.9443539647847,-1.49563841943696,Rapid Health; Silicon Health FootFall,Silicon Health FootFall,Silicon Health FootFall
BUXTON MEDICAL PRACTICE,C81065,8958,53.2531204095573,-1.92044776284452,Silicon Health FootFall,Silicon Health FootFall,Silicon Health FootFall
OVERDALE MEDICAL PRACTICE,C81066,12023,52.91232123446,-1.37848146124221,Rapid Health; SystmConnect,SystmConnect,SystmConnect
CHATSWORTH ROAD MEDICAL CENTRE,C81067,9914,53.2309462508397,-1.46796333083302,SystmConnect,SystmConnect,SystmConnect
CHAPEL STREET MEDICAL CENTRE,C81068,12198,52.9210562892976,-1.40429567581098,Rapid Health; Silicon Health FootFall,Silicon Health FootFall,Silicon Health FootFall
RIVERSDALE SURGERY,C81069,13660,53.024892767752,-1.48535928994621,Accurx,Accurx,Accurx
OAKHILL MEDICAL PRACTICE,C81070,3815,53.3056035015582,-1.45735084268551,Accurx,,Accurx
OSMASTON SURGERY,C81071,12017,52.9114184229832,-1.46842205921192,Silicon Health FootFall,Silicon Health FootFall,Silicon Health FootFall
LISTER HOUSE SURGERY,C81072,28802,52.901933206164,-1.47714795845759,Accurx,Accurx,Accurx
MACKLIN STREET SURGERY,C81073,12859,52.9211283996589,-1.48177559212834,Silicon Health FootFall; SystmConnect,SystmConnect,SystmConnect
HENMORE HEALTH - BRAILSFORD SURGERY,C81075,5256,52.9697155675849,-1.62440310686427,Accurx,,Accurx
GOYT VALLEY MEDICAL PRACTICE,C81080,8065,53.3304843909562,-1.9831157611592,Accurx,Accurx,Accurx
MANOR HOUSE SURGERY,C81081,20165,53.4439400240401,-1.94517936455507,Anima,Accurx,Accurx
HARTINGTON SURGERY,C81082,3497,53.1435412684904,-1.81190321128407,eConsult,eConsult,eConsult
WEST PARK SURGERY,C81083,16829,52.9015528454323,-1.27253062605815,Rapid Health,Accurx,Accurx
INSPIRE HEALTH - AVENUE HOUSE SURGERY,C81084,20315,53.2380315081268,-1.43357318384405,Accurx; Anima,Accurx,Accurx
HENMORE HEALTH - ASHBOURNE SURGERY,C81086,8022,53.0133557782248,-1.73749672487512,Accurx,Accurx,Accurx
STUBLEY MEDICAL CENTRE,C81089,6061,53.3050639327051,-1.48990689196525,Accurx,Accurx,Accurx
KILLAMARSH MEDICAL PRACTICE,C81091,8449,53.3248451267373,-1.31980788828559,Accurx,Accurx,Accurx
EVELYN MEDICAL CENTRE,C81092,5659,53.3496220437828,-1.74820538627105,Accurx,Accurx,Accurx
CRICH MEDICAL PRACTICE,C81094,8235,53.0843088120846,-1.48257557331046,eConsult,eConsult,eConsult
EMMETT CARR SURGERY,C81095,4856,53.2952340433753,-1.32520197655016,Silicon Health FootFall,Silicon Health FootFall,Silicon Health FootFall
CRAG'S HEALTH CARE,C81096,5719,53.2604322866586,-1.22295311415178,Accurx; Silicon Health FootFall,Silicon Health FootFall,Silicon Health FootFall
COLLEGE STREET MEDICAL PRACTICE,C81097,5783,52.9046397737109,-1.28197957064351,Rapid Health,Accurx,Accurx
LIMES MEDICAL CENTRE,C81099,10525,53.0982226963909,-1.38767963226825,Accurx,Accurx,Accurx
LIME GROVE MEDICAL CENTRE,C81101,8309,53.1391454910512,-1.55232575428736,eConsult,eConsult,eConsult
LAMBGATES HEALTH CENTRE,C81106,7438,53.4634787104483,-1.97015903960385,Accurx,Accurx,Accurx
MELBOURNE & CHELLASTON MEDICAL PRACTICE,C81108,15487,52.8217115417632,-1.42954632927432,Accurx,Accurx,Accurx
WELLBROOK MEDICAL CENTRE,C81110,12197,52.8714163857303,-1.62988733410009,Rapid Health,Accurx,Accurx
MICKLEOVER SURGERY,C81113,6506,52.9071886354122,-1.53641145980039,Rapid Health,Rapid Health,Rapid Health
GRESLEYDALE HEALTHCARE CENTRE,C81114,14087,52.7607582626701,-1.57684093103372,Silicon Health FootFall; SystmConnect,Silicon Health FootFall,Silicon Health FootFall
GLADSTONE HOUSE SURGERY,C81115,4966,52.9686559136053,-1.30813832207858,Rapid Health,Accurx,Accurx
DERBY FAMILY MEDICAL CENTRE,C81118,8442,52.9067471045449,-1.48174105838521,Rapid Health; Silicon Health FootFall,Silicon Health FootFall,Silicon Health FootFall
EDEN SURGERY,C81604,5061,52.9627173864155,-1.30257570654221,Accurx,Accurx,Accurx
MATLOCK AND ASHOVER PRACTICE,C81611,9799,53.1647185137779,-1.47709273720345,Anima,Accurx,Accurx
COTTAGE LANE SURGERY,C81615,2319,53.4469312240304,-1.98092993435532,Accurx,Accurx,Accurx
PEARTREE MEDICAL CENTRE,C81616,5379,52.9051472478427,-1.47534519753651,Accurx; Silicon Health FootFall,Silicon Health FootFall,Silicon Health FootFall
ARDEN HOUSE MEDICAL PRACTICE,C81634,4648,53.3666174846522,-2.00278701906645,Silicon Health FootFall,Silicon Health FootFall,Silicon Health FootFall
CASTLE STREET MEDICAL CENTRE,C81638,4035,53.2293785888114,-1.2936414291688,,Silicon Health FootFall,Silicon Health FootFall
SIMMONDLEY MEDICAL PRACTICE,C81640,3687,53.4400435880752,-1.96908556590278,Accurx,Accurx,Accurx
ST LAWRENCE ROAD SURGERY,C81647,4099,53.1802564825658,-1.38757786275699,Accurx,Accurx,Accurx
CALOW AND BRIMINGTON PRACTICE,C81649,8054,53.2574428090095,-1.39596200803036,Accurx,Accurx,Accurx
DERWENT MEDICAL CENTRE,C81652,4894,52.9293844404001,-1.47912561253604,Silicon Health FootFall,Silicon Health FootFall,Silicon Health FootFall
BROOK MEDICAL CENTRE,C81653,4542,52.9324674049318,-1.49434072551489,Silicon Health FootFall,Silicon Health FootFall,Silicon Health FootFall
FAMILY FRIENDLY SURGERY,C81655,3727,53.2292027573386,-1.28895193705062,Accurx,Accurx,Accurx
WINGERWORTH MEDICAL CENTRE,C81658,8039,53.2015287588459,-1.44037767537663,eConsult,eConsult,eConsult
BARLBOROUGH MEDICAL PRACTICE,C81662,8549,53.2893656401629,-1.28420166901888,Accurx,Accurx,Accurx
SOUTH LEICESTERSHIRE MEDICAL GROUP,C82001,25760,52.5359237438246,-0.997359199321368,Accurx; Rapid Health,Accurx,Accurx
COUNTESTHORPE HEALTH CENTRE,C82002,10884,52.555033472975,-1.13732623392195,Accurx,Accurx,Accurx
GREENGATE MEDICAL CENTRE,C82003,11547,52.6810544071609,-1.12636235483196,Accurx,Accurx,Accurx
GROBY ROAD MEDICAL CENTRE (ID PATCHETT),C82005,10867,52.6442155856418,-1.14989442615186,Accurx,Accurx,Accurx
CASTLE DONINGTON SURGERY,C82007,10701,52.842654438057,-1.33798248760598,Accurx,Accurx,Accurx
OAKMEADOW SURGERY (GJ INGRAMS),C82008,8348,52.640361034881,-1.19900482702791,Accurx,Accurx,Accurx
MARKET HARBOROUGH MED.CTR,C82009,29452,52.4767730734404,-0.925247736957358,Silicon Health FootFall,eConsult,eConsult
OAKHAM MEDICAL PRACTICE,C82010,14963,52.6718543461078,-0.738470007192985,Accurx,Accurx,Accurx
PINFOLD MEDICAL PRACTICE,C82011,12604,52.77152367282,-1.2031699698738,Accurx,Accurx,Accurx
IBSTOCK & BARLESTONE SURGERIES,C82012,12075,52.6854142198844,-1.40113762128188,eConsult,eConsult,eConsult
BUSHLOE SURGERY,C82013,13420,52.582801106073,-1.11712548613314,Accurx,Accurx,Accurx
CASTLE MEDICAL GROUP,C82014,18127,52.7515655225123,-1.48520557096753,Accurx; Rapid Health,Rapid Health,Rapid Health
LONG CLAWSON MEDICAL PRACTICE,C82016,11011,52.8391035400795,-0.923526109768168,Accurx,Accurx,Accurx
MEASHAM MEDICAL UNIT,C82017,15991,52.7049987519111,-1.50993730101791,Rapid Health,Rapid Health,Rapid Health
MANOR PARK MEDICAL PRACTICE,C82018,14005,52.6579931731765,-1.14185072414743,Accurx; Rapid Health,Accurx,Accurx
STURDEE ROAD HEALTH AND WELLBEING CENTRE,C82019,5858,52.5906285794436,-1.14523356872374,Accurx,Accurx,Accurx
DE MONTFORT SURGERY,C82020,20508,52.628582256254,-1.14119975148592,SystmConnect,SystmConnect,SystmConnect
THE CENTRAL SURGERY,C82021,7233,52.5988612898746,-1.08244288569414,Accurx,Accurx,Accurx
THE BILLESDON SURGERY,C82022,7364,52.6180875322806,-0.93882179590004,Accurx; Rapid Health,Accurx,Accurx
SPINNEY HILL MEDICAL CENTRE,C82024,19975,52.636749669732,-1.10892917906835,Accurx; SystmConnect,SystmConnect,SystmConnect
THE WYCLIFFE MEDICAL PRACTICE,C82025,10742,52.4572580562797,-1.1980045353865,Rapid Health,Patchs,Patchs
BRIDGE STREET MEDICAL PRACTICE,C82026,8270,52.7748227088644,-1.20692508541008,Accurx,Accurx,Accurx
THE OLD SCHOOL SURGERY,C82027,7452,52.5477085380872,-1.28174082083756,Rapid Health,,Rapid Health
MARKFIELD MEDICAL CENTRE,C82028,7313,52.6840354745285,-1.27347153713733,Accurx,Accurx,Accurx
DOWNING DRIVE SURGERY,C82030,6851,52.6247514075989,-1.06503073955108,Accurx,Accurx,Accurx
JOHNSON MEDICAL PRACTICE,C82031,14898,52.6526221741139,-1.06752600230559,Accurx,Accurx,Accurx
THE ANSTEY SURGERY,C82032,7343,52.6736465087803,-1.18617759395821,Accurx,Accurx,Accurx
HUMBERSTONE MEDICAL CENTRE (IP JONES),C82033,11480,52.6448833358244,-1.08619502192217,Accurx,Accurx,Accurx
QUORN MEDICAL CENTRE,C82034,9666,52.7429474565905,-1.16926300549019,Accurx,Accurx,Accurx
PARK VIEW SURGERY,C82035,7922,52.7697903659203,-1.20284958304718,Accurx,Accurx,Accurx
EAST PARK MEDICAL CENTRE (RP PANDYA),C82037,10362,52.6325248227301,-1.1054097149924,Accurx,Accurx,Accurx
LATHAM HOUSE MEDICAL PRACTICE,C82038,37305,52.7653481308521,-0.883387677936931,Accurx,Accurx,Accurx
KINGSWAY SURGERY,C82039,11095,52.6054827679214,-1.17477293332107,Accurx; Rapid Health,Rapid Health,Rapid Health
ORCHARD SURGERY,C82040,9215,52.8368998202766,-1.27840589658787,SystmConnect,SystmConnect,SystmConnect
CHARNWOOD MEDICAL GROUP,C82041,13125,52.7740976302534,-1.22006165843125,Accurx,,Accurx
THE COUNTY PRACTICE,C82042,12819,52.7001851128079,-1.07287631046742,Accurx,Accurx,Accurx
STATION VIEW HEALTH CENTRE,C82043,10944,52.5362460361818,-1.3718464140498,Accurx,Accurx,Accurx
EMPINGHAM MEDICAL CENTRE,C82044,9446,52.6677331313543,-0.593561645194085,SystmConnect,SystmConnect,SystmConnect
WHITWICK ROAD SURGERY,C82045,8614,52.7265428699726,-1.36664364009784,Accurx,Accurx,Accurx
SAFFRON GROUP PRACTICE,C82046,17173,52.6016376480614,-1.14098841885761,Accurx,Accurx,Accurx
MAPLES FAMILY MED.PRACT.,C82047,10656,52.539640090507,-1.36768433930983,Accurx,Accurx,Accurx
ROSEMEAD DRIVE SURGERY,C82048,5364,52.5929507304396,-1.08191678200138,Accurx,Accurx,Accurx
LONG LANE SURGERY,C82050,13949,52.721865046181,-1.3576947324735,Accurx,Accurx,Accurx
NEWBOLD VERDON MED.PRACT.,C82051,11952,52.6349818821687,-1.34352612612829,Accurx,,Accurx
DR AM LEWIS' PRACTICE,C82052,3716,52.7425755024763,-1.36067881786599,Accurx,Accurx,Accurx
HOCKLEY FARM MED PRACT (A NANA),C82053,10954,52.6305810951881,-1.18622438919495,Rapid Health,Rapid Health,Rapid Health
THE BURBAGE SURGERY,C82054,12448,52.5305221641148,-1.36227255284454,Accurx,,Accurx
THE LIMES MEDICAL CENTRE,C82055,14362,52.5739659119542,-1.19999226256792,Accurx,Accurx,Accurx
THE GLENFIELD SURGERY,C82056,14066,52.6559426896234,-1.19558471386567,Accurx,Accurx,Accurx
WESTCOTES GP SURGERY (ONE),C82059,1888,52.6283224526851,-1.15005461833122,SystmConnect,,SystmConnect
THE PRACTICE-SAYEED,C82060,4082,52.6300716320272,-1.10674514890945,SystmConnect,Accurx,Accurx
BARWELL & HOLLYCROFT MEDICAL CENTRES,C82061,15564,52.5672173154814,-1.34868376005984,Rapid Health,Patchs,Patchs
BARROW HEALTH CENTRE,C82062,9038,52.7519283574125,-1.15040921002085,Accurx,Accurx,Accurx
EAST LEICESTER MED PRACT(S LONGWORTH),C82063,12185,52.6418049997084,-1.09605754735863,Accurx,Accurx,Accurx
FOREST HOUSE SURGERY,C82064,12234,52.7677470541742,-1.28736012002293,Accurx,Accurx,Accurx
FOREST MEDICAL GROUP,C82066,17543,52.6265286597816,-1.20105837433153,Accurx,Accurx,Accurx
THE CROFT MEDICAL CENTRE,C82067,8710,52.594182390729,-1.07039078739511,Accurx,SystmConnect,SystmConnect
NORTHFIELD MEDICAL CENTRE,C82068,12380,52.5767496723647,-1.16437752648155,Accurx,Accurx,Accurx
WOODBROOK MEDICAL CENTRE,C82070,10244,52.7746133314333,-1.20943038689075,Accurx,Patchs,Patchs
WIGSTON CENTRAL SURGERY,C82071,14375,52.582801106073,-1.11712548613314,Accurx,Accurx,Accurx
BROOM LEYS SURGERY,C82072,8743,52.723455183939,-1.34761796392133,Accurx,Accurx,Accurx
MERRIDALE MEDICAL CENTRE (RP TEW),C82073,14072,52.6198272457903,-1.16018981426126,Accurx,Accurx,Accurx
CASTLE MEAD MEDICAL CENTRE,C82075,11002,52.5399912249207,-1.36778250712768,Accurx,,Accurx
THE WELBY PRACTICE,C82076,6841,52.9420188465657,-0.805034021529352,Evergreen Health,askmyGP,askmyGP
THE UPPINGHAM SURGERY,C82077,12678,52.5949513672545,-0.723566343316499,Accurx,Accurx,Accurx
THE JUBILEE MEDICAL PRACTICE,C82078,11879,52.7001851128079,-1.07287631046742,Accurx,Accurx,Accurx
SOUTH WIGSTON HEALTH CTR.,C82079,6872,52.5803428493009,-1.12982037849548,Accurx,SystmConnect,SystmConnect
SHEFA MEDICAL PRACTICE,C82080,4674,52.631670010097,-1.11971497802407,Accurx,Accurx,Accurx
THE CENTRE SURGERY,C82082,5558,52.5404044974377,-1.36773233901484,Accurx,Accurx,Accurx
DR B MODI,C82084,3810,52.6515116254121,-1.11257600576513,SystmConnect,Accurx,Accurx
FOSSE MEDICAL CENTRE (DR H MUKADAM),C82086,10219,52.6359335979741,-1.15209412958241,Accurx,Accurx,Accurx
HORIZON HEALTHCARE,C82088,10418,52.6241687494746,-1.1036448079652,Accurx; Klinik,Klinik,Klinik
BIRSTALL MEDICAL CENTRE,C82091,10047,52.6759478784789,-1.11770905702786,Accurx,Accurx,Accurx
AYLESTONE HEALTH CENTRE,C82092,4763,52.605673693423,-1.15246924061252,Accurx,Accurx,Accurx
THE ORCHARD MED PRACTICE,C82093,12622,52.5343579139422,-1.23155367783144,Accurx,Accurx,Accurx
BEAUMONT LODGE MEDICAL PRACTICE,C82094,6794,52.6583860608324,-1.16030873583311,Accurx,Accurx,Accurx
ALPINE HOUSE SURGERY,C82095,9058,52.7239033422425,-1.13895813410655,Accurx,Accurx,Accurx
HUGGLESCOTE SURGERY,C82096,10221,52.7106091030334,-1.36422477331814,Accurx,Accurx,Accurx
CHARNWOOD SURGERY,C82097,3051,52.7216411108475,-1.13670378164324,Accurx,Accurx,Accurx
HAZELMERE MEDICAL CENTRE,C82098,7240,52.572247399676,-1.16462540102733,Accurx,Accurx,Accurx
AL-WAQAS MEDICAL CENTRE,C82099,4614,52.6290268759054,-1.10887917652696,Accurx,Accurx,Accurx
THE HEDGES MEDICAL CENTRE (SA BAILEY),C82100,6423,52.5916291030671,-1.14559791485564,Accurx,Accurx,Accurx
MANOR HOUSE SURGERY,C82102,4806,52.7835141547527,-1.33927752556056,Accurx,Accurx,Accurx
DISHLEY GRANGE MEDICAL PRACTICE,C82103,6833,52.7791773465935,-1.24005623418926,SystmConnect,Accurx,Accurx
COSSINGTON PARK SURGERY,C82107,7704,52.6483940614344,-1.12128602005416,Accurx,Accurx,Accurx
HUSBANDS BOSWORTH MEDICAL CENTRE,C82109,5309,52.4503000259755,-1.05588396636917,Accurx,eConsult,eConsult
CAMPUS VIEW MEDICAL CENTRE,C82111,16618,52.7648280638124,-1.22951959842005,Accurx,Accurx,Accurx
SEVERN SURGERY,C82112,9601,52.5991168782058,-1.06340609606715,Accurx; SystmConnect,,Unknown
DR U K ROY,C82114,2400,52.6310571499294,-1.15280892748814,Accurx,Accurx,Accurx
HIGHFIELDS SURGERY (R WADHWA),C82116,5105,52.6292867901178,-1.1183887520849,Accurx; Rapid Health,Rapid Health,Rapid Health
NARBOROUGH ROAD SURGERY,C82119,3293,52.624384029193,-1.15335804127955,Klinik,Klinik,Klinik
WHITWICK HEALTH CENTRE,C82120,3945,52.7425755024763,-1.36067881786599,Accurx; Rapid Health,Patchs,Patchs
HEATH LANE SURGERY,C82121,14844,52.5752088675958,-1.3229338204493,Accurx,Accurx,Accurx
VICTORIA PARK HEALTH CENTRE,C82124,24637,52.6192498514485,-1.12147074747197,eConsult,,eConsult
THE BANKS SURGERY,C82600,6234,52.7308900602256,-1.10614061258975,Accurx,Accurx,Accurx
THE PARKS MEDICAL CENTRE (B HAINSWORTH),C82610,6819,52.6464356188532,-1.17916081549225,Accurx,Accurx,Accurx
THE MASHARANI PRACTICE,C82611,6982,52.4572869413282,-1.19810128938495,Accurx,Accurx,Accurx
SPIRIT PRIMARY CARE LIMITED-ASQUITH,C82614,4290,52.600384254072,-1.1160307619849,SystmConnect,SystmConnect,SystmConnect
DR S SHAFI,C82620,2331,52.6282159438683,-1.14899293746109,SystmConnect,,SystmConnect
SPIRIT PRIMARY CARE LTD-BEAUMONT LEYS,C82624,8294,52.6622962120059,-1.15392032597029,SystmConnect,SystmConnect,SystmConnect
SILVERDALE MEDICAL CENTRE,C82627,8230,52.672300125644,-1.09051312962896,Accurx,Accurx,Accurx
GROBY SURGERY,C82628,3531,52.6617532949918,-1.2257587116474,Accurx,Accurx,Accurx
ENDERBY MEDICAL CENTRE,C82631,7074,52.5870605529842,-1.21148836719663,Accurx; Rapid Health,Accurx,Accurx
RATBY MEDICAL CENTRE,C82634,6439,52.646385510953,-1.24766614546363,Accurx,Accurx,Accurx
WESTEND MEDICAL PRACTICE,C82639,10194,52.6296384900983,-1.15431378843894,Accurx,Accurx,Accurx
HIGHFIELDS MEDICAL CENTRE,C82642,9586,52.6411357864692,-1.10879573441028,Accurx,Accurx,Accurx
COMMUNITY HEALTH CENTRE (ZS OSAMA),C82643,14314,52.6339504942347,-1.11328590723796,Accurx,Accurx,Accurx
DR MK LAKHANI'S PRACTICE,C82644,5076,52.7321468527445,-1.1014415171335,Accurx,Accurx,Accurx
MARKET OVERTON & SOMERBY SURGERIES,C82649,5790,52.7402605753106,-0.682222787406052,Accurx,Accurx,Accurx
DESFORD MEDICAL CENTRE,C82650,5400,52.6275426071502,-1.29587092524149,Accurx,Accurx,Accurx
BROADHURST ST MED PRACT (KS MORJARIA),C82651,3787,52.6537138882233,-1.11856282957805,Accurx,Accurx,Accurx
WESTCOTES GP SURGERY (TWO),C82653,2050,52.6283224526851,-1.15005461833122,SystmConnect,,SystmConnect
FIELD STREET SURGERY,C82656,3106,52.77124904665,-1.29219155486892,,Accurx,Accurx
DR R KAPUR & PARTNERS,C82659,2891,52.631670010097,-1.11971497802407,Klinik,Klinik,Klinik
ST PETER'S MED CENTRE (MANSINGH & MEHRA),C82660,7470,52.631670010097,-1.11971497802407,Klinik,,Klinik
WALNUT ST MED CTR,C82662,8669,52.6245952615064,-1.13850916445216,Accurx,Accurx,Accurx
THE CHARNWOOD PRACTICE,C82667,8188,52.6411357864692,-1.10879573441028,Accurx; Rapid Health,Accurx,Accurx
THE SURGERY @ AYLESTONE,C82669,4192,52.6024218608442,-1.15502987622277,Accurx,Accurx,Accurx
INCLUSION HEALTHCARE,C82670,772,52.6377754263621,-1.1357590036376,Accurx,Accurx,Accurx
BRANDON SURGERY DR R KAPUR & PARTNER,C82671,8295,52.6483940614344,-1.12128602005416,Klinik,Klinik,Klinik
ST ELIZABETH'S MEDICAL CENTRE (JA WOOD),C82676,7503,52.6481410511763,-1.06244794440625,Accurx,,Accurx
THURMASTON HEALTH CENTRE,C82678,5529,52.6727834601532,-1.10252709798283,Anima,Anima,Anima
SPIRIT PRIMARY CARE LTD-RUSHEY MEAD,C82680,4749,52.6628504136867,-1.10334178032317,SystmConnect,SystmConnect,SystmConnect
HEART OF LINCOLN HEALTH GROUP,C83001,27288,53.2241048588924,-0.539975022337849,Anima,Anima,Anima
NAVENBY CLIFF VILLAGES SURGERY,C83002,8709,53.1026073731798,-0.528921890601852,SystmConnect,SystmConnect,SystmConnect
BEECHFIELD MEDICAL CENTRE,C83003,21017,52.7872605773524,-0.145851586569761,Accurx,Accurx,Accurx
LIQUORPOND SURGERY,C83004,11558,52.9734997454524,-0.0259245407019326,Accurx,Accurx,Accurx
SPILSBY SURGERY,C83005,7287,53.1731803579203,0.0986404769826391,Accurx,,Accurx
LAKESIDE HEALTHCARE STAMFORD,C83007,26820,52.656090254181,-0.468060204368965,Anima,Anima,Anima
SWINGBRIDGE SURGERY,C83008,7814,52.902198232277,-0.666060239356156,Evergreen Health,askmyGP,askmyGP
LINDUM MEDICAL PRACTICE,C83009,8562,53.2471999695128,-0.524410539795819,Accurx,Accurx,Accurx
PARKSIDE MEDICAL CENTRE,C83010,18619,52.9815216964745,-0.0220055719201312,SystmConnect,Accurx,Accurx
MILLVIEW MEDICAL CENTRE,C83011,12552,52.9808877616338,-0.307328889367255,Evergreen Health,askmyGP,askmyGP
RUSKINGTON SURGERY,C83013,7937,53.0486680157884,-0.400453362295186,Accurx,Accurx,Accurx
BOULTHAM PARK MEDICAL PRACTICE,C83014,10223,53.211134316817,-0.560496570415877,Accurx,Accurx,Accurx
SWINESHEAD SURGERY,C83015,8712,52.9402217901847,-0.158818022229249,Accurx,Accurx,Accurx
CLEVELAND SURGERY,C83018,12009,53.4104445461079,-0.780498485151228,Evergreen Health,askmyGP,askmyGP
BEACON MEDICAL PRACTICE,C83019,22272,53.1576334736364,0.331227461782166,Anima,Anima,Anima
CAYTHORPE & ANCASTER MEDICAL PRACTICE,C83020,10302,52.9811829951268,-0.534799396305158,Evergreen Health,askmyGP,askmyGP
MUNRO MEDICAL CENTRE,C83022,22990,52.794019825946,-0.147434896263504,Accurx,Accurx,Accurx
SLEAFORD MEDICAL GROUP,C83023,17478,52.9977844494337,-0.406506879477343,SystmConnect,SystmConnect,SystmConnect
THE GLENSIDE COUNTRY PRACTICE,C83024,3726,52.754862389716,-0.538109136949207,Evergreen Health,askmyGP,askmyGP
RICHMOND MEDICAL CENTRE,C83025,18844,53.1875752469713,-0.596906205504115,Accurx,Accurx,Accurx
THE DEEPINGS PRACTICE,C83026,23204,52.6837259578552,-0.316193931927824,Accurx,Accurx,Accurx
HORNCASTLE MEDICAL GROUP,C83027,10345,53.2077162284842,-0.108796571432829,Anima,Anima,Anima
HOLBEACH MEDICAL CENTRE,C83028,7899,52.8050577544984,0.0168876588206939,Accurx,Accurx,Accurx
BRANSTON & HEIGHINGTON FAMILY PRACTICE,C83029,4317,53.1937527678853,-0.468556138536613,Accurx; SystmConnect,SystmConnect,SystmConnect
BILLINGHAY MEDICAL PRACTICE,C83030,5236,53.0781911469562,-0.276806196524906,Evergreen Health,askmyGP,askmyGP
NETTLEHAM MEDICAL PRACTICE,C83031,12152,53.2635612364404,-0.477937911797039,SystmConnect,SystmConnect,SystmConnect
MERTON LODGE SURGERY,C83032,6918,53.2601932154847,0.17621761782262,Accurx,Accurx,Accurx
HIBALDSTOW MEDICAL PRACTICE,C83033,3767,53.5106763790388,-0.526252576933022,Accurx,,Accurx
HEREWARD MEDICAL CENTRE,C83035,12642,52.7686261996891,-0.380912849192183,Anima,Anima,Anima
GOSBERTON MEDICAL CENTRE,C83036,8374,52.8701975402299,-0.156533115569804,Accurx,Accurx,Accurx
WELTON FAMILY HEALTH CENTRE,C83037,9883,53.3065879514724,-0.484843588610217,Accurx,Accurx,Accurx
THE GLEBE PRACTICE,C83038,8009,53.2720445298401,-0.671761452468892,Accurx,Accurx,Accurx
MOULTON MEDICAL CENTRE,C83039,5618,52.7962772567586,-0.0623427402755776,Accurx,Accurx,Accurx
ST. PETERS HILL SURGERY,C83040,14590,52.9100726646978,-0.639824501914605,Evergreen Health,askmyGP,askmyGP
THE WOODLAND MEDICAL PRACTICE,C83041,7651,53.2154579417728,-0.605834753620509,Accurx,Accurx,Accurx
MARSH MEDICAL PRACTICE,C83042,7001,53.4444749238867,0.145706846476207,Accurx,Accurx,Accurx
MARKET RASEN SURGERY,C83043,10607,53.3856961362876,-0.337911822857012,Evergreen Health,askmyGP,askmyGP
CASKGATE STREET SURGERY,C83044,12517,53.3991702945294,-0.777677365225085,Accurx,,Accurx
HAWTHORN MEDICAL PRACTICE,C83045,16682,53.1414623967819,0.31998921671779,SystmConnect,SystmConnect,SystmConnect
THE HEATH SURGERY,C83046,6121,53.1965059800771,-0.535304044524607,SystmConnect,,SystmConnect
ST. JOHNS MEDICAL CENTRE,C83048,13219,52.9070326775795,-0.638135363928001,Evergreen Health,Engage GP,Engage GP
DR SINHA & PARTNERS,C83049,9473,53.0301378766463,0.100203711640856,SystmConnect,SystmConnect,SystmConnect
ABBEY MEDICAL PRACTICE,C83051,8756,53.2305681951729,-0.530666206295559,Accurx,askmyGP,askmyGP
THE INGHAM SURGERY,C83052,4175,53.3362322425847,-0.576172571263404,Evergreen Health,,Evergreen Health
COLSTERWORTH SURGERY,C83053,2440,52.8063876632088,-0.619355588390698,Accurx,Accurx,Accurx
BOURNE GALLETLY PRACTICE TEAM,C83054,16055,52.7747532095754,-0.376091400764841,Accurx,Accurx,Accurx
STICKNEY SURGERY,C83055,6221,53.0922616399665,0.0041038357503023,Accurx,Accurx,Accurx
EAST LINDSEY MEDICAL GROUP,C83056,14128,53.3622157859918,0.0022645671263761,SystmConnect,SystmConnect,SystmConnect
KIRTON MEDICAL CENTRE,C83057,8363,52.9337562825143,-0.0591349471805806,Accurx,Accurx,Accurx
WASHINGBOROUGH SURGERY,C83058,9343,53.2218263620734,-0.473351624551928,Accurx,Accurx,Accurx
GREYFRIARS SURGERY,C83059,14079,52.9754633258741,-0.0228155022377963,Accurx,Accurx,Accurx
THE SIDINGS MEDICAL PRACTICE,C83060,15435,52.9757656904354,-0.0324926345130113,Evergreen Health,askmyGP,askmyGP
NORTH THORESBY SURGERY,C83061,9031,53.4650643227188,-0.0549671000001454,Accurx; SystmConnect,SystmConnect,SystmConnect
CHURCH WALK SURGERY,C83062,5916,53.1378300616324,-0.399729516802518,SystmConnect,SystmConnect,SystmConnect
LONG SUTTON MEDICAL CTR.,C83063,15826,52.7852775899221,0.116928189338923,Accurx,Accurx,Accurx
MARISCO MEDICAL PRACTICE,C83064,14220,53.338675906987,0.257752702761895,Accurx,Accurx,Accurx
LITTLEBURY MEDICAL CENTRE,C83065,9654,52.8020542517103,0.0176851989100286,Accurx,Accurx,Accurx
LONG BENNINGTON MEDICAL CENTRE,C83067,7054,52.9981837871312,-0.760062050079662,Accurx,Accurx,Accurx
MINSTER MEDICAL PRACTICE,C83072,9580,53.2470886164157,-0.52412960844102,SystmConnect,SystmConnect,SystmConnect
CLIFF HOUSE MEDICAL PRACTICE,C83073,8331,53.2387153876474,-0.54502140292538,Anima,Anima,Anima
WILLINGHAM-BY-STOW SURGERY,C83074,4990,53.3508506208554,-0.682774291233043,Evergreen Health,askmyGP,askmyGP
VINE STREET SURGERY,C83075,10386,52.9140315475171,-0.642690645311703,Evergreen Health,,Evergreen Health
BRANT ROAD & SPRINGCLIFFE SURGERY,C83078,8850,53.1871919952712,-0.557287453631696,Evergreen Health,askmyGP,askmyGP
GLEBE PARK SURGERY,C83079,7345,53.246577837293,-0.509534393512412,Evergreen Health,askmyGP,askmyGP
THE HARROWBY LANE SURGERY,C83080,5833,52.920335550951,-0.614420740565092,Accurx,Accurx,Accurx
BIRCHWOOD MEDICAL PRACTICE,C83082,10786,53.2157492309303,-0.605376004694893,Accurx,Accurx,Accurx
THE NEW CONINGSBY SURGERY,C83083,7652,53.1048204360035,-0.174411908084322,Evergreen Health,,Evergreen Health
JAMES STREET FAMILY PRACTICE,C83085,13463,53.3691687111244,-0.0006260850445684,Accurx,Accurx,Accurx
THE BASSINGHAM SURGERY,C83611,7228,53.1266412782275,-0.63698726944788,Accurx,Accurx,Accurx
CAISTOR HEALTH CENTRE,C83613,5320,53.4942934947348,-0.315020234354848,Accurx,Accurx,Accurx
SUTTERTON SURGERY,C83614,3613,52.9017341114236,-0.0962585707667069,Accurx; SystmConnect,,Unknown
ABBEYVIEW SURGERY,C83617,9238,52.6745514432011,-0.165113800015014,Accurx,,Accurx
BRAYFORD MEDICAL PRACTICE,C83626,11027,53.2300014613987,-0.544777500257309,Accurx,,Accurx
TASBURGH LODGE SURGERY,C83634,5004,53.1512417270267,-0.213749983994212,Accurx,Accurx,Accurx
WOODHALL SPA NEW SURGERY,C83635,5339,53.1540947643872,-0.206781832877728,Evergreen Health,askmyGP,askmyGP
TRENT VALLEY SURGERY,C83641,4005,53.2720402717975,-0.67205715459143,Accurx,Accurx,Accurx
BINBROOK SURGERY,C83643,2381,53.4270744901629,-0.178801066055785,Accurx,,Accurx
MARKET CROSS SURGERY,C83649,5100,52.8099693450207,-0.514013542400128,Accurx; SystmConnect,SystmConnect,SystmConnect
THE WRAGBY SURGERY,C83650,4193,53.2881489047054,-0.301569243763788,Accurx,,Accurx
LARWOOD SURGERY,C84001,31332,53.3187745494657,-1.10423289165776,SystmConnect,SystmConnect,SystmConnect
ST ALBANS MEDICAL CENTRE,C84004,9763,53.0071154646026,-1.19303745137897,Evergreen Health,Evergreen Health,Evergreen Health
VILLAGE HEALTH GROUP,C84005,28149,52.8319292116301,-1.17626328853306,SystmConnect,SystmConnect,SystmConnect
TUXFORD MEDICAL CENTRE,C84008,6243,53.2315543471572,-0.89149177359791,Accurx,,Accurx
BARNBY GATE SURGERY,C84009,13645,53.074930758219,-0.804970259254219,Accurx,Accurx,Accurx
TRENTSIDE MEDICAL GROUP,C84010,18812,52.9630184395787,-1.0789972119729,SystmConnect,SystmConnect,SystmConnect
ELMSWOOD SURGERY,C84011,9027,52.9837513603186,-1.14159269399823,Accurx,Accurx,Accurx
WILLOWBROOK MEDICAL PRACTICE,C84012,11962,53.1227247755139,-1.26781688356755,Accurx,Accurx,Accurx
KINGFISHER FAMILY PRACTICE,C84013,15901,53.3259312734639,-0.954697873038465,Accurx,Accurx,Accurx
WOODLANDS MEDICAL PRACTICE,C84014,11798,53.1173304382476,-1.27947303708232,Accurx,Accurx,Accurx
OAKWOOD SURGERY,C84016,15856,53.1640147392796,-1.19308990076557,Rapid Health,Patchs,Patchs
BELVOIR HEALTH GROUP,C84017,26849,52.9525704311526,-0.954266858377794,SystmConnect,SystmConnect,SystmConnect
THE FAMILY MEDICAL CENTRE,C84018,12387,52.9578654933801,-1.12852891733161,SystmConnect,SystmConnect,SystmConnect
FOUNTAIN MEDICAL CENTRE,C84019,12274,53.0730722226984,-0.804305236833092,Accurx,Accurx,Accurx
CHURCHSIDE MEDICAL PRACTICE,C84020,6926,53.1469014732549,-1.20140971939626,Accurx,Accurx,Accurx
MIDDLETON LODGE PRACTICE,C84021,13083,53.2061114288512,-1.00703782809609,Accurx,Accurx,Accurx
THE UNIV OF NOTTINGHAM HEALTH SERV,C84023,40952,52.9421774033593,-1.19594228807239,Accurx,Accurx,Accurx
NEWGATE MEDICAL GROUP,C84024,29664,53.3010647796309,-1.12340530203549,Accurx,Accurx,Accurx
EAST BRIDGFORD MED CENTRE,C84025,8103,52.9791796046646,-0.961721701403794,Accurx,Accurx,Accurx
STENHOUSE MEDICAL CENTRE,C84026,12751,53.0049360359468,-1.1299807965994,SystmConnect,SystmConnect,SystmConnect
THE RUDDINGTON MED CENTRE,C84028,7714,52.8917238777228,-1.15137834897262,SystmConnect,SystmConnect,SystmConnect
LOMBARD MEDICAL CENTRE,C84029,22436,53.0743068896898,-0.810400180785871,SystmConnect,SystmConnect,SystmConnect
THE OAKS MEDICAL CENTRE,C84030,12025,52.928344692854,-1.21509127482194,SystmConnect,SystmConnect,SystmConnect
"EASTWOOD PRIMARY CARE CENTRE, CHURCH STREET SITE",C84032,17812,53.0160635353647,-1.30775319909611,SystmConnect,SystmConnect,SystmConnect
WESTDALE LANE SURGERY,C84033,9344,52.9725352998625,-1.08296396685071,SystmConnect,SystmConnect,SystmConnect
CHURCHFIELDS MEDICAL PRACTICE,C84034,8741,52.9790103769434,-1.17929297828522,Accurx,Accurx,Accurx
CROWN HOUSE SURGERY,C84035,11480,53.3258832874444,-0.954781774954535,Accurx,Accurx,Accurx
FOREST MEDICAL,C84036,18966,53.1500351446742,-1.20491033521705,Accurx,Accurx,Accurx
ABBEY MEDICAL GROUP,C84037,12658,53.1006200584861,-1.11913542630557,Accurx,Accurx,Accurx
DERBY ROAD HEALTH CENTRE,C84039,12185,52.9507048760094,-1.17703055252673,SystmConnect,SystmConnect,SystmConnect
SAXON CROSS SURGERY,C84042,7140,52.9303841476549,-1.27338849212536,Accurx,Accurx,Accurx
LEEN VIEW SURGERY,C84043,12632,52.9980512152227,-1.19658873277838,Accurx,Accurx,Accurx
DEER PARK FAMILY MEDICAL PRACTICE,C84044,10613,52.9492222753502,-1.23083213097668,Accurx,Accurx,Accurx
COLLINGHAM MEDICAL CENTRE,C84045,8036,53.1459101837552,-0.759098601333015,Accurx,SystmConnect,SystmConnect
CLIFTON MEDICAL PRACTICE,C84046,9136,52.9038640508671,-1.17625295792316,SystmConnect,SystmConnect,SystmConnect
THE CALVERTON PRACTICE,C84047,10629,53.0370652508747,-1.0810886618522,SystmConnect,SystmConnect,SystmConnect
SOUTHWELL MEDICAL CENTRE,C84049,12142,53.0813357129551,-0.955458874141525,SystmConnect,SystmConnect,SystmConnect
ORCHARD MEDICAL PRACTICE,C84051,19104,53.1411212433934,-1.20676419937126,Accurx,Accurx,Accurx
TORKARD HILL MEDICAL CTRE,C84053,16855,53.0319804340758,-1.20915543689126,Accurx,,Accurx
HIGHCROFT SURGERY,C84055,11215,53.0043425967014,-1.12874629205676,eConsult,eConsult,eConsult
PLEASLEY SURGERY,C84057,4400,53.174740294754,-1.24972650027071,Accurx,Accurx,Accurx
SHERWOOD MEDICAL PARTNERSHIP,C84059,13029,53.1574884051535,-1.13787762465017,Accurx,Accurx,Accurx
RIVERGREEN MEDICAL CENTRE,C84060,8570,52.9069309609366,-1.17516884947547,Accurx,Accurx,Accurx
KING'S MEDICAL CENTRE,C84061,9648,53.1235586197466,-1.2630955400712,Accurx,Accurx,Accurx
GREENDALE PRIMARY CARE CENTRE,C84063,8582,52.955435413871,-1.12080750681602,SystmConnect,SystmConnect,SystmConnect
PARKSIDE MEDICAL CENTRE,C84064,10564,52.9980512152227,-1.19658873277838,SystmConnect,,SystmConnect
ABBEY MEDICAL CENTRE,C84065,5172,52.9328181702008,-1.22005390428001,Accurx,Accurx,Accurx
DAYBROOK MEDICAL PRACTICE,C84066,10532,53.0017225727679,-1.13928427955639,SystmConnect,SystmConnect,SystmConnect
ASHFIELD HOUSE (ANNESLEY),C84067,5566,53.0763994612608,-1.25703425776322,Accurx,Accurx,Accurx
ROUNDWOOD SURGERY,C84069,13124,53.1473358721283,-1.20050455884261,Accurx,Accurx,Accurx
THE WELLSPRING SURGERY,C84072,10509,52.9627581167197,-1.13612872415145,Blinx,Patchs,Patchs
FAMILY MEDICAL CENTRE (KIRKBY),C84074,5354,53.107136043111,-1.23609987071048,SystmConnect,,SystmConnect
KIRKBY HEALTH CENTRE,C84076,4068,53.1003313884488,-1.24458420350329,Engage GP,Accurx,Accurx
BRIERLEY PARK MEDICAL GROUP,C84077,18844,53.1289042379676,-1.29681031449427,SystmConnect,SystmConnect,SystmConnect
HUCKNALL ROAD MEDICAL CENTRE,C84078,13068,52.9899716895358,-1.16810591665735,Accurx,Accurx,Accurx
THE MANOR SURGERY,C84080,13789,52.9250360081351,-1.2163708509185,SystmConnect,SystmConnect,SystmConnect
JOHN RYLE MEDICAL PRACTICE,C84081,6937,52.9038640508671,-1.17625295792316,Accurx,,Accurx
RADCLIFFE-ON-TRENT. HEALTH CENTRE,C84084,8553,52.9461390222102,-1.03822005762103,Accurx,,Accurx
VICTORIA AND MAPPERLEY PRACTICE,C84085,10807,52.9572115949809,-1.14619701600529,Accurx,Accurx,Accurx
ST GEORGES MED PRACTICE,C84086,15118,52.9307540212298,-1.13234636576518,SystmConnect,SystmConnect,SystmConnect
RAINWORTH HEALTH CENTRE,C84087,5625,53.1167354276492,-1.11880615239575,Accurx,Accurx,Accurx
MUSTERS MEDICAL PRACTICE,C84090,9300,52.9304764806962,-1.14490806694728,Rapid Health,Rapid Health,Rapid Health
ASPLEY MEDICAL CENTRE,C84091,8791,52.9721018287914,-1.20558645652686,Accurx,SystmConnect,SystmConnect
BRIDGEWAY PRACTICE,C84092,5278,52.9435737437495,-1.14734346335631,Accurx,Accurx,Accurx
RIVERSIDE HEALTH CENTRE,C84094,24262,53.3243348255437,-0.943319148435477,Anima,Anima,Anima
OAKENHALL MEDICAL PRACT,C84095,7072,53.0366168748333,-1.19943657289109,Accurx,Accurx,Accurx
BAWTRY AND BLYTH MEDICAL,C84101,3694,53.4318724590562,-1.01944979992866,Accurx,Accurx,Accurx
FAIRFIELDS PRACTICE,C84105,7408,52.9644953920079,-1.17194485520043,Accurx,Accurx,Accurx
MILLVIEW SURGERY,C84106,8237,53.1444562410979,-1.2027258766487,Accurx,Accurx,Accurx
THE LINDEN MEDICAL GROUP,C84107,6930,52.9303841476549,-1.27338849212536,SystmConnect,Accurx,Accurx
BRAMCOTE SURGERY,C84112,3809,52.9363236841974,-1.2464752842623,Accurx,Accurx,Accurx
MAJOR OAK MEDICAL PRACTICE,C84113,7429,53.1941973113276,-1.06477056567641,Accurx,Accurx,Accurx
PLAINS VIEW SURGERY,C84115,9934,52.9861304425849,-1.11903756240052,SystmConnect,SystmConnect,SystmConnect
MELBOURNE PARK MEDICAL CENTRE,C84116,8344,52.9757518890822,-1.19178989843269,Accurx,Accurx,Accurx
RADFORD MEDICAL PRACTICE (KAUR),C84117,20127,52.9563388063396,-1.16763488889058,Accurx,Accurx,Accurx
CHILWELL VALLEY AND MEADOWS PRACTICE,C84120,15777,52.9051764655559,-1.24319912997137,SystmConnect,SystmConnect,SystmConnect
WOLLATON PARK MEDICAL CENTRE,C84122,10842,52.9542226297193,-1.19451327715976,Accurx,Accurx,Accurx
BILSTHORPE SURGERY,C84123,4403,53.1421264646007,-1.03491572378007,Accurx,Accurx,Accurx
RISE PARK SURGERY,C84129,9801,53.0110285303413,-1.17507896563118,Accurx,Accurx,Accurx
NEWTHORPE MEDICAL PRACTICE,C84131,8647,53.0124953580462,-1.29864370743181,SystmConnect,SystmConnect,SystmConnect
ST. LUKE'S SURGERY,C84136,4827,52.9563388063396,-1.16763488889058,Accurx,,Accurx
LOWMOOR ROAD SURGERY,C84140,4953,53.100062025742,-1.24463372659292,Accurx,Accurx,Accurx
SELSTON SURGERY,C84142,5232,53.0705102010712,-1.30135847634237,SystmConnect,SystmConnect,SystmConnect
THE MEADOWS HEALTH CENTRE,C84144,5098,52.9435737437495,-1.14734346335631,Accurx,Accurx,Accurx
UNITY SURGERY,C84150,4872,52.9806240863653,-1.1039574477623,Accurx,Accurx,Accurx
THE MEDICAL CENTRE - ZULU ROAD,C84151,3551,52.9767264871282,-1.17272383554101,Accurx,Accurx,Accurx
CASTLE HEALTHCARE PRACTICE,C84605,17716,52.9304764806962,-1.14490806694728,Accurx,Accurx,Accurx
JUBILEE PARK MEDICAL PARTNERSHIP,C84613,12229,52.9677044995284,-1.0848529596616,SystmConnect,SystmConnect,SystmConnect
TUDOR HOUSE MEDICAL PRACTICE,C84619,6858,52.991012512573,-1.15002987085799,Accurx,Accurx,Accurx
WEST BRIDGFORD MEDICAL CENTRE,C84621,5325,52.9304094272159,-1.13193670041528,Accurx,Accurx,Accurx
HAMA MEDICAL CENTRE,C84624,5682,52.9965917328411,-1.25263826235643,Rapid Health,Rapid Health,Rapid Health
SHERWOOD RISE MEDICAL CENTRE,C84628,8021,52.9732098283076,-1.16092236639332,Accurx,Accurx,Accurx
"HEALTH CARE COMPLEX, KIRKBY",C84629,4324,53.100062025742,-1.24463372659292,SystmConnect,SystmConnect,SystmConnect
SANDY LANE SURGERY,C84637,9723,53.1455414843163,-1.18116121363543,Accurx,Accurx,Accurx
THE IVY MEDICAL GROUP,C84646,6375,52.9872783859964,-1.03971995480733,Accurx,Accurx,Accurx
JACKSDALE MEDICAL CENTRE,C84654,4599,53.0589812424378,-1.3366690074827,Accurx,,Accurx
HILL VIEW SURGERY,C84656,8650,53.1189782760733,-1.10764241375959,Accurx,Accurx,Accurx
MEDEN MEDICAL SERVICES,C84658,10465,53.2072234206392,-1.15263120421314,Rapid Health,Patchs,Patchs
HOUNSFIELD SURGERY,C84660,4524,53.1834434731279,-0.812192330907927,Accurx,Accurx,Accurx
WELBECK SURGERY,C84664,5032,52.9796250737661,-1.14782560635827,Accurx,Accurx,Accurx
GILTBROOK SURGERY,C84667,6101,53.0063034195936,-1.28235088308871,SystmConnect,SystmConnect,SystmConnect
GREENFIELDS MEDICAL PRACTICE,C84676,8390,52.965943869574,-1.16953492842394,Accurx,Accurx,Accurx
ACORN MEDICAL PRACTICE,C84679,4470,53.1469893763897,-1.20245470242402,Accurx,,Accurx
SHERRINGTON PARK MEDICAL PRACTICE,C84682,5056,52.9742054263552,-1.15047871949313,Accurx,Accurx,Accurx
THE WINDMILL PRACTICE,C84683,11436,52.9516354307762,-1.13463757568636,Blinx,Patchs,Patchs
HIGH GREEN MEDICAL PRACTICE,C84691,9017,52.9644953920079,-1.17194485520043,Accurx,Accurx,Accurx
NORTH LEVERTON SURGERY,C84692,2703,53.3321677402029,-0.821760653022964,Accurx,Accurx,Accurx
BAKERSFIELD MEDICAL CENTRE,C84693,5194,52.9603377095059,-1.1031560413837,Accurx,,Accurx
LIME TREE SURGERY,C84694,4694,52.9822451632994,-1.19619674406256,Accurx,,Accurx
THE ALICE MEDICAL CENTRE,C84695,4517,52.9945310861761,-1.16247606771466,Accurx,Accurx,Accurx
WEST OAK SURGERY,C84696,4871,52.9812652152595,-1.1067294462146,SystmConnect,SystmConnect,SystmConnect
THE GAMSTON MEDICAL CTR.,C84703,6917,52.9242515191089,-1.10049541552034,Accurx,Accurx,Accurx
JRB HEALTHCARE BEECHDALE SURGERY,C84704,8193,52.961529181528,-1.19955839987599,Accurx,Accurx,Accurx
HICKINGS LANE MEDICAL CTR,C84705,8048,52.9374662684099,-1.26529255994594,Evergreen Health,Evergreen Health,Evergreen Health
SUNRISE MEDICAL PRACTICE,C84714,6117,52.9116157379001,-1.1831545365556,Accurx,Accurx,Accurx
Notspar,C84720,30,52.9477643999284,-1.14255809315476,,,Unknown
GOLDTHORPE MEDICAL CENTRE PMS PRACTICE,C85001,4452,53.528013272661,-1.31018283157827,Accurx,,Accurx
ASHVILLE MEDICAL CENTRE PMS PRACTICE,C85003,13258,53.5428976831289,-1.45804956325622,Accurx; SystmConnect,SystmConnect,SystmConnect
PENISTONE GROUP PMS PRACTICE,C85004,16298,53.5245708585393,-1.63048213053091,Accurx,Accurx,Accurx
ROYSTON GROUP PRACTICE,C85005,7305,53.6004949661351,-1.45005964630353,Accurx,Accurx,Accurx
WOODLAND DRIVE MEDICAL CENTRE,C85006,5613,53.5485282622908,-1.50705014686798,Accurx,,Accurx
THE DOVE VALLEY PMS PRACTICE,C85007,10476,53.5291444706037,-1.46018635966885,Accurx,Accurx,Accurx
WALDERSLADE SURGERY,C85008,12834,53.4998235864534,-1.43772405189371,Accurx,Accurx,Accurx
THE KAKOTY PRACTICE,C85009,7518,53.5463459449575,-1.47341423585268,Accurx,Accurx,Accurx
HILL BROW SURGERY PMS PRACTICE,C85010,16667,53.5866874982029,-1.50975698220384,Accurx,Accurx,Accurx
WOMBWELL GMS PRACTICE,C85013,11033,53.5218016781334,-1.39610555197021,Accurx,Accurx,Accurx
THE ROSE TREE PMS PRACTICE,C85014,9790,53.5778487710612,-1.4168398577306,Accurx,Accurx,Accurx
GARLAND HOUSE SURGERY,C85016,10808,53.5340046815916,-1.37287447300612,Accurx,Accurx,Accurx
BURLEIGH MEDICAL CENTRE,C85017,11736,53.5498606496537,-1.47756648607323,Accurx,Accurx,Accurx
GRIMETHORPE SURGERY,C85018,7364,53.5739507899252,-1.37893214266346,Accurx,Accurx,Accurx
THE GROVE MEDICAL PRACTICE,C85019,11408,53.5465521033116,-1.48568134101799,Accurx,Accurx,Accurx
HUDDERSFIELD ROAD SURGERY,C85020,12099,53.5579937815668,-1.48554265455478,Accurx,Accurx,Accurx
HOYLAND MEDICAL PRACTICE,C85022,13174,53.5001819046318,-1.43880323390525,Accurx,Accurx,Accurx
HOLLYGREEN PRACTICE,C85023,11465,53.528013272661,-1.31018283157827,Accurx,Accurx,Accurx
HIGH STREET PRACTICE,C85024,6285,53.5982493406416,-1.46025801185443,Accurx,Accurx,Accurx
LUNDWOOD MEDICAL CENTRE PMS PRACTICE,C85028,3688,53.557710574665,-1.43853770601699,Accurx,,Accurx
WOMBWELL MEDICAL CENTRE PRACTICE,C85030,10074,53.5218496710988,-1.39876311821421,Accurx,Accurx,Accurx
VICTORIA MEDICAL CENTRE PMS PRACTICE,C85033,11127,53.5560501305016,-1.49134768596182,Accurx,Accurx,Accurx
DARTON HEALTH CENTRE PRACTICE,C85614,4624,53.5858541535129,-1.53058242255662,Accurx,Accurx,Accurx
ST GEORGE'S MEDICAL CENTRE PMS PRACTICE,C85619,8709,53.579059888442,-1.48282520307307,Accurx,Accurx,Accurx
MONK BRETTON HEALTH CENTRE PRACTICE,C85622,2295,53.5662885081111,-1.45254524117033,Accurx,,Accurx
KINGSWELL SURGERY PMS PRACTICE,C85623,5736,53.5254108499032,-1.62932721694687,Accurx,Accurx,Accurx
GREAT NORTH MEDICAL GROUP,C86001,16706,53.5833739278133,-1.18545944466387,Accurx,Accurx,Accurx
THE RANSOME PRACTICE,C86002,8265,53.5510201066722,-1.14852482094905,Accurx,,Accurx
HATFIELD HEALTH CENTRE,C86003,9753,53.5747933235664,-1.00844459469224,Accurx,Accurx,Accurx
MEXBOROUGH HEALTH CENTRE,C86005,4710,53.4942407588752,-1.27979945843216,Accurx,Accurx,Accurx
REGENT SQUARE GROUP PRACTICE,C86006,10399,53.5223379653579,-1.12638682576852,Accurx,Accurx,Accurx
THE BURNS PRACTICE,C86007,19434,53.5209259545366,-1.12382158187313,Accurx,,Accurx
THE MAYFLOWER MEDICAL PRACTICE,C86009,7449,53.4318724590562,-1.01944979992866,Accurx,Accurx,Accurx
MOUNT GROUP PRACTICE,C86011,14016,53.5258948652852,-1.12234634765645,Accurx,Accurx,Accurx
THE OAKWOOD SURGERY,C86012,5508,53.506608569971,-1.07393719307205,Accurx,Accurx,Accurx
THE TICKHILL & COLLIERY MEDICAL PRACTICE,C86013,8650,53.4330454697893,-1.11077336072192,Accurx,Accurx,Accurx
THE ROSSINGTON PRACTICE,C86015,8300,53.4752365009047,-1.07725691039104,Accurx,Accurx,Accurx
THE LAKESIDE PRACTICE,C86016,9151,53.615355759341,-1.14936537070372,Accurx,Accurx,Accurx
KINGTHORNE GROUP PRACTICE,C86017,15784,53.5259373411559,-1.12323547549168,Accurx,Accurx,Accurx
NORTHFIELD SURGERY,C86018,9915,53.6141495044202,-0.965496438660307,Accurx,Accurx,Accurx
THE SCOTT PRACTICE,C86019,16634,53.5070577512912,-1.1514290909763,Accurx,Accurx,Accurx
ST. JOHNS GROUP PRACTICE,C86020,8653,53.507052400196,-1.15194185327788,Accurx,Accurx,Accurx
WHITE HOUSE FARM MEDICAL CENTRE,C86021,6226,53.5364299425415,-1.05856023564572,Accurx,Accurx,Accurx
DON VALLEY HEALTHCARE,C86023,13910,53.546546147622,-1.1465496875544,Accurx,Accurx,Accurx
CONISBROUGH GROUP PRACTICE,C86024,12004,53.4822780381834,-1.23756759039634,Accurx,Accurx,Accurx
FRANCES STREET MEDICAL CENTRE,C86025,6537,53.5240122124131,-1.13041002341067,Accurx,Accurx,Accurx
EDLINGTON HEALTH CENTRE PRACTICE,C86026,4997,53.4813508001744,-1.19261178027606,Accurx,Accurx,Accurx
ST VINCENT MEDICAL CENTRE,C86029,13922,53.5254801126544,-1.12402403884806,Accurx,Accurx,Accurx
SCAWSBY HEALTH CENTRE PRACTICE,C86032,5488,53.5365873892341,-1.16704406645296,Accurx,Accurx,Accurx
THE NAYAR PRACTICE,C86033,5163,53.4813508001744,-1.19261178027606,Accurx,Accurx,Accurx
THE NEW SURGERY,C86034,10021,53.4941651824483,-1.28038468183224,Accurx,Accurx,Accurx
FIELD ROAD SURGERY,C86037,9305,53.6003877636633,-1.03084511189932,Accurx,,Accurx
PETERSGATE MEDICAL CENTRE,C86038,9510,53.5432129746477,-1.16460512431752,Accurx,Accurx,Accurx
ASKERN MEDICAL PRACTICE,C86605,7818,53.6154947471102,-1.14891361097874,Accurx,Patchs,Patchs
ASA MEDICAL GROUP,C86609,20077,53.5394850409241,-1.06185748429662,Accurx,Accurx,Accurx
DUNSVILLE MEDICAL CENTRE,C86611,6976,53.5623748882939,-1.02864915429421,Accurx,Accurx,Accurx
THORNE MOOR MEDICAL PRACTICE,C86614,9699,53.6142068049807,-0.965501387107887,Accurx,Accurx,Accurx
DENABY MEDICAL PRACTICE,C86616,3745,53.4909128782699,-1.24651101223956,Accurx,Patchs,Patchs
WEST END CLINIC,C86621,4520,53.4803321244474,-1.0841382569542,Accurx,,Accurx
CONISBROUGH MEDICAL PRACTICE,C86625,1720,53.48228154602,-1.2376525179431,Accurx,,Accurx
PARK VIEW SURGERY,C86626,2783,53.5220745539896,-1.16115958467888,Accurx,Accurx,Accurx
DINNINGTON GROUP PRACTICE,C87002,21143,53.3573074410898,-1.22317596446818,Accurx,Accurx,Accurx
WOODSTOCK BOWER GROUP PRACTICE,C87003,11354,53.4304045282098,-1.37372841429212,Accurx,Accurx,Accurx
KIVETON PARK MEDICAL PRACTICE,C87004,12033,53.3392843907249,-1.27012163558688,Accurx,Accurx,Accurx
ST ANN'S MEDICAL CENTRE,C87005,19005,53.429997265421,-1.35243131828629,Accurx,Accurx,Accurx
THE MAGNA GROUP PRACTICE,C87006,15190,53.47705184774,-1.30735732002006,Accurx,Accurx,Accurx
STAG MEDICAL CENTRE,C87007,11690,53.4182844527271,-1.32092129620186,Accurx; SystmConnect,,Unknown
SWALLOWNEST HEALTH CENTRE,C87008,16141,53.3630274501789,-1.31607140394891,Accurx,Accurx,Accurx
BRINSWORTH MEDICAL CENTRE,C87009,10721,53.4078371428884,-1.38068717609231,Accurx,Accurx,Accurx
YORK ROAD SURGERY,C87010,4724,53.4355386269526,-1.348137209298,Accurx,,Accurx
BROOM LANE MEDICAL CENTRE,C87012,15600,53.4177828414689,-1.33304157582663,Accurx,Accurx,Accurx
PARKGATE MEDICAL CENTRE,C87013,6535,53.4557365141924,-1.34341073637537,Accurx,Accurx,Accurx
TREETON MEDICAL CENTRE,C87014,9582,53.3848284737296,-1.35514316862948,Anima,Anima,Anima
WICKERSLEY HEALTH CENTRE,C87015,6795,53.4225723842182,-1.28013300294912,,Anima,Anima
MORTHEN ROAD SURGERY,C87016,12263,53.4211476707785,-1.28087934179493,Anima,Anima,Anima
CLIFTON MEDICAL CENTRE,C87017,12853,53.429997265421,-1.35243131828629,Accurx,Accurx,Accurx
HIGH STREET SURGERY,C87018,7710,53.4596242696058,-1.34403079113252,Accurx,Accurx,Accurx
GREENSIDE SURGERY,C87020,5109,53.4531571519925,-1.36882714342977,Accurx,Accurx,Accurx
VILLAGE SURGERY,C87022,8614,53.3944013928564,-1.25229148373085,Accurx,Accurx,Accurx
RAWMARSH HEALTH CENTRE,C87024,4287,53.4572475519746,-1.3383172487568,Accurx,Accurx,Accurx
MARKET SURGERY,C87029,12587,53.5026350545075,-1.3459581344047,Accurx,,Accurx
CROWN STREET SURGERY,C87030,9406,53.4878103385407,-1.31500403085218,Accurx,Accurx,Accurx
DR RAOLU'S PRACTICE,C87031,3940,53.4231041766854,-1.2050555108696,Accurx; Anima,Anima,Anima
GREASBROUGH MEDICAL CENTRE,C87603,4068,53.4528696012916,-1.37277075733531,Accurx,Accurx,Accurx
THORPE HESLEY SURGERY,C87604,5957,53.4586290661112,-1.43260083697829,Accurx,,Accurx
SHAKESPEARE ROAD SURGERY,C87608,5858,53.4393253298286,-1.34215827026015,Accurx,Accurx,Accurx
BLYTH ROAD MEDICAL CENTRE,C87616,6412,53.4223052127592,-1.20400967320626,Anima,Patchs,Patchs
MANOR FIELD SURGERY,C87620,7140,53.4235286408176,-1.20434197253311,Anima,Anima,Anima
GATEWAY PRIMARY CARE,C87622,10218,53.429997265421,-1.35243131828629,Accurx,Accurx,Accurx
WALKLEY HOUSE & STANNINGTON M.C,C88005,15847,53.3926764465774,-1.50110784557782,SystmConnect,SystmConnect,SystmConnect
NORFOLK PARK HEALTH CENTRE,C88006,6027,53.363606380159,-1.44843359672963,Accurx,Accurx,Accurx
PORTER BROOK MEDICAL CENTRE,C88007,26807,53.3704929080596,-1.48359512682138,SystmConnect,SystmConnect,SystmConnect
FORGE HEALTH GROUP,C88008,14080,53.3984340454274,-1.4653851921089,Accurx,Accurx,Accurx
FOXHILL MEDICAL CENTRE,C88009,6194,53.4290569680678,-1.49968767447774,Accurx,Accurx,Accurx
CHAPELGREEN PRACTICE,C88010,14178,53.4615306157937,-1.47962993226886,Accurx,Accurx,Accurx
BUCHANAN ROAD SURGERY,C88011,4765,53.4231939451102,-1.47194079304483,Anima,Anima,Anima
NORWOOD MEDICAL CENTRE,C88014,9653,53.4130839466743,-1.469864346011,Accurx,Accurx,Accurx
MEADOWGREEN HEALTH CENTRE,C88015,18891,53.3232607299388,-1.46403291594345,Accurx,Accurx,Accurx
CARTERKNOWLE & DORE MEDICAL PRACTICE,C88016,13609,53.3540505042917,-1.48622778195572,Accurx,Accurx,Accurx
TRAMWAYS MEDICAL CENTRE (O'CONNELL),C88018,8824,53.402341116031,-1.50379965584949,Accurx,,Accurx
GLEADLESS MEDICAL CENTRE,C88019,8645,53.3565302737556,-1.45132280670335,Accurx,Accurx,Accurx
WHITE HOUSE SURGERY,C88020,7710,53.3683572484716,-1.42041130297813,Accurx,Accurx,Accurx
FAR LANE MEDICAL CENTRE,C88021,7491,53.4098207463117,-1.50777647830743,Accurx,Accurx,Accurx
STONECROFT MEDICAL CENTRE,C88022,5257,53.3457740124633,-1.42554864387418,Accurx,Accurx,Accurx
SOTHALL & BEIGHTON HEALTH CENTRES,C88023,9559,53.3385675331372,-1.34025259210228,Anima,Anima,Anima
BIRLEY HEALTH CENTRE,C88025,9305,53.3407571014745,-1.40189738671805,Accurx,Accurx,Accurx
SLOAN MEDICAL CENTRE,C88026,13912,53.3583748259946,-1.47621885539491,Accurx,Accurx,Accurx
UPWELL STREET SURGERY,C88027,5146,53.4068670591499,-1.43524501862238,Accurx,Accurx,Accurx
BROOMHILL SURGERY,C88028,10096,53.3770120666325,-1.50447863106487,Accurx,Accurx,Accurx
DUKE MEDICAL CENTRE,C88030,8250,53.3785575611032,-1.4556576488452,Accurx,Accurx,Accurx
UPPERTHORPE MEDICAL CENTRE,C88031,13915,53.3896839582196,-1.48741754683262,Accurx,Accurx,Accurx
CHARNOCK HEALTH PRIMARY CARE CENTRE,C88032,5595,53.3434578749266,-1.42247406106251,Accurx,Accurx,Accurx
NETHERGREEN SURGERY,C88034,9106,53.3682211359869,-1.52759661280474,Accurx,Accurx,Accurx
FIRTH PARK SURGERY,C88035,10750,53.4173394929692,-1.44561211214805,Accurx,Accurx,Accurx
HANDSWORTH MEDICAL PRACTICE,C88036,10580,53.3720310526711,-1.3821350171922,Accurx,Accurx,Accurx
STEEL CITY GENERAL PRACTICE,C88037,14400,53.3163709772101,-1.5309681604551,Accurx; SystmConnect,SystmConnect,SystmConnect
THE MATHEWS PRACTICE BELGRAVE,C88038,5988,53.3665923053134,-1.47180819502172,SystmConnect,SystmConnect,SystmConnect
ECCLESFIELD GROUP PRACT,C88039,8940,53.4447903635483,-1.46442802185954,Accurx,Accurx,Accurx
OUGHTIBRIDGE SURGERY,C88040,6143,53.4358715627014,-1.5410526625382,Accurx,Accurx,Accurx
WOODSEATS MEDICAL CENTRE,C88041,12914,53.3399070720407,-1.48030653704591,Accurx,Accurx,Accurx
TRAMWAYS AND MIDDLEWOOD MEDICAL CENTRES,C88043,10983,53.418982015461,-1.5152003667728,Accurx,Accurx,Accurx
MANCHESTER ROAD SURGERY,C88044,5415,53.3804729528862,-1.52052817259572,Klinik,Klinik,Klinik
DYKES HALL MEDICAL CENTRE,C88045,8791,53.4061598012202,-1.50782939444527,Accurx,Accurx,Accurx
BEAUCHIEF MEDICAL PRACTICE,C88046,6911,53.3390842228511,-1.48311838456357,Accurx; Silicon Health FootFall,Accurx,Accurx
WINCOBANK MEDICAL CENTRE,C88047,7662,53.4196300120837,-1.41634261299699,Accurx,Accurx,Accurx
BURNGREAVE SURGERY,C88048,8074,53.3928794712552,-1.45897137577027,Accurx,Accurx,Accurx
ELM LANE SURGERY,C88049,5965,53.4217934705285,-1.45978445429353,Anima,Anima,Anima
JAUNTY SPRINGS HEALTH CENTRE,C88050,3518,53.348081947006,-1.41846960597348,Accurx,Accurx,Accurx
PAGE HALL MEDICAL CENTRE,C88051,7978,53.4077337060159,-1.44740443151029,Accurx,Accurx,Accurx
HOLLIES MEDICAL CENTRE,C88052,10996,53.3634654290356,-1.49500564752866,Accurx,Accurx,Accurx
FALKLAND HOUSE SURGERY,C88053,3972,53.3605559025699,-1.51443306143398,Accurx,Accurx,Accurx
GRENOSIDE SURGERY,C88054,7777,53.4367228364136,-1.49601389542243,Accurx,Accurx,Accurx
HAROLD STREET MEDICAL CENTRE,C88059,2533,53.3931843902068,-1.49292962095718,Accurx; Anima,Anima,Anima
SHARROW LANE MEDICAL CENTRE,C88060,4977,53.3672047254058,-1.48114256483546,Accurx,Accurx,Accurx
RUSTLINGS ROAD MEDICAL CENTRE,C88062,4582,53.3677159661133,-1.51150664206705,Accurx,Accurx,Accurx
CLOVER GROUP PRACTICE,C88069,15845,53.3848335213523,-1.40884418268848,,Anima,Anima
SHIREGREEN MEDICAL CENTRE,C88070,7927,53.4295276168546,-1.44087949921208,Accurx,Accurx,Accurx
WOODHOUSE MEDICAL CENTRE,C88072,11929,53.3576506026528,-1.37204504589786,Accurx,Accurx,Accurx
HEELEY GREEN SURGERY,C88073,5234,53.3589662766756,-1.46274171023412,Anima,Anima,Anima
DEEPCAR MEDICAL CENTRE,C88074,5166,53.4801931586169,-1.57833981089884,Accurx,Accurx,Accurx
DEVONSHIRE GREEN MEDICAL CENTRE,C88076,9325,53.3795548341635,-1.47821027282114,Accurx,Accurx,Accurx
GREEN CROSS GROUP PRACTICE,C88077,7840,53.4226151269839,-1.48781282226408,Anima,,Anima
MOSBOROUGH HEALTH CENTRE,C88078,7122,53.3254953561419,-1.36467791850548,Accurx,Accurx,Accurx
CROOKES PRACTICE,C88079,8390,53.3837955226893,-1.50140314796756,Accurx,Accurx,Accurx
CARRFIELD MEDICAL CENTRE,C88082,6448,53.3590450720009,-1.46449479852492,,Archvale,Archvale
SELBORNE ROAD MEDICAL CENTRE,C88083,2364,53.3787260529032,-1.51786074148072,Accurx,Accurx,Accurx
CLOVER NORTH DARNALL HEALTH CENTRE,C88084,3090,53.3881791935136,-1.41042292445821,Anima,Anima,Anima
RICHMOND MEDICAL CENTRE,C88085,9709,53.3612982773632,-1.40772969771151,Accurx,Accurx,Accurx
SOUTHEY GREEN MEDICAL CTR,C88086,2607,53.4189621978957,-1.47851380049536,,Accurx,Accurx
DOVERCOURT GROUP PRACTICE,C88087,9455,53.3735483216312,-1.44125134821094,Accurx,,Accurx
EAST BANK MEDICAL CENTRE,C88088,7640,53.3585287716204,-1.43847061064252,Accurx,Accurx,Accurx
MANOR AND PARK GROUP PRACTICE,C88090,8031,53.3755195613521,-1.42771870257144,Accurx,Accurx,Accurx
BARNSLEY ROAD SURGERY,C88091,2322,53.4246511106201,-1.45672497389934,Accurx,Accurx,Accurx
VALLEY MEDICAL CENTRE,C88092,9563,53.4819765935093,-1.59501841481288,Accurx,Accurx,Accurx
MILL ROAD SURGERY,C88095,5523,53.444858255544,-1.46411340592628,Accurx,Accurx,Accurx
SHEFFIELD MEDICAL CENTRE,C88622,2978,53.3903656075207,-1.46092024627891,Accurx,Accurx,Accurx
UNIVERSITY HEALTH SERVICE HEALTH CENTRE,C88627,34025,53.3803023278866,-1.48271404242832,Accurx; Anima,Accurx,Accurx
VERITAS HEALTH CENTRE,C88631,1393,53.3545774393938,-1.48016665370707,SystmConnect,,SystmConnect
THE THORPE PRACTICE,C88647,10615,53.3386705648237,-1.37586211657889,Accurx,Accurx,Accurx
CRYSTAL PEAKS MEDICAL CENTRE,C88648,7194,53.3428861167463,-1.35447516582718,Accurx,Accurx,Accurx
GREYSTONES MEDICAL CENTRE,C88652,4212,53.3638010321382,-1.51043232432846,Accurx,Accurx,Accurx
THE MEDICAL CENTRE DR OKORIE,C88655,1151,53.4108123974617,-1.39677966880857,Accurx,,Accurx
LENSFIELD MEDICAL PRACTICE,D81001,14289,52.1983649182099,0.124448879341135,Accurx,,Accurx
HUNTINGDON ROAD SURGERY,D81002,23808,52.2140347313836,0.110089655220933,Accurx,Accurx,Accurx
YORK STREET MEDICAL PRACTICE,D81003,10868,52.2068810040018,0.140823203723815,Accurx,,Accurx
ALCONBURY SURGERY,D81004,14676,52.3714024032696,-0.258629881882326,Accurx,Accurx,Accurx
NEWNHAM WALK SURGERY,D81005,15024,52.1992806415588,0.110502801358106,Accurx,Accurx,Accurx
NORTH BRINK PRACTICE,D81008,18878,52.6651810453172,0.156382884502095,Klinik,Klinik,Klinik
PRIORY FIELDS SURGERY,D81010,11133,52.3322720754599,-0.179855828923958,Evergreen Health,Patchs,Patchs
CLARKSON SURGERY,D81011,9207,52.6692489325642,0.162588102380515,Accurx,Accurx,Accurx
CORNFORD HOUSE SURGERY,D81012,11341,52.1862352248219,0.154665457013802,Accurx,,Accurx
TRUMPINGTON STREET MEDICAL PRACTICE,D81013,21032,52.203367961162,0.117750544321126,Accurx,Accurx,Accurx
STAPLOE MEDICAL CENTRE,D81014,23721,52.3352037141487,0.343095395786695,Evergreen Health,askmyGP,askmyGP
PARSON DROVE SURGERY,D81015,7020,52.6599851527109,0.0478705454717611,SystmConnect,SystmConnect,SystmConnect
ARBURY ROAD SURGERY,D81016,12574,52.2258600293837,0.128060135485079,Accurx,Accurx,Accurx
MILL ROAD SURGERY,D81017,9247,52.197163004629,0.150584599320395,Accurx,Accurx,Accurx
"ORCHARD SURGERY,MELBOURN",D81018,8279,52.0802595168022,0.0188191374689745,Accurx,,Accurx
ST. GEORGE'S MEDICAL CENTRE,D81021,13015,52.4584796398712,0.302120312851524,Evergreen Health,,Evergreen Health
JENNER HEALTHCARE,D81022,17462,52.6221340240992,-0.102316964956815,Accurx,Accurx,Accurx
CHERRY HINTON MEDICAL CENTRE,D81025,9271,52.1877162622751,0.176360131097818,Accurx,Accurx,Accurx
BOROUGHBURY MEDICAL CENTRE,D81026,47981,52.5778861318371,-0.244446775251854,Accurx,Accurx,Accurx
WELLSIDE SURGERY,D81027,8065,52.4411192097458,-0.285057724406699,Accurx,Accurx,Accurx
FIRS HOUSE SURGERY,D81028,13085,52.2454077771632,0.109058443046837,Accurx,Accurx,Accurx
OLD FLETTON SURGERY,D81029,13415,52.5583240246922,-0.234198569162776,eConsult,Patchs,Patchs
GROVE MEDICAL PRACTICE,D81030,15099,52.324254563488,-0.0701421466364093,Anima,Anima,Anima
YAXLEY GROUP PRACTICE,D81031,20775,52.517734185992,-0.253276903117208,Anima,Anima,Anima
OVER SURGERY,D81033,5003,52.3149690840684,0.0126557166196574,Accurx,Accurx,Accurx
ST MARY'S SURGERY,D81034,18900,52.3981725431431,0.257593918728398,Evergreen Health,askmyGP,askmyGP
COMBERTON SURGERY,D81035,10049,52.1909147098878,0.0187374025274709,Accurx,Accurx,Accurx
PRIORS FIELD SURGERY,D81036,5122,52.3889166837623,0.123579784623793,Evergreen Health,askmyGP,askmyGP
BRIDGE STREET MEDICAL CENTRE,D81037,11477,52.2077042514834,0.118630043125285,Accurx,Accurx,Accurx
KIMBOLTON MEDICAL CENTRE,D81038,7326,52.3021886880257,-0.389855627025615,Accurx,Patchs,Patchs
BOURN SURGERY,D81041,6904,52.1931549329494,-0.0634036520987266,Accurx,Accurx,Accurx
WATERBEACH AND COTTENHAM SURGERIES,D81042,9649,52.2708886587446,0.195470804619059,Accurx,Accurx,Accurx
GRANTA MEDICAL PRACTICES,D81043,58759,52.1155546578621,0.170012974873907,Accurx,Accurx,Accurx
NUFFIELD ROAD MEDICAL CENTRE,D81044,13940,52.2252465435538,0.151970843068251,Accurx,Accurx,Accurx
BUCKDEN SURGERY,D81045,10518,52.2911179587693,-0.253642178356165,Accurx,Accurx,Accurx
NEW QUEEN STREET SURGERY,D81046,19386,52.5578404203837,-0.124969100341325,Anima,,Anima
ASHWELL SURGERY,D81047,8089,52.0424005544069,-0.156329481008411,Accurx,Accurx,Accurx
SPINNEY SURGERY,D81049,11797,52.3353304237883,-0.0777622945144307,SystmConnect,SystmConnect,SystmConnect
THE HICKS GROUP PRACTICE,D81050,17160,52.3340483223027,-0.187195012292197,Accurx,Accurx,Accurx
BURWELL SURGERY,D81051,9721,52.2745769960863,0.330015660876448,Evergreen Health,askmyGP,askmyGP
CORNERSTONE PRACTICE,D81052,9593,52.5488575289099,0.0913220824188087,Anima,Anima,Anima
RED HOUSE SURGERY,D81054,20752,52.2149874089527,0.129633699518239,Accurx,Accurx,Accurx
BOTTISHAM MEDICAL PRACTICE,D81055,5846,52.2251287577995,0.261167809635393,Accurx,Accurx,Accurx
PETERSFIELD MEDICAL PRACTICE,D81056,7028,52.2015360231933,0.134083227765341,Accurx,Accurx,Accurx
LAKESIDE HEALTHCARE ST NEOTS,D81057,20939,52.2293931527679,-0.265275721758598,Anima,Anima,Anima
HARSTON SURGERY,D81058,7774,52.1377917698449,0.0751528572178457,Accurx,,Accurx
RAMSEY HEALTH CENTRE,D81059,7707,52.4490190038216,-0.109090354295452,Accurx,Accurx,Accurx
MOAT HOUSE SURGERY,D81060,7551,52.4009133159247,-0.0843795658155181,Accurx,Accurx,Accurx
GEORGE CLARE SURGERY,D81061,12030,52.4575443260351,0.0520782810039113,Patchs,Patchs,Patchs
HADDENHAM SURGERY,D81062,8143,52.3581179424412,0.147083783088216,Evergreen Health,askmyGP,askmyGP
MERCHEFORD HOUSE,D81064,7067,52.5488338318572,0.0916454485357069,Accurx,Accurx,Accurx
NIGHTINGALE MEDICAL CENTRE,D81065,7171,52.5991314185131,-0.23110425702773,Accurx,,Accurx
QUEEN EDITH MEDICAL PRACTICE,D81066,10758,52.1798125112935,0.152336397337646,Accurx,Accurx,Accurx
WOODLANDS SURGERY,D81070,11217,52.1951730276678,0.126930475098009,Accurx,Accurx,Accurx
WESTWOOD CLINIC,D81073,5761,52.5906174563724,-0.270619888423933,Accurx,Accurx,Accurx
MAPLE SURGERY BAR HILL HEALTH CENTRE,D81078,4132,52.2529372256051,0.0183585696690836,SystmConnect,SystmConnect,SystmConnect
GREAT STAUGHTON SURGERY,D81081,5394,52.2677499701807,-0.343518286562284,Accurx,Accurx,Accurx
ALMOND ROAD SURGERY,D81082,7970,52.232884410639,-0.261786167676617,Accurx; SystmConnect,Accurx,Accurx
WILLINGHAM MEDICAL PRACTICE,D81084,12397,52.312721807805,0.06007268348565,Accurx,Accurx,Accurx
PAPWORTH SURGERY,D81085,7484,52.2519609118555,-0.118426100337275,Accurx,Accurx,Accurx
EAST BARNWELL HEALTH CENTRE,D81086,7912,52.2148451283077,0.169034617936471,Accurx,Accurx,Accurx
RIVERSIDE PRACTICE,D81603,7484,52.5509834176804,0.0829416995505658,Accurx,Accurx,Accurx
RIVERPORT MEDICAL PRACTICE,D81606,13454,52.3436908867903,-0.0749039131498344,SystmConnect,,SystmConnect
SWAVESEY SURGERY,D81607,3590,52.2889525078059,-0.0035386558852964,Accurx,,Accurx
FENLAND GROUP PRACTICE,D81611,13593,52.4824402393825,0.178847679412804,Accurx,Accurx,Accurx
MILTON SURGERY,D81612,4995,52.2403993198987,0.161243297575333,Accurx,Accurx,Accurx
THORPE ROAD,D81615,11652,52.5728981394829,-0.256634005036385,Accurx,Accurx,Accurx
AILSWORTH MEDICAL CENTRE,D81618,3400,52.5772045930505,-0.35205284292408,Accurx,,Accurx
TRINITY SURGERY,D81622,14735,52.6657002470611,0.163906575052616,Accurx,Accurx,Accurx
THISTLEMOOR MEDICAL CENTRE,D81625,32447,52.5941887992698,-0.256039952791806,Engage GP,Engage GP,Engage GP
WILLOW TREE SURGERY,D81629,6496,52.5442395356406,-0.30271960556692,Accurx,Accurx,Accurx
HAMPTON MEDICAL CENTRE,D81630,13132,52.5390241863791,-0.263623864574114,Accurx,Accurx,Accurx
CENTRAL MEDICAL CENTRE,D81631,15185,52.5870003231401,-0.24597737700896,Engage GP,Engage GP,Engage GP
ACORN SURGERY,D81633,11347,52.3453575463019,-0.176558337323196,Accurx,,Accurx
MONKFIELD MEDICAL PRACTICE,D81637,14182,52.2187784084074,-0.0659782983939215,Accurx,Accurx,Accurx
THE GRANGE MEDICAL CENTRE,D81645,2754,52.5786797188713,-0.262572531589309,Anima,,Anima
HOLT MEDICAL PRACTICE,D82001,14262,52.9147970781621,1.11546995388286,Accurx,Accurx,Accurx
GROVE SURGERY,D82002,12415,52.4146452537585,0.751648054271596,Silicon Health FootFall,Silicon Health FootFall,Silicon Health FootFall
BEACHES MEDICAL CENTRE,D82003,24823,52.5771237751717,1.72773414294173,Silicon Health FootFall,Silicon Health FootFall,Silicon Health FootFall
CROMER GROUP PRACTICE,D82004,12056,52.9244568289956,1.30788845086984,SystmConnect,SystmConnect,SystmConnect
SHERINGHAM MEDICAL PRACTICE,D82005,9375,52.939608629983,1.21322311480065,SystmConnect,SystmConnect,SystmConnect
CHET VALLEY MEDICAL PRACTICE,D82006,8902,52.5345957533484,1.47392905720635,Accurx,Accurx,Accurx
EAST NORFOLK MEDICAL PRACTICE,D82007,25133,52.6202725058004,1.72685135239392,SystmConnect,SystmConnect,SystmConnect
ST STEPHENS GATE MEDICAL PARTNERSHIP,D82008,19147,52.6237777041517,1.28815124482492,Silicon Health FootFall,Silicon Health FootFall,Silicon Health FootFall
STALHAM STAITHE SURGERY,D82009,7106,52.770184873701,1.51866503914642,Accurx,Accurx,Accurx
GRIMSTON MEDICAL CENTRE,D82010,5309,52.7736791269217,0.549317839110595,Accurx,,Accurx
CASTLE PARTNERSHIP,D82011,17697,52.6340714950826,1.29863558538711,Silicon Health FootFall,Silicon Health FootFall,Silicon Health FootFall
MAGDALEN MEDICAL PRACTICE,D82012,14666,52.6427018392914,1.29811745527111,Silicon Health FootFall,Anima,Anima
OLD CATTON MEDICAL PRACTICE,D82013,8817,52.6675948432572,1.30074765233744,Silicon Health FootFall,Silicon Health FootFall,Silicon Health FootFall
BRIDGE STREET SURGERY,D82015,8416,52.6029082975738,0.375651448851443,Accurx,Accurx,Accurx
MARKET SURGERY,D82016,10043,52.7918285506596,1.25303505509192,SystmConnect,SystmConnect,SystmConnect
TRINITY & BOWTHORPE MEDICAL PRACTICE,D82017,11277,52.6244107174747,1.28024768681532,Silicon Health FootFall,Silicon Health FootFall,Silicon Health FootFall
HELLESDON MEDICAL PRACTICE,D82018,11159,52.6698186953666,1.25419524546745,Silicon Health FootFall,Silicon Health FootFall,Silicon Health FootFall
THE MILLWOOD PARTNERSHIP,D82019,19441,52.5857630508659,1.69894754829408,Silicon Health FootFall,Silicon Health FootFall,Silicon Health FootFall
ORCHARD SURGERY,D82020,13008,52.6796260845459,0.943657886240806,Anima; Silicon Health FootFall,Silicon Health FootFall,Silicon Health FootFall
LAWNS PRACTICE,D82022,7178,52.3788535211494,1.10893091070165,Accurx,,Accurx
ROUNDWELL MEDICAL CENTRE,D82023,15043,52.6482138294823,1.20397061191922,SystmConnect,SystmConnect,SystmConnect
MARRIOTT'S MEDICAL PRACTICES,D82024,13079,52.6814892817581,1.19618229068449,SystmConnect,SystmConnect,SystmConnect
HOVETON & WROXHAM MEDICAL CENTRE,D82025,10177,52.717719092687,1.42219341034285,Accurx,Accurx,Accurx
LAKENHAM SURGERY,D82026,8715,52.6183000251477,1.29657695940355,Silicon Health FootFall,Silicon Health FootFall,Silicon Health FootFall
HEACHAM GROUP PRACTICE,D82027,7609,52.9100200898669,0.490076723312138,Accurx,Accurx,Accurx
LUDHAM AND STALHAM GREEN SURGERIES,D82028,5915,52.7083689033823,1.534931537406,Accurx,Accurx,Accurx
DRAYTON MEDICAL PRACTICE,D82029,19300,52.6786762112029,1.22629574289093,Accurx,Accurx,Accurx
REEPHAM & AYLSHAM MEDICAL PRACTICE,D82030,8933,52.7631409522235,1.10683527878639,SystmConnect,SystmConnect,SystmConnect
PARISH FIELDS PRACTICE,D82031,8143,52.3788535211494,1.10893091070165,Silicon Health FootFall,Silicon Health FootFall,Silicon Health FootFall
BRUNDALL MEDICAL PARTNERSHIP,D82032,8441,52.6226688551908,1.43702174383508,Accurx,Accurx,Accurx
ATTLEBOROUGH SURGERY,D82034,18977,52.516145378013,1.01924383142156,Accurx,Accurx,Accurx
UPWELL HEALTH CENTRE,D82035,10928,52.6008513813693,0.225331333674097,Accurx,Patchs,Patchs
OLD MILL AND MILLGATES MEDICAL PRACTICE,D82036,8986,52.5763181052927,1.337383862438,Silicon Health FootFall,Silicon Health FootFall,Silicon Health FootFall
LONG STRATTON MEDICAL PARTNERSHIP,D82037,11200,52.4925851755748,1.22717501472393,SystmConnect,SystmConnect,SystmConnect
WELLS HEALTH CENTRE,D82038,3299,52.954731062924,0.852810863204498,SystmConnect,SystmConnect,SystmConnect
MATTISHALL AND LENWADE SURGERIES,D82039,8637,52.6590346188591,1.03337662697038,Anima,Anima,Anima
WENSUM VALLEY MEDICAL PRACTICE,D82040,13107,52.6316669114395,1.2414579176462,SystmConnect,SystmConnect,SystmConnect
SCHOOL LANE SURGERY,D82041,10028,52.4124439904271,0.749246255333255,Silicon Health FootFall,Silicon Health FootFall,Silicon Health FootFall
E HARLING & KENNINGHALL MEDICAL PRACTICE,D82042,8652,52.4380298546364,0.932492974504016,Silicon Health FootFall,Silicon Health FootFall,Silicon Health FootFall
WATLINGTON MEDICAL CENTRE,D82043,6729,52.6667985154493,0.391163092460337,Accurx,Accurx,Accurx
VIDA HEALTHCARE,D82044,30022,52.7572917473818,0.42344776728037,SystmConnect,SystmConnect,SystmConnect
WYMONDHAM MEDICAL PARTNERSHIP,D82045,19443,52.5721764788591,1.12166453834413,SystmConnect,SystmConnect,SystmConnect
CHURCH HILL SURGERY,D82046,4495,52.4285272290566,1.22900799405831,Accurx,Accurx,Accurx
OAK STREET MEDICAL PRACT.,D82047,6684,52.6342480634914,1.28970561334163,Silicon Health FootFall,Silicon Health FootFall,Silicon Health FootFall
THORPEWOOD MEDICAL GROUP,D82048,12513,52.6419559925846,1.34107074857842,eConsult,eConsult,eConsult
LITCHAM HEALTH CENTRE,D82049,3497,52.7223062937281,0.79011921245461,Silicon Health FootFall,Silicon Health FootFall,Silicon Health FootFall
THEATRE ROYAL SURGERY,D82050,10941,52.683659198183,0.94203515779342,Silicon Health FootFall,Silicon Health FootFall,Silicon Health FootFall
ST JAMES MEDICAL PRACTICE,D82051,18430,52.7739733124499,0.427565364270117,Silicon Health FootFall,Silicon Health FootFall,Silicon Health FootFall
MUNDESLEY MEDICAL CENTRE,D82053,5776,52.8759513239935,1.43291522074422,SystmConnect,SystmConnect,SystmConnect
FAKENHAM MEDICAL PRACTICE,D82054,15573,52.8389557269945,0.867551390493975,Anima; SystmConnect,SystmConnect,SystmConnect
ELMHAM SURGERY,D82056,9980,52.7516566357386,0.941178046745167,Anima,Anima,Anima
CAMPINGLAND SURGERY,D82057,7142,52.6459974419424,0.690977949227492,Silicon Health FootFall,Silicon Health FootFall,Silicon Health FootFall
COASTAL VILLAGES PRACTICE,D82058,17447,52.6748357983785,1.68518672337812,SystmConnect,SystmConnect,SystmConnect
BIRCHWOOD MEDICAL PRACTICE,D82059,11973,52.8204877875268,1.38268841028823,Accurx,,Accurx
COLTISHALL MEDICAL PRACTICE,D82062,8829,52.7314119189734,1.36315734377436,Silicon Health FootFall,Silicon Health FootFall,Silicon Health FootFall
WATTON MEDICAL PRACTICE,D82063,14127,52.5709194236527,0.826410253993046,Silicon Health FootFall,Silicon Health FootFall,Silicon Health FootFall
HUMBLEYARD PRACTICE,D82064,22550,52.6031673941082,1.23583595807952,SystmConnect,,SystmConnect
MANOR FARM MEDICAL CENTRE,D82065,7880,52.6491601780045,0.691881905011028,Accurx,Accurx,Accurx
PASTON SURGERY,D82066,6661,52.8198371091229,1.38359894127039,SystmConnect,SystmConnect,SystmConnect
THE PARK SURGERY,D82067,15164,52.6065079499447,1.72921389787029,SystmConnect,SystmConnect,SystmConnect
HOWDALE SURGERY,D82068,7909,52.6010250274201,0.382173250361859,Accurx,Accurx,Accurx
GREAT MASSINGHAM SURGERY,D82070,6464,52.7795981364173,0.660555939036862,Silicon Health FootFall,Silicon Health FootFall,Silicon Health FootFall
EAST NORWICH MEDICAL PARTNERSHIP,D82071,14020,52.6367720663884,1.33768917167971,Silicon Health FootFall,Silicon Health FootFall,Silicon Health FootFall
BURNHAM SURGERY,D82072,3936,52.9440697246108,0.731594667425601,SystmConnect,,SystmConnect
THE LIONWOOD MEDICAL PRACTICE,D82073,15275,52.6324051072373,1.31995837476701,SystmConnect,SystmConnect,SystmConnect
LAWSON ROAD SURGERY,D82076,8770,52.6435881498498,1.29890867872997,Silicon Health FootFall,Silicon Health FootFall,Silicon Health FootFall
HEATHGATE MEDICAL PRACTICE,D82078,10026,52.5707290134722,1.34412203018238,Accurx,Accurx,Accurx
FELTWELL SURGERY,D82079,5583,52.4826615371468,0.527033085119966,Silicon Health FootFall,Silicon Health FootFall,Silicon Health FootFall
BLOFIELD SURGERY,D82080,8926,52.6375667866918,1.44968092690784,Accurx,Accurx,Accurx
HARLESTON MEDICAL PRACTICE,D82084,8088,52.4034192703845,1.29985809248661,Silicon Health FootFall,Silicon Health FootFall,Silicon Health FootFall
HINGHAM SURGERY,D82085,8046,52.5820710476321,0.986393807976805,Silicon Health FootFall,Silicon Health FootFall,Silicon Health FootFall
PROSPECT MEDICAL PRACTICE,D82087,6826,52.6442037484215,1.28548520305185,Silicon Health FootFall,Silicon Health FootFall,Silicon Health FootFall
UEA MEDICAL CENTRE,D82088,20429,52.6233772897401,1.24694835995459,Accurx,Accurx,Accurx
WOODCOCK RD SURGERY,D82096,8365,52.6525310187113,1.28099335762463,SystmConnect,SystmConnect,SystmConnect
SOUTHGATES SURGICAL & MEDICAL CENTRE,D82099,17016,52.7476427504773,0.407232225652345,SystmConnect,SystmConnect,SystmConnect
SHIPDHAM SURGERY,D82100,4592,52.6297012906986,0.894281169088588,Silicon Health FootFall,Silicon Health FootFall,Silicon Health FootFall
ACLE MEDICAL PARTNERSHIP,D82104,9509,52.6414237066728,1.54879301767604,Accurx,Accurx,Accurx
ST CLEMENTS SURGERY,D82105,7756,52.7627477604133,0.297980663970683,Accurx,Accurx,Accurx
WEST POTTERGATE MED PRAC,D82106,5972,52.6310281462354,1.28063954721711,Silicon Health FootFall,Silicon Health FootFall,Silicon Health FootFall
FLEGGBURGH SURGERY,D82600,1975,52.6731198281031,1.61389415766014,Silicon Health FootFall,Silicon Health FootFall,Silicon Health FootFall
BOUGHTON SURGERY,D82604,3568,52.5886635228965,0.509580343671707,Silicon Health FootFall,Silicon Health FootFall,Silicon Health FootFall
THE WOOTTONS SURGERY,D82618,5720,52.7896550028331,0.436504050866419,SystmConnect,SystmConnect,SystmConnect
PLOWRIGHT MEDICAL CENTRE,D82621,6954,52.6555551387579,0.686670537683649,Silicon Health FootFall,Silicon Health FootFall,Silicon Health FootFall
WINDMILL SURGERY,D82624,8719,52.5679486729336,1.11385162645793,SystmConnect,SystmConnect,SystmConnect
ALDBOROUGH SURGERY,D82628,4099,52.8623793233502,1.2475258497238,Silicon Health FootFall,Silicon Health FootFall,Silicon Health FootFall
CONSTABLE COUNTRY RURAL MEDICAL PRACTICE,D83001,11201,51.9772977962944,1.02623306251926,Accurx,Accurx,Accurx
ALEXANDRA & CRESTVIEW SURGERIES,D83002,15434,52.4800968360163,1.75216393389894,Accurx,Accurx,Accurx
WICKHAMBROOK SURGERY,D83003,5049,52.1719006133613,0.548478942919994,Anima,Anima,Anima
FELIXSTOWE ROAD MEDICAL PRACTICE,D83004,10151,52.0472531406602,1.18427587040963,Accurx,Accurx,Accurx
ANGEL HILL SURGERY,D83005,13864,52.2442002254666,0.715741028395787,eConsult,eConsult,eConsult
BILDESTON HEALTH CENTRE,D83006,7581,52.105303030236,0.908557255847521,Accurx,Accurx,Accurx
IXWORTH SURGERY,D83007,9556,52.3026178033169,0.830386974643843,Anima,Anima,Anima
BURLINGTON PRIMARY CARE,D83008,16148,52.0593911539559,1.14392059318192,Accurx,Accurx,Accurx
BECCLES MEDICAL CENTRE,D83009,19202,52.4532875085114,1.56288635124208,SystmConnect,SystmConnect,SystmConnect
LONGSHORE SURGERIES,D83010,6420,52.4204106668184,1.71732554654428,Accurx,Accurx,Accurx
BRIDGE ROAD SURGERY,D83011,11874,52.4780724057502,1.71517739704057,Accurx,Accurx,Accurx
UNITY HEALTHCARE,D83012,28098,52.0763733481197,0.42701329929437,eConsult,eConsult,eConsult
THE GUILDHALL AND BARROW SURGERY,D83013,13703,52.2459198169902,0.714483575473593,eConsult,eConsult,eConsult
HOWARD HOUSE SURGERY,D83015,8291,51.9615597585183,1.35002384691905,Evergreen Health,askmyGP,askmyGP
VICTORIA ROAD SURGERY,D83016,10519,52.4710345450237,1.71415681469527,Accurx,Accurx,Accurx
NEEDHAM MARKET COUNTRY PRACTICE,D83017,13814,52.1450479379323,1.05164423010482,Accurx,Accurx,Accurx
MARKET CROSS SURGERY,D83018,12911,52.3435062217663,0.510146330491972,Anima,Anima,Anima
MENDLESHAM MEDICAL GROUP,D83019,7931,52.2520075078337,1.07965760432486,eConsult,eConsult,eConsult
THE HOLBROOK AND SHOTLEY PRACTICE,D83020,8020,51.9840836881647,1.1577368269611,Accurx,,Accurx
HAVERHILL FAMILY PRACTICE,D83021,20424,52.0827977656919,0.435561069845765,eConsult,eConsult,eConsult
SOLE BAY H/C,D83022,5371,52.3365549936795,1.66572314509919,,Silicon Health FootFall,Silicon Health FootFall
HIGH STREET SURGERY,D83023,11479,52.486623616498,1.75510702265324,Accurx,Accurx,Accurx
IVRY STREET MEDICAL PRACTICE,D83024,13938,52.063958047722,1.14803553173946,Accurx,Accurx,Accurx
FRAMLINGHAM SURGERY,D83026,9004,52.2270837214942,1.3327062258571,Anima,Anima,Anima
ORCHARD HOUSE SURGERY,D83027,11688,52.2460247894811,0.405854598322971,Accurx,eConsult,eConsult
LEISTON SURGERY,D83028,9296,52.2075891732087,1.57513814042521,Anima,Anima,Anima
THE ROOKERY MEDICAL CENTRE,D83029,13928,52.2451582712505,0.405573318946189,eConsult,eConsult,eConsult
KIRKLEY MILL HEALTH CENTRE,D83030,7570,52.4677225927288,1.74356939810955,,,Unknown
BOTESDALE HEALTH CENTRE,D83033,10100,52.3453568095044,1.00705056389567,Anima,Anima,Anima
BUNGAY MEDICAL CENTRE,D83034,11702,52.4497103125601,1.44297394419862,Silicon Health FootFall,Silicon Health FootFall,Silicon Health FootFall
CUTLERS HILL SURGERY,D83035,10688,52.3476122336113,1.50788957309043,Silicon Health FootFall,Silicon Health FootFall,Silicon Health FootFall
HADLEIGH HEALTH CENTRE,D83037,16311,52.0427892641015,0.951902458692573,Anima,Anima,Anima
MOUNT FARM SURGERY,D83038,16127,52.2450441888959,0.742028291630221,Accurx,Accurx,Accurx
VICTORIA SURGERY,D83040,11246,52.245922785799,0.70426658647702,Accurx,,Accurx
DEBENHAM GROUP PRACTICE,D83041,10027,52.2214834983843,1.17969863502252,Evergreen Health; SystmConnect,askmyGP,askmyGP
EYE HEALTH CENTRE,D83043,6313,52.3224974849152,1.13975798093295,Anima,Anima,Anima
STOWHEALTH,D83044,23690,52.1917201723977,0.990672711820114,Evergreen Health,Patchs,Patchs
LAKENHEATH SURGERY,D83045,5527,52.4117026685677,0.524135163256277,Anima,Patchs,Patchs
TWO RIVERS MEDICAL CENTRE,D83046,29547,52.060252075895,1.19549390574395,Accurx,Accurx,Accurx
ROSEDALE SURGERY,D83047,15872,52.4572832041614,1.70600887206872,SystmConnect,SystmConnect,SystmConnect
GROVE MEDICAL CENTRE,D83048,17852,51.9719289689111,1.35024299828841,eConsult,eConsult,eConsult
LITTLE ST JOHN STREET SURGERY,D83049,6878,52.0938031855637,1.31892591669789,Accurx,Accurx,Accurx
CARDINAL MEDICAL PRACTICE,D83050,28222,52.0719185734236,1.13214747726891,Evergreen Health; Silicon Health FootFall; SystmConnect,askmyGP,askmyGP
THE DERBY ROAD PRACTICE,D83051,19588,52.0494976135643,1.18143049649567,Evergreen Health,askmyGP,askmyGP
SAXMUNDHAM HEALTH CENTRE,D83053,9373,52.2179639643107,1.49188490468674,Anima,,Anima
THE PENINSULA PRACTICE,D83054,6888,52.0246169224236,1.41552308550834,Accurx,Accurx,Accurx
WOOLPIT HEALTH CENTRE,D83055,16104,52.2229483033951,0.894135348997463,Anima,Patchs,Patchs
HAWTHORN DRIVE SURGERY,D83056,11030,52.0460277089801,1.12155457244026,eConsult,,eConsult
FRAMFIELD HOUSE SURGERY,D83057,14600,52.090190233188,1.30817389458211,Accurx,Accurx,Accurx
BARRACK LANE MEDICAL CENTRE,D83059,21691,52.0606621886538,1.14616940454899,Accurx,Accurx,Accurx
HARDWICKE HOUSE GROUP PRACTICE,D83060,24182,52.0382199247436,0.725797552127719,Anima,eConsult,eConsult
WICKHAM MARKET MEDICAL CENTRE,D83061,9974,52.1520283873726,1.36408241696004,Accurx,Accurx,Accurx
FOREST SURGERY,D83062,7526,52.4463840595283,0.624706614175484,Anima,,Anima
OAKFIELD SURGERY,D83067,8483,52.250892059867,0.399993751048375,Evergreen Health,askmyGP,askmyGP
FRESSINGFIELD MEDICAL CENTRE,D83069,6397,52.3474002586171,1.31095484487083,Evergreen Health,askmyGP,askmyGP
STANTON SURGERY,D83070,5141,52.3256523025498,0.883191105117889,,Anima,Anima
DR SOLWAY AND DR ROY PRACTICE,D83073,5691,52.0573417075602,1.16234981538725,Anima,Anima,Anima
ORCHARD MEDICAL PRACTICE,D83074,14150,52.0573417075602,1.16234981538725,Anima,,Anima
SIAM SURGERY,D83075,13274,52.0487148392157,0.748867230674836,Anima,Anima,Anima
CLARE GUILDHALL SURGERY,D83076,5639,52.0791618814208,0.580367608288758,Anima,Anima,Anima
THE REYNARD SURGERY,D83078,10242,52.3054963737164,0.488865848620768,Anima,Anima,Anima
COMBS FORD SURGERY,D83079,9287,52.1802429080308,0.99600035488849,Evergreen Health,askmyGP,askmyGP
MARTLESHAM SURGERY,D83080,5967,52.060997022053,1.27250217543487,Anima,Anima,Anima
HAVEN HEALTH,D83081,8302,51.9645301101529,1.32776403714469,Evergreen Health,askmyGP,askmyGP
EMBRACE MEDICAL CENTRE,D83084,6531,52.0625437759034,1.23538559118851,Anima,,Anima
ANDAMAN SURGERY,D83608,6566,52.4554703025456,1.71368471054743,Accurx,Accurx,Accurx
SWAN SURGERY,D83610,12823,52.2487601404916,0.717279657405902,Anima,Anima,Anima
GREENSAND SURGERY (AMPTHILL),E81002,10199,52.0261925202254,-0.493276661311902,Accurx,Accurx,Accurx
DR JL HENDERSON & PARTNERS,E81003,21290,51.9202969278785,-0.664326329571552,eConsult; Silicon Health FootFall,eConsult,eConsult
SALISBURY HOUSE SURGERY,E81004,12379,51.9160538275117,-0.659654076334823,eConsult; Silicon Health FootFall,eConsult,eConsult
BELL HOUSE MEDICAL CENTRE,E81005,10792,51.8845829763395,-0.427807090366573,Accurx,Accurx,Accurx
STOPSLEY VILLAGE PRACTICE,E81006,9490,51.9016842288941,-0.395304485760475,Silicon Health FootFall; SystmConnect,SystmConnect,SystmConnect
HARROLD MEDICAL PRACTICE,E81007,6696,52.2033278783666,-0.605781480314364,eConsult,eConsult,eConsult
WHEATFIELD SURGERY,E81008,11995,51.9044446292534,-0.49514416525871,eConsult,Patchs,Patchs
WEST STREET SURGERY,E81009,12446,51.8846382255392,-0.525853596281242,Accurx; Silicon Health FootFall,Accurx,Accurx
DR WHM MATTA'S PRACTICE,E81010,9198,51.9011463279408,-0.459134091635131,Accurx; Silicon Health FootFall,Accurx,Accurx
GREENSANDS (POTTON),E81012,13040,52.1275432666092,-0.211713778124535,Accurx; Silicon Health FootFall,Accurx,Accurx
CASTLE MEDICAL GROUP PRACTICE,E81013,14955,51.8762235240362,-0.414220381363659,Accurx; Silicon Health FootFall,Accurx,Accurx
PRIORY GARDENS SURGERY,E81014,18500,51.8922307190484,-0.521911772193627,SystmConnect,SystmConnect,SystmConnect
FLITWICK SURGERY,E81015,14393,52.0049517450067,-0.49393191937548,Accurx; Silicon Health FootFall,Accurx,Accurx
LISTER HOUSE SURGERY,E81016,6405,51.8919060533071,-0.451152164668659,Accurx,Accurx,Accurx
WOODLAND AVENUE PRACTICE,E81018,13139,51.8953196175701,-0.435949022836761,Accurx,Accurx,Accurx
LONDON ROAD HEALTH CENTRE,E81019,23050,52.1262536599075,-0.45891946866513,SystmConnect,SystmConnect,SystmConnect
QUEENS PARK HEALTH CENTRE,E81021,22673,52.1331507949563,-0.493075193213909,SystmConnect,SystmConnect,SystmConnect
LARKSFIELD AND ARLESEY MEDICAL PRACTICE,E81022,19419,52.0176547290618,-0.235194034358238,Accurx; Silicon Health FootFall,,Unknown
SHARNBROOK SURGERY,E81024,6077,52.2245259922867,-0.534237172589353,Accurx,Accurx,Accurx
THE OAKLEY SURGERY,E81025,7635,51.900573274114,-0.464181847683087,Accurx,,Accurx
LARKSIDE PRACTICE,E81026,10000,51.8924900824059,-0.369255183263857,SystmConnect,SystmConnect,SystmConnect
HOUGHTON REGIS MEDICAL CENTRE,E81027,13627,51.9057885780849,-0.518866883348111,eConsult,,eConsult
THE BLENHEIM MEDICAL CENTRE,E81028,16104,51.8924946117925,-0.428402953231946,Accurx,Accurx,Accurx
PUTNOE MEDICAL CENTRE PARTNERSHIP,E81029,18178,52.1480810906704,-0.439105524575762,SystmConnect,SystmConnect,SystmConnect
CAULDWELL MEDICAL CENTRE,E81030,10825,52.1284308281195,-0.471050217686715,eConsult; SystmConnect,SystmConnect,SystmConnect
GREAT BARFORD SURGERY,E81031,5212,52.155782230979,-0.350289147447678,eConsult,eConsult,eConsult
LEA VALE MEDICAL PRACTICE,E81032,47682,51.8816237122474,-0.42302854681295,Klinik,Klinik,Klinik
SHEFFORD HEALTH CENTRE,E81033,20484,52.034785146346,-0.321644616551698,Accurx; Rapid Health,Accurx,Accurx
TODDINGTON MEDICAL CENTRE,E81034,8450,51.945252304328,-0.528901407403445,eConsult,,eConsult
SANDY HEALTH CENTRE,E81035,10062,52.1300037935846,-0.287203526285435,Klinik,Klinik,Klinik
IVEL MEDICAL CENTRE,E81036,13068,52.0885831025058,-0.259559050838709,SystmConnect,SystmConnect,SystmConnect
THE DE PARYS GROUP,E81037,36207,52.1409708769222,-0.466390417564012,SystmConnect,SystmConnect,SystmConnect
KING STREET SURGERY,E81038,21312,52.1186795859002,-0.495458973495522,SystmConnect,SystmConnect,SystmConnect
SUNDON MEDICAL CENTRE,E81040,9503,51.9145571664726,-0.469114564505041,SystmConnect,SystmConnect,SystmConnect
GARDENIA PRACTICE,E81041,13886,51.9000997854299,-0.447236639887691,Accurx,Accurx,Accurx
MARSTON FOREST HEALTHCARE,E81043,10817,52.0630876744936,-0.548641442358644,Anima; Silicon Health FootFall,Anima,Anima
LEIGHTON ROAD SURGERY,E81044,19499,51.9157793473304,-0.667949918597443,eConsult,eConsult,eConsult
KINGSBURY COURT SURGERY,E81045,10540,51.886842984336,-0.518123822798412,SystmConnect,SystmConnect,SystmConnect
DR A SULAKSHANA & PARTNERS,E81046,12195,51.9641687292422,-0.424514506827953,Accurx,Accurx,Accurx
GOLDINGTON AVENUE SURGERY,E81047,18000,52.1437814575144,-0.455771604572582,SystmConnect,SystmConnect,SystmConnect
BUTE HOUSE MEDICAL CENTRE,E81048,11028,51.8804856119372,-0.423315358061959,Accurx,Accurx,Accurx
PRIORY MEDICAL CENTRE,E81049,7710,52.1657551717279,-0.50476409740767,SystmConnect,SystmConnect,SystmConnect
ASPLANDS MEDICAL CENTRE,E81050,12813,52.0126125082233,-0.649825146674923,Engage GP,Engage GP,Engage GP
KIRBY ROAD SURGERY,E81052,8094,51.8823113761438,-0.526728811546102,SystmConnect,SystmConnect,SystmConnect
SAFFRON HEALTH PARTNERSHIP,E81057,21670,52.0846765530591,-0.264634177490958,Klinik; Silicon Health FootFall,Klinik,Klinik
LINDEN ROAD SURGERY,E81060,6325,52.143477034743,-0.479398594851257,SystmConnect,SystmConnect,SystmConnect
DR CARRAGHER AND NEAL AND AKHTAR,E81061,7227,52.0067667942647,-0.312876612426193,Accurx,,Accurx
CONWAY MEDICAL CENTRE,E81063,9402,51.8900325395695,-0.442730008445091,SystmConnect,SystmConnect,SystmConnect
CADDINGTON SURGERY,E81069,4929,51.8647085706379,-0.45817186092972,Accurx,,Accurx
THE MEDICI MEDICAL PRACTICE,E81073,17974,51.8741590113887,-0.417551640567805,Accurx; Silicon Health FootFall,Accurx,Accurx
HOUGHTON CLOSE SURGERY,E81074,11717,52.025912411946,-0.49270523172918,Accurx,Accurx,Accurx
DR DV SHAH'S PRACTICE,E81076,5870,51.900221343973,-0.486244507402814,Accurx,,Accurx
DRS MIRZA SUKHANI & PARTNERS,E81612,5589,51.9048929399082,-0.472016107716582,Accurx,Accurx,Accurx
ASHBURNHAM ROAD SURGERY,E81615,4250,52.1359708246287,-0.478119977455495,Accurx,,Accurx
DR PS BATH'S PRACTICE,E81617,5283,51.9016842288941,-0.395304485760475,SystmConnect,SystmConnect,SystmConnect
MALZEARD ROAD PRACTICE,E81631,9813,51.8885299763929,-0.423077464228991,SystmConnect,,SystmConnect
BARTON HILLS MEDICAL GROUP,E81632,8352,51.9200028689288,-0.438072363544455,Accurx,Accurx,Accurx
NEVILLE ROAD SURGERY,E81633,5443,51.9049138194965,-0.442738737915286,Accurx,Accurx,Accurx
EASTGATE SURGERY,E81635,8651,51.8862390930292,-0.519436892159287,SystmConnect,SystmConnect,SystmConnect
ROTHSCHILD HOUSE GROUP,E82001,43851,51.790808947107,-0.668951994673431,eConsult,eConsult,eConsult
WRAFTON HOUSE SURGERY,E82002,10844,51.7660256248783,-0.226793374767746,Accurx; eConsult,eConsult,eConsult
HATFIELD ROAD SURGERY,E82004,4906,51.7479592055048,-0.32666046167094,Accurx,Accurx,Accurx
STANMORE MEDICAL GROUP,E82005,48336,51.9128815941099,-0.205943660091518,Accurx; Klinik,Accurx,Accurx
THE LIMES SURGERY,E82006,7678,51.7593786672132,-0.010944456870901,Accurx; Silicon Health FootFall,Accurx,Accurx
HANSCOMBE HOUSE SURGERY,E82007,11810,51.7966888637178,-0.0835555863764227,eConsult,eConsult,eConsult
THE NEVELLS ROAD SURGERY,E82008,11131,51.9812817804842,-0.22970717941653,Accurx,Accurx,Accurx
LINCOLN HOUSE SURGERY,E82009,23492,51.7375566086621,-0.469882305874682,eConsult,eConsult,eConsult
FAIRBROOK MEDICAL CENTRE,E82012,14670,51.6596338192009,-0.271635089190492,Accurx,Accurx,Accurx
BRIDGEWATER SURGERIES,E82013,36506,51.651306961405,-0.422389655511045,Anima,Anima,Anima
"LODGE,HIGHFIELD & REDBOURN",E82014,19868,51.7598060848849,-0.341567559369745,eConsult,eConsult,eConsult
SUTHERGREY HOUSE MEDICAL CENTRE,E82015,8470,51.6607513776337,-0.400242019189375,Accurx,eConsult,eConsult
GARSTON MEDICAL CENTRE,E82017,13166,51.6823522531827,-0.390933900904384,eConsult,eConsult,eConsult
LISTER HOUSE SURGERY,E82018,14899,51.7645739229529,-0.227125602874871,Accurx,Accurx,Accurx
BRIDGE COTTAGE SURGERY,E82019,15873,51.830002340613,-0.215994905636453,eConsult,eConsult,eConsult
CONSULTING ROOMS,E82020,6629,51.6257463913512,-0.390206689699752,Accurx,Accurx,Accurx
MUCH HADHAM HEALTH CENTRE,E82021,6625,51.8490756452263,0.0719213737924832,Accurx,Accurx,Accurx
FERNVILLE SURGERY,E82022,18650,51.7545363069808,-0.471532319757184,Accurx; Engage GP,Accurx,Accurx
BURVILL HOUSE SURGERY,E82023,12150,51.7613020900728,-0.227210296341857,Accurx,Accurx,Accurx
LEA WHARF MEDICAL,E82024,17911,51.7974367482321,-0.0770411919161028,eConsult,,eConsult
PARKFIELD MEDICAL CENTRE,E82027,12659,51.6951291682173,-0.17958757216523,eConsult,Patchs,Patchs
MALTINGS SURGERY,E82031,19644,51.7518506160835,-0.337918359745979,Accurx,Accurx,Accurx
BENNETTS END SURGERY,E82032,15035,51.740924337793,-0.44997693566545,eConsult,,eConsult
KNEBWORTH & MARYMEAD PRACTICE,E82035,12677,51.8657781997011,-0.180563579934745,Accurx,Accurx,Accurx
VILLAGE SURGERY,E82037,15560,51.8142860936498,-0.356803275574091,Accurx,,Accurx
THE BUNTINGFORD & PUCKERIDGE MED PRAC.,E82038,20252,51.8869262917612,0.0221352067924146,Accurx,Accurx,Accurx
PEARTREE LANE SURGERY,E82040,20905,51.7970379906512,-0.197857118581777,Accurx,Accurx,Accurx
THE GARDEN CITY PRACTICE,E82041,12753,51.7972570155801,-0.210311996202919,eConsult,eConsult,eConsult
ABBEY ROAD SURGERY,E82042,9258,51.6837586719723,-0.0315768786460869,Accurx; Silicon Health FootFall,Accurx,Accurx
SCHOPWICK SURGERY,E82043,15204,51.6452637797644,-0.29868956200685,Patchs,Patchs,Patchs
THE PORTMILL SURGERY,E82044,14603,51.9486219046578,-0.274902315049222,eConsult,eConsult,eConsult
WATFORD HEALTH CENTRE,E82045,18637,51.6563146678543,-0.401050829869566,Accurx,Accurx,Accurx
VINE HOUSE HEALTH CENTRE,E82046,10503,51.7047696640771,-0.418779578335078,Accurx,Accurx,Accurx
GROVE HILL MEDICAL CENTRE,E82050,5347,51.7723080847699,-0.457380244544048,Accurx,Accurx,Accurx
EVEREST HOUSE SURGERY,E82051,14643,51.7552215856637,-0.44970670148362,eConsult,eConsult,eConsult
BANCROFT MEDICAL CENTRE,E82053,17998,51.9512110517286,-0.277449063800673,Rapid Health,Accurx,Accurx
MIDWAY SURGERY,E82055,13396,51.7338521597133,-0.355421036586339,Anima,Anima,Anima
SHEPHALL HEALTH CENTRE,E82056,10467,51.8900619069454,-0.167343590586994,eConsult,eConsult,eConsult
POTTERELLS MEDICAL CENTRE,E82058,17199,51.7269218782403,-0.208602463708634,Accurx,,Accurx
GRANGE STREET SURGERY,E82059,10417,51.7572978476589,-0.335878222572704,Accurx,Accurx,Accurx
PARKBURY HOUSE SURGERY,E82060,21912,51.7565991856842,-0.334165216349893,eConsult,eConsult,eConsult
AMWELL SURGERY,E82061,14283,51.7600388447287,-0.0132919313623089,Accurx; Silicon Health FootFall,Accurx,Accurx
HALL GROVE GROUP PRACTICE,E82062,16045,51.7893201615948,-0.181800542361704,eConsult,eConsult,eConsult
THE MAPLES,E82063,12358,51.7232156957556,-0.030949397054323,Accurx; Silicon Health FootFall,Accurx,Accurx
HAVERFIELD SURGERY,E82066,3723,51.7127356240752,-0.450686709204037,eConsult; Silicon Health FootFall,,Unknown
CHURCH STREET PARTNERSHIP,E82067,16587,51.8707241030813,0.15821676860777,Accurx,Accurx,Accurx
GADE AND CHORLEYWOOD HEALTH CENTRES,E82068,19499,51.6367197210956,-0.48156543604415,Accurx,Accurx,Accurx
THE ELMS SURGERY,E82069,8797,51.6616889872735,-0.404413866593632,eConsult,eConsult,eConsult
WOODHALL FARM MEDICAL CTR,E82070,3563,51.7807497102232,-0.437507411654359,Accurx,Accurx,Accurx
ELMS MEDICAL PRACTICE,E82071,17279,51.8188947411558,-0.3520072382793,Accurx,Accurx,Accurx
MANOR VIEW PRACTICE,E82073,48488,51.646113629359,-0.375205124126314,Accurx,Accurx,Accurx
SOUTH STREET SURGERY,E82074,22882,51.8667612170659,0.161004756437009,eConsult,eConsult,eConsult
REGAL CHAMBERS SURGERY,E82075,12502,51.9524406174888,-0.276314891061544,Accurx,Accurx,Accurx
DAVENPORT HOUSE SURGERY,E82077,12423,51.8161705781571,-0.354602027437226,Accurx,Accurx,Accurx
HIGHVIEW MEDICAL CENTRE,E82078,10195,51.698185372395,-0.174298889506621,Accurx,Accurx,Accurx
CROMWELL MEDICAL CENTRE,E82079,8940,51.7019531190524,-0.0500786604178063,Accurx,Silicon Health FootFall,Silicon Health FootFall
CUFFLEY AND GOFFS OAK MEDICAL PRACTICE,E82081,13621,51.7081709699368,-0.113106330602408,Accurx; Silicon Health FootFall,Accurx,Accurx
THE BIRCHWOOD AND SOLLERSHOTT SURGERIES,E82082,18420,51.9826941603318,-0.22440663936165,eConsult,eConsult,eConsult
THE COLNE PRACTICE,E82083,10302,51.6367356425921,-0.481405947792885,Accurx,Accurx,Accurx
HARVEY GROUP PRACTICE,E82084,13739,51.7541481555221,-0.340152139188464,Accurx,,Accurx
THE RED HOUSE GROUP,E82085,18666,51.6827300670843,-0.317146743404688,Accurx,Accurx,Accurx
KING GEORGE & MANOR HOUSE SURGERIES,E82086,24333,51.9074162261329,-0.206096184419117,eConsult,eConsult,eConsult
HAILEY VIEW SURGERY,E82088,10135,51.7763309366878,-0.0137070822914389,Accurx; Silicon Health FootFall,eConsult,eConsult
PARK LANE SURGERY,E82090,9971,51.7462013363727,-0.0208525799851131,Accurx; Silicon Health FootFall,Accurx,Accurx
PARKWOOD SURGERY,E82091,16175,51.7561997443002,-0.495223155745657,Accurx,Accurx,Accurx
DOLPHIN HOUSE SURGERY,E82092,16712,51.8108520338508,-0.0340227036594541,SystmConnect,,SystmConnect
BEDWELL MEDICAL CENTRE,E82093,13676,51.9041076841963,-0.182312822158116,Accurx,Accurx,Accurx
THE MANOR STREET SURGERY,E82094,12624,51.7597676804247,-0.558946547407347,Accurx,Accurx,Accurx
SHEEPCOT MEDICAL CENTRE,E82096,10479,51.694696721287,-0.412839314027173,Accurx,Accurx,Accurx
ANNANDALE MEDICAL CENTRE,E82098,7597,51.698185372395,-0.174298889506621,Accurx,Accurx,Accurx
THE BALDOCK SURGERY,E82099,12629,51.9853368568286,-0.183345985401385,eConsult,eConsult,eConsult
CENTRAL SURGERY,E82100,13809,51.8125459042013,0.147746514265792,Accurx,Accurx,Accurx
NEW RIVER HEALTH,E82102,17344,51.8125544657535,-0.0336584588413337,Rapid Health; SystmConnect,SystmConnect,SystmConnect
ABBOTSWOOD MEDICAL CENTRE,E82105,4991,51.7010346165838,-0.403237481141679,,eConsult,eConsult
NEW ROAD SURGERY,E82106,14021,51.6480240291917,-0.447343402588632,Accurx,Accurx,Accurx
SUMMERFIELD HEALTH CENTRE,E82107,10727,51.7230183421975,-0.299927739689779,Accurx,Accurx,Accurx
THE SYMONDS GREEN HEALTH CENTRE,E82111,7595,51.9126276515193,-0.222434443005004,Accurx,Accurx,Accurx
VERULAM MEDICAL GROUP,E82113,7196,51.7252845964949,-0.301189284996856,Accurx,Accurx,Accurx
STOCKWELL LODGE MED.CTR.,E82115,10435,51.7137924565033,-0.0552874387151067,Accurx; eConsult; Silicon Health FootFall,Accurx,Accurx
THE GROVE MEDICAL CENTRE,E82117,12514,51.6559250597154,-0.280551605297587,Accurx,Accurx,Accurx
WATTON PLACE CLINIC,E82121,5189,51.8593001893068,-0.115779057237943,eConsult,,eConsult
WARDEN LODGE MEDICAL PRACTICE,E82123,9757,51.7003647326246,-0.0362397034788427,Accurx; Silicon Health FootFall,Accurx,Accurx
ATTENBOROUGH SURGERY,E82124,33345,51.6459881935049,-0.374588098932103,Accurx,Accurx,Accurx
KINGS LANGLEY SURGERY,E82129,15518,51.7132940449444,-0.448460184355781,eConsult,eConsult,eConsult
ROYSIA SURGERY,E82132,6112,52.0588809217813,-0.0201160119843889,Accurx,Accurx,Accurx
HIGH STREET SURGERY,E82133,9571,51.7086379288083,-0.037328835180903,Accurx; Silicon Health FootFall,Accurx,Accurx
WHITWELL SURGERY,E82626,2780,51.87645344072,-0.280878354159212,eConsult,eConsult,eConsult
STANHOPE SURGERY,E82638,6880,51.6880024020659,-0.0320727675828514,Accurx,Accurx,Accurx
ARCHWAY SURGERY,E82643,2932,51.7229589440005,-0.532685043238581,eConsult,eConsult,eConsult
GOSSOMS END SURGERY,E82652,3184,51.7641862774037,-0.577816649197669,Accurx,Accurx,Accurx
HELIX MEDICAL CENTRE,E82654,10661,51.8654828703794,0.174319758948642,Accurx,Accurx,Accurx
SOUTH OXHEY SURGERY,E82655,4248,51.6257190769745,-0.39054933355325,Accurx,Accurx,Accurx
LITTLE BUSHEY SURGERY,E82657,6255,51.6346110959709,-0.343551389472568,Accurx,Accurx,Accurx
THE GARDEN CITY SURGERY,E82661,8140,51.9802694279502,-0.225771836533452,eConsult,eConsult,eConsult
OAKLEIGH ROAD HEALTH CENTRE,E83003,10492,51.6252108483715,-0.158863148167137,eConsult,eConsult,eConsult
LICHFIELD GROVE SURGERY,E83005,5958,51.5988056954534,-0.191914940301393,eConsult,eConsult,eConsult
GREENFIELD MEDICAL CENTRE,E83006,6755,51.5611700758573,-0.205151884842734,Patchs,Patchs,Patchs
SQUIRES LANE MEDICAL PRACTICE,E83007,4864,51.6024905362466,-0.174981102102199,Anima; eConsult,eConsult,eConsult
HEATHFIELDE MEDICAL CENTRE,E83008,8186,51.5852342002893,-0.179792467553153,Accurx,Accurx,Accurx
PHGH DOCTORS,E83009,12810,51.5810970744373,-0.197848727237453,Accurx,Accurx,Accurx
THE SPEEDWELL PRACTICE,E83010,12605,51.6171528803615,-0.175014820713946,Accurx,Accurx,Accurx
THE EVERGLADE MEDICAL PRACTICE,E83011,11096,51.6015748173415,-0.244213559301234,eConsult,eConsult,eConsult
THE OLD COURT HOUSE SURGERY,E83012,10261,51.6529003978344,-0.20159129819415,Accurx,Accurx,Accurx
CORNWALL HOUSE SURGERY,E83013,5292,51.604844112527,-0.189924104327778,eConsult,eConsult,eConsult
MILLWAY MEDICAL PRACTICE,E83016,25024,51.6155666895895,-0.244039817129965,eConsult,eConsult,eConsult
LONGROVE SURGERY,E83017,17417,51.6495267237418,-0.19484258427448,Anima,Patchs,Patchs
WATLING MEDICAL CENTRE,E83018,17996,51.6032948860558,-0.262016126747817,eConsult,eConsult,eConsult
ST. GEORGES MEDICAL CENTRE,E83020,11575,51.592309674633,-0.226245221396533,Patchs,Patchs,Patchs
TORRINGTON PARK GROUP PRACTICE,E83021,12528,51.6171528803615,-0.175014820713946,eConsult,eConsult,eConsult
ST ANDREWS MEDICAL PRACTICE.,E83024,11367,51.6301651690621,-0.172127905612675,Accurx,Accurx,Accurx
PENNINE DRIVE PRACTICE,E83025,7788,51.5683856943551,-0.209057722342167,Patchs,,Patchs
SUPREME MEDICAL CENTRE,E83026,3621,51.5988233449685,-0.195393179571526,Accurx,Accurx,Accurx
THE PRACTICE AT 188,E83027,10666,51.5764243379973,-0.204669068245047,eConsult,eConsult,eConsult
PARKVIEW SURGERY,E83028,6076,51.6072064499342,-0.25758396375749,eConsult,eConsult,eConsult
PENSHURST GARDENS SURGERY,E83030,7473,51.6165136347934,-0.271839908588204,eConsult,eConsult,eConsult
THE VILLAGE SURGERY,E83031,6266,51.6482064931446,-0.168289908118428,eConsult,eConsult,eConsult
OAK LODGE MEDICAL CENTRE,E83032,17076,51.604289790899,-0.271608309810867,Accurx,Accurx,Accurx
COLNEY HATCH LANE SURGERY,E83034,5033,51.6013243657749,-0.147551501334011,Accurx,,Accurx
WENTWORTH GROUP PRACTICE - FINCHLEY,E83035,25302,51.6077453757596,-0.187923759310851,Anima,Anima,Anima
JAI MEDICAL CENTRE,E83038,8862,51.6218680114923,-0.277485040919687,Patchs,Patchs,Patchs
RAVENSCROFT MEDICAL CENTRE,E83039,5491,51.5751458424169,-0.202492087203578,Patchs,Patchs,Patchs
WAKEMANS HILL SURGERY,E83041,4665,51.5875766348761,-0.252631369732056,Patchs,Patchs,Patchs
ADDINGTON MEDICAL CENTRE,E83044,9889,51.649509184217,-0.177459801257336,eConsult,eConsult,eConsult
FRIERN BARNET MEDICAL CENTRE,E83045,9700,51.6132272883672,-0.156450412397005,Accurx,Accurx,Accurx
MULBERRY MEDICAL PRACTICE,E83046,7905,51.6153950216658,-0.260395241990947,Accurx,Accurx,Accurx
LANGSTONE WAY SURGERY,E83049,,51.6069797853681,-0.210409069956332,,,Unknown
EAST FINCHLEY MEDICAL CENTRE,E83050,7259,51.5881725036548,-0.162104770222444,eConsult,eConsult,eConsult
LANE END MEDICAL GROUP,E83053,14703,51.6152906012579,-0.274859973815756,Accurx,Accurx,Accurx
DRS ADLER AND ROSENBERG,E83600,7852,51.5753308914875,-0.195968932458835,Accurx,,Accurx
EAST BARNET HEALTH CENTRE,E83613,11343,51.6466477731007,-0.166613451136774,eConsult,eConsult,eConsult
BRUNSWICK PARK MEDICAL PRACTICE,E83621,9311,51.6300734641126,-0.14913612314511,eConsult,eConsult,eConsult
TEMPLE FORTUNE MEDICAL GROUP,E83622,9049,51.5810970744373,-0.197848727237453,Accurx,Accurx,Accurx
COLINDALE MEDICAL CENTRE LP,E83637,12372,51.5911793622649,-0.248496960677514,Patchs,Accurx,Accurx
THE MOUNTFIELD SURGERY,E83638,5192,51.5948993186521,-0.192742874079738,eConsult,,eConsult
ROSEMARY SURGERY,E83639,6142,51.5976692467534,-0.185825227226825,eConsult,eConsult,eConsult
THE HODFORD ROAD PRACTICE,E83649,4415,51.5692310150151,-0.199282771340168,Accurx,Accurx,Accurx
THE PHOENIX PRACTICE,E83653,12022,51.5875732584522,-0.222091711238722,Patchs,Patchs,Patchs
DR SP TALPAHEWA,E83668,3951,51.6161186512695,-0.260299829476474,eConsult,eConsult,eConsult
FORTY WILLOWS SURGERY,E84002,7371,51.5657299454076,-0.271764263571956,Patchs,Patchs,Patchs
PREMIER MEDICAL CENTRE,E84003,14534,51.550123682716,-0.305976752748712,Blinx,Blinx,Blinx
THE CIRCLE PRACTICE,E84004,7416,51.6011131660564,-0.320613249267379,Patchs; Silicon Health FootFall,Patchs,Patchs
KINGS ROAD SURGERY,E84005,7345,51.5689825184246,-0.377393579165178,Patchs,Patchs,Patchs
THE LAW MEDICAL GROUP PRACTICE,E84006,16679,51.5336656154201,-0.23387651575782,eConsult,eConsult,eConsult
UXENDON CRESCENT SURGERY,E84007,5916,51.5726273996049,-0.29391335438527,eConsult,eConsult,eConsult
SIMPSON HOUSE MEDICAL CENTRE,E84008,10376,51.5616571165396,-0.372431769160969,Patchs,Patchs,Patchs
ENDERLEY ROAD MEDICAL CENTRE,E84009,12136,51.6025474307329,-0.340530821049303,Patchs,Patchs,Patchs
ST ANDREWS MEDICAL CENTRE,E84011,1725,51.5387151641773,-0.25281625851737,eConsult,eConsult,eConsult
MAPESBURY MEDICAL GROUP,E84012,8182,51.5514962791549,-0.209473013799723,Patchs,Patchs,Patchs
CHURCH END MEDICAL CENTRE,E84013,8389,51.5479596268933,-0.253442893077781,Patchs,Patchs,Patchs
BACON LANE SURGERY,E84014,10180,51.6050779855272,-0.275902554812405,Accurx,Accurx,Accurx
WILLOW TREE FAMILY DOCTORS,E84015,14797,51.5898031109288,-0.265726057967685,Patchs,,Patchs
SUDBURY & ALPERTON MEDICAL CENTRE,E84017,7604,51.536916140556,-0.298046324445614,eConsult; Silicon Health FootFall,eConsult,eConsult
STREATFIELD HEALTH CENTRE,E84018,7814,51.5932675042981,-0.310276945797263,Patchs,Patchs,Patchs
JAI MEDICAL CENTRE (BRENT),E84020,6324,51.5981676631387,-0.270720878253412,eConsult; Patchs,eConsult,eConsult
THE WILLESDEN MEDICAL CENTRE,E84021,16929,51.5475317919333,-0.233873264440358,Accurx; Engage GP,Accurx,Accurx
ROXBOURNE MEDICAL CENTRE,E84022,7033,51.5667967500329,-0.363100531025282,Anima,Anima,Anima
THE PINN MEDICAL CENTRE,E84024,21648,51.5957262231501,-0.380639787412699,Patchs,Patchs,Patchs
THE LONSDALE MEDICAL CENTRE,E84025,19512,51.5368972650541,-0.204480108035535,Accurx; Patchs,Accurx,Accurx
THE STONEBRIDGE PRACTICE,E84028,6083,51.5414912323212,-0.261117239379504,Patchs,Patchs,Patchs
PRESTON HILL SURGERY,E84030,4463,51.5800999553214,-0.288971689957083,Patchs,Patchs,Patchs
BRENTFIELD MEDICAL CENTRE,E84031,9442,51.5511942541811,-0.260530925609348,Patchs,Patchs,Patchs
ELLIS PRACTICE,E84032,6449,51.5638939923554,-0.276551769013066,eConsult,eConsult,eConsult
CHALKHILL FAMILY PRACTICE,E84033,6742,51.5638939923554,-0.276551769013066,eConsult,eConsult,eConsult
GLADSTONE MEDICAL CENTRE,E84036,9021,51.5580873897744,-0.247573054458955,Accurx; eConsult,Accurx,Accurx
HONEYPOT MEDICAL CENTRE,E84039,18781,51.5969833338202,-0.294545149337297,Patchs,Patchs,Patchs
THE PINNER ROAD SURGERY,E84040,4512,51.5827943750679,-0.352855190198572,Anima; Patchs,Anima,Anima
KILBURN PARK MEDICAL CENTRE,E84042,6924,51.533288289894,-0.203108201435778,Patchs,Patchs,Patchs
THE NORTHWICK SURGERY,E84044,11376,51.5826602992845,-0.328741409323196,Patchs,Patchs,Patchs
THE FRYENT WAY SURGERY,E84048,7683,51.5834719322019,-0.280964067095286,eConsult,eConsult,eConsult
BRAMPTON HEALTH CENTRE,E84049,7469,51.5860991630534,-0.277386113541789,eConsult; Silicon Health FootFall,eConsult,eConsult
STANLEY CORNER MEDICAL CENTRE,E84051,6357,51.5442511236118,-0.296618939309879,eConsult; Engage GP,eConsult,eConsult
HATCH END MEDICAL CENTRE,E84053,3214,51.6062415929633,-0.377076531894692,Patchs,,Patchs
THE STANMORE MEDICAL CENTRE,E84057,12515,51.6014555749073,-0.304399319953017,Patchs,Klinik,Klinik
GP DIRECT,E84058,26606,51.5752612662505,-0.358799009807882,Patchs,Klinik,Klinik
THE ALLENDALE ROAD SURGERY,E84059,4703,51.5509648001763,-0.320700909610757,eConsult,eConsult,eConsult
ELLIOTT HALL MEDICAL CTR.,E84061,11382,51.6085456285724,-0.363008919951267,Patchs,Patchs,Patchs
THE SHAFTESBURY MEDICAL CENTRE,E84062,5565,51.5717155802329,-0.354107034020111,Patchs,Patchs,Patchs
LANCELOT MEDICAL CENTRE,E84063,9137,51.5528073758934,-0.299414992586787,eConsult,eConsult,eConsult
GP PATHFINDER CLINICS,E84066,114460,51.5475919285286,-0.275393858514521,Anima; Patchs,eConsult,eConsult
CHURCH LANE SURGERY,E84067,9533,51.5752018500401,-0.262226644060661,Patchs,Patchs,Patchs
THE RIDGEWAY SURGERY,E84068,14884,51.5811908343893,-0.36486382082855,Patchs,Patchs,Patchs
BELMONT HEALTH CENTRE,E84069,19179,51.6011131660564,-0.320613249267379,Patchs,Patchs,Patchs
PINNER VIEW MEDICAL CENTRE,E84070,5834,51.5861552920777,-0.350223884272694,Patchs,Patchs,Patchs
FREUCHEN MEDICAL CENTRE,E84074,12666,51.5343837280577,-0.242773797742316,Patchs,Patchs,Patchs
MOLLISON WAY SURGERY,E84075,11767,51.5977612570783,-0.277941152313785,Evergreen Health,Evergreen Health,Evergreen Health
OXGATE GARDENS SURGERY,E84076,6421,51.563753249727,-0.230243828553368,Patchs,Patchs,Patchs
KINGSBURY HEALTH AND WELLBEING,E84078,5326,51.5923261690677,-0.265471161928216,eConsult; Patchs,eConsult,eConsult
STAVERTON SURGERY,E84080,8239,51.5444010775148,-0.226033694199006,Patchs,Patchs,Patchs
LANFRANC MEDICAL CENTRE,E84083,5953,51.5614354226704,-0.332938815957217,Patchs,Patchs,Patchs
WALM LANE SURGERY,E84086,6605,51.5499883289142,-0.2197007999294,Patchs,,Patchs
KENTON BRIDGE MEDICAL CENTRE DR GOLDEN,E84601,7653,51.5821347438449,-0.316506637734851,Patchs,Patchs,Patchs
THE CIVIC MEDICAL CENTRE,E84617,7591,51.5874101900604,-0.337747888113778,Patchs,Patchs,Patchs
PRESTON ROAD SURGERY,E84620,6190,51.5649086246473,-0.292442049673499,eConsult,eConsult,eConsult
THE SUNFLOWER MEDICAL CENTRE,E84626,4844,51.550123682716,-0.305976752748712,Patchs,Patchs,Patchs
THE SURGERY,E84635,5414,51.5511534298134,-0.282788386046497,Patchs,,Patchs
HILLTOP MEDICAL PRACTICE,E84637,4937,51.5414912323212,-0.261117239379504,Patchs,Patchs,Patchs
ALPERTON MEDICAL CENTRE,E84638,6311,51.542847760665,-0.294104382653956,eConsult,eConsult,eConsult
PARK ROYAL MEDICAL PRACTICE,E84645,8860,51.5309362735046,-0.269160666461107,Patchs,Patchs,Patchs
THE STREATFIELD MEDICAL CENTRE,E84646,7460,51.5953432086602,-0.300829828626052,Patchs,,Patchs
KENTON CLINIC,E84647,4966,51.5859681248989,-0.292417688790052,Patchs,Patchs,Patchs
ZAIN MEDICAL CENTRE,E84653,7160,51.6064764766516,-0.271269369781515,Patchs,Patchs,Patchs
ROUNDWOOD PARK MEDICAL CENTRE,E84656,5900,51.5428356730478,-0.235526053475365,Patchs,Patchs,Patchs
ASPRI MEDICAL CENTRE,E84658,5352,51.6045463349412,-0.340717877124242,Patchs,Patchs,Patchs
KENTON BRIDGE MEDICAL CENTRE - DR RAJA,E84663,7946,51.5821347438449,-0.316506637734851,Patchs,Patchs,Patchs
NEASDEN MEDICAL CENTRE,E84665,8805,51.5592568528961,-0.248206142393138,Accurx; eConsult,eConsult,eConsult
CHICHELE ROAD SURGERY,E84674,5051,51.5554253188929,-0.215925485961432,Patchs,Patchs,Patchs
HEADSTONE LANE MEDICAL CENTRE,E84676,3899,51.6007463585849,-0.35632095399369,Patchs,Patchs,Patchs
PRESTON MEDICAL CENTRE,E84678,4686,51.5630287956427,-0.292411474694669,Patchs,,Patchs
HEADSTONE ROAD SURGERY,E84680,5198,51.5837681613104,-0.340911935963729,Patchs,Patchs,Patchs
THE TUDOR HOUSE MEDICAL CENTRE,E84684,4980,51.5654216994343,-0.2654996365741,eConsult,eConsult,eConsult
SUDBURY SURGERY,E84685,7813,51.5587778444108,-0.316849895114654,eConsult; Patchs,eConsult,eConsult
ST. PETER'S MEDICAL CENTRE,E84693,10188,51.5769071709697,-0.350484732874514,Patchs,Patchs,Patchs
KINGS EDGE MEDICAL CENTRE,E84699,3960,51.5951677977751,-0.26913116209337,eConsult,eConsult,eConsult
PEARL MEDICAL PRACTICE,E84701,4963,51.550123682716,-0.305976752748712,Patchs,Patchs,Patchs
WILLESDEN GREEN SURGERY,E84702,14655,51.5536770118909,-0.216859371646102,Accurx; eConsult,Accurx,Accurx
ST. GEORGES MEDICAL CENTRE,E84704,2545,51.5582808004626,-0.247277098532224,eConsult,eConsult,eConsult
WEMBLEY PARK MEDICAL CENTRE,E84709,25632,51.5602719876108,-0.282199683555017,eConsult,eConsult,eConsult
THORNBURY ROAD CENTRE FOR HEALTH,E85001,9158,51.4744322630971,-0.345443187692946,Patchs,Patchs,Patchs
NORTH END MEDICAL CENTRE,E85003,18534,51.4879186428341,-0.204100219463162,Patchs,Patchs,Patchs
ALBANY PRACTICE,E85004,7372,51.4867597574061,-0.310058803827231,Patchs,Patchs,Patchs
"THE SURGERY, DR DASGUPTA & PARTNERS",E85005,5217,51.5142117715031,-0.248046754832242,Patchs,,Patchs
WATERSIDE MEDICAL CENTRE,E85006,5047,51.502214895832,-0.363772984246512,eConsult,eConsult,eConsult
ST. MARGARETS PRACTICE,E85007,12751,51.4594027187304,-0.323055927155007,SystmConnect,SystmConnect,SystmConnect
NORTH FULHAM SURGERY,E85008,6313,51.4861003788536,-0.201636668610213,Patchs,Patchs,Patchs
KS MEDICAL CENTRE,E85012,5199,51.5137413040337,-0.364296798320887,eConsult,,eConsult
WESTSEVEN GP,E85013,5920,51.5102628569717,-0.334375000155265,eConsult,Patchs,Patchs
NORTHFIELDS SURGERY,E85014,8321,51.5046517999812,-0.318628836590519,eConsult; SystmConnect,eConsult,eConsult
HOUNSLOW MEDICAL CENTRE,E85015,9604,51.4693457956401,-0.377201589653487,SystmConnect,SystmConnect,SystmConnect
RICHFORD GATE MEDICAL CENTRE,E85016,12058,51.5004364269748,-0.226574314237854,Patchs,Patchs,Patchs
CROWN STREET SURGERY,E85019,10376,51.5074420924784,-0.273624783818477,SystmConnect,SystmConnect,SystmConnect
BROOK GREEN MEDICAL CENTRE,E85020,15686,51.4951625254032,-0.220944501364706,Patchs,Patchs,Patchs
YEADING MEDICAL CENTRE,E85021,6971,51.5336342122266,-0.397019355103501,eConsult,eConsult,eConsult
CHEPSTOW GARDENS MEDICAL CENTRE,E85023,3178,51.5176237963704,-0.375140443249785,eConsult,,eConsult
CARLTON SURGERY,E85024,5285,51.4542446815829,-0.403972703517632,Patchs,Patchs,Patchs
CASSIDY ROAD MEDICAL CENTRE,E85025,11288,51.4791539212402,-0.199015277649837,Evergreen Health,Evergreen Health,Evergreen Health
GORDON HOUSE SURGERY,E85026,15461,51.5099443306995,-0.315220422459369,SystmConnect,SystmConnect,SystmConnect
HILLCREST SURGERY,E85028,8647,51.5082731195966,-0.279386283748963,eConsult,,eConsult
"THE MEDICAL CENTRE, DR JEFFERIES & PARTN",E85029,14647,51.4815167506608,-0.212978458100571,Patchs,Patchs,Patchs
CHISWICK HEALTH PRACTICE,E85030,7161,51.4977093806538,-0.244769544889776,Patchs; SystmConnect,SystmConnect,SystmConnect
ASHCHURCH SURGERY,E85032,4541,51.5018517629017,-0.242339653579007,Patchs,,Patchs
HAMMERSMITH SURGERY,E85033,11085,51.4909659179823,-0.227071480807663,Patchs,,Patchs
GROSVENOR HOUSE SURGERY,E85034,5180,51.509380184385,-0.328585354607718,Accurx,Accurx,Accurx
MOUNT MEDICAL CENTRE,E85035,7299,51.4405080860917,-0.387575942998099,Patchs,,Patchs
PALACE SURGERY,E85038,5556,51.4760637523707,-0.215697206845909,Patchs,,Patchs
WEST4 GPS,E85040,7861,51.4977093806538,-0.244769544889776,SystmConnect,SystmConnect,SystmConnect
HANWELL HEALTH CENTRE (NAISH),E85041,6221,51.5102628569717,-0.334375000155265,eConsult,eConsult,eConsult
THE NEW SURGERY,E85042,7787,51.5060576037257,-0.235578224395996,Patchs,Patchs,Patchs
TWICKENHAM PARK MEDICAL CENTRE,E85045,3263,51.43701159706,-0.372822849717035,Patchs,Patchs,Patchs
EASTMEAD AVENUE SURGERY,E85046,5990,51.5309609918165,-0.36297326861793,eConsult,eConsult,eConsult
"DR CANISIUS & DR HASAN, PARKVIEW CFH&W",E85048,7432,51.5108451723676,-0.235220329893051,Anima; Patchs,Anima,Anima
BELMONT MEDICAL CENTRE,E85049,8561,51.5008483235769,-0.385202983221595,eConsult; SystmConnect,eConsult,eConsult
GREENFORD ROAD MED.CTR.,E85050,7690,51.5376967125983,-0.345702313653819,eConsult,,eConsult
GREENFORD AVENUE FHP,E85051,4834,51.5217306552059,-0.340270134946617,eConsult,Patchs,Patchs
CRANFORD MEDICAL CENTRE,E85052,7341,51.4819748364527,-0.41229973223352,SystmConnect,SystmConnect,SystmConnect
THE MEDICAL CENTRE,E85053,3390,51.5530057185536,-0.375610974450138,eConsult,eConsult,eConsult
HILLVIEW SURGERY,E85054,11548,51.5398657473883,-0.316754594638555,eConsult,eConsult,eConsult
THE BUSH DOCTORS,E85055,10913,51.5038895373036,-0.218861159267983,Patchs,Patchs,Patchs
ST DAVIDS PRACTICE,E85056,7163,51.4463669134432,-0.411085739433845,Patchs,Patchs,Patchs
QUEENS WALK PRACTICE,E85057,10258,51.5253009754732,-0.312563432909444,eConsult,eConsult,eConsult
BLUE WING FAMILY DOCTOR UNIT,E85058,7224,51.4682603688938,-0.371748911152546,Patchs,,Patchs
CHESTNUT PRACTICE,E85059,8082,51.4682631451879,-0.371754571307347,Patchs,SystmConnect,SystmConnect
KINGFISHER PRACTICE,E85060,6304,51.4611275289745,-0.359611361395077,Patchs,,Patchs
WELCOME PRACTICE,E85061,6375,51.4986499288938,-0.379676348975335,eConsult,eConsult,eConsult
HIYOS,E85062,13499,51.4708555166123,-0.361681542591491,SystmConnect,SystmConnect,SystmConnect
WEST END SURGERY,E85064,7296,51.5347353293832,-0.397975544449751,eConsult,eConsult,eConsult
THE BEDFORD PARK SURGERY,E85066,3952,51.495914979865,-0.262131874512889,eConsult,eConsult,eConsult
OLDFIELD FAMILY PRACTICE,E85069,5662,51.5304345895703,-0.351069215171901,eConsult,,eConsult
CLIFFORD HOUSE MEDICAL CENTRE,E85071,2251,51.4473232216389,-0.406677741556689,Patchs,Patchs,Patchs
WEST KENSINGTON GP SURGERY,E85074,6092,51.5001246574402,-0.216688293125115,Patchs; SystmConnect,Patchs,Patchs
GP SURGERY @ ACTON GARDENS,E85075,4926,51.5017284099256,-0.272774501581543,eConsult,eConsult,eConsult
SHEPHERDS BUSH MEDICAL CENTRE,E85077,3348,51.5066136847599,-0.233092672195572,Patchs,Patchs,Patchs
DR SIVANESAN & PARTNER,E85083,6540,51.5212218476166,-0.369391014725039,eConsult,eConsult,eConsult
ELMBANK SURGERY,E85088,6540,51.5253050250702,-0.341855619114405,eConsult,eConsult,eConsult
HAMMOND ROAD SURGERY,E85090,5560,51.4998710850795,-0.379546598519715,eConsult,eConsult,eConsult
BRUNSWICK SURGERY,E85091,3396,51.5294861548311,-0.302850312813364,eConsult,,eConsult
MEDICAL CENTRE,E85096,6161,51.4712653301037,-0.355792595411579,Patchs; SystmConnect,SystmConnect,SystmConnect
ISLIP MANOR MEDICAL CENTRE,E85098,6400,51.5468341226085,-0.373451099191817,eConsult,eConsult,eConsult
THE AVENUE SURGERY,E85099,6922,51.5186760184553,-0.318991659427757,eConsult,eConsult,eConsult
LADY MARGARET ROAD MEDICAL CENTRE,E85103,3108,51.5132265459532,-0.375786896923904,eConsult,eConsult,eConsult
THE MILL HILL SURGERY,E85107,7472,51.5051849048276,-0.27422882541418,SystmConnect,SystmConnect,SystmConnect
MANDEVILLE MEDICAL CENTRE,E85108,4838,51.5448484106304,-0.372267224246661,eConsult,eConsult,eConsult
THE ACTON HEALTH CENTRE,E85109,4025,51.5062136106455,-0.270198505034732,eConsult,eConsult,eConsult
PERIVALE MEDICAL CLINIC,E85111,5362,51.5351112014999,-0.333929542816735,eConsult,,eConsult
ELMTREES SURGERY,E85112,9111,51.5506199689383,-0.338800701286015,eConsult; SystmConnect,SystmConnect,SystmConnect
REDWOOD PRACTICE,E85113,6917,51.4611275289745,-0.359611361395077,Patchs,Patchs,Patchs
CROSSLANDS SURGERY,E85114,7570,51.4911009139044,-0.37220869925404,SystmConnect,SystmConnect,SystmConnect
PENTELOW PRACTICE,E85115,4040,51.4566231431846,-0.416573504918129,Patchs,Patchs,Patchs
THE CUCKOO LANE PRACTICE,E85116,5835,51.5102628569717,-0.334375000155265,eConsult; SystmConnect,eConsult,eConsult
THE FULHAM MEDICAL CENTRE,E85118,7061,51.4807358352047,-0.193120281222534,Patchs,Patchs,Patchs
THE MWH PRACTICE,E85119,13916,51.5112069604781,-0.379302946101461,eConsult,eConsult,eConsult
THE ARGYLE SURGERY,E85120,7343,51.5197513336849,-0.322497856656272,SystmConnect,SystmConnect,SystmConnect
GURU NANAK MEDICAL CENTRE,E85121,14711,51.5122569085608,-0.386975735997762,eConsult,eConsult,eConsult
THE FLORENCE ROAD SURGERY,E85122,14098,51.5117539763589,-0.298551876885523,Evergreen Health,,Evergreen Health
THE CORFTON ROAD SURGERY,E85123,8945,51.5200028014231,-0.297509375042154,eConsult; SystmConnect,SystmConnect,SystmConnect
GP AT HAND,E85124,96676,51.484526330723,-0.203959844015349,Patchs; Rapid Health,Rapid Health,Rapid Health
STERNDALE SURGERY,E85125,5789,51.5001246574402,-0.216688293125115,Patchs,Patchs,Patchs
GREEN PRACTICE,E85126,10892,51.4682631451879,-0.371754571307347,Patchs,Patchs,Patchs
THE BARNABAS MEDICAL CTRE,E85127,8278,51.5510557644157,-0.353770979491834,eConsult,,eConsult
SANDS END HEALTH CLINIC,E85128,12215,51.4731284919739,-0.191390577353911,Patchs,Patchs,Patchs
THE MANSELL ROAD PRACTICE,E85129,5787,51.5256535700318,-0.358968680968484,eConsult,eConsult,eConsult
CHISWICK FAMILY PRACTICE,E85130,4264,51.5017284099256,-0.272774501581543,eConsult,eConsult,eConsult
WILLOW PRACTICE,E85600,7167,51.4611275289745,-0.359611361395077,SystmConnect,SystmConnect,SystmConnect
BRENTFORD GROUP PRACTICE,E85605,8152,51.4867597574061,-0.310058803827231,SystmConnect,SystmConnect,SystmConnect
Acton Town Medical Centre,E85617,1175,51.5029576191266,-0.281157026698627,,,Unknown
SOMERSET MEDICAL CENTRE,E85623,3023,51.5315143309633,-0.376260692247623,eConsult,eConsult,eConsult
"DR UPPAL & PARTN, PARKVIEW CTR FOR H&W",E85624,7187,51.5108451723676,-0.235220329893051,Patchs,Patchs,Patchs
ELTHORNE PARK SURGERY,E85628,9769,51.5037453680274,-0.326298819913761,Engage GP; Rapid Health,Rapid Health,Rapid Health
THE SOUTHALL MEDICAL CTR.,E85633,9509,51.5195903233941,-0.375589350336032,eConsult,eConsult,eConsult
THE VALE SURGERY,E85635,5530,51.5064853249803,-0.252132876840114,eConsult,eConsult,eConsult
PARK MEDICAL CENTRE,E85636,14724,51.4969699800313,-0.243325150255407,Patchs,Patchs,Patchs
THE CHURCHFIELD ROAD SURGERY,E85640,3436,51.5087684857528,-0.266614429027057,eConsult,eConsult,eConsult
MEADOW VIEW,E85643,6916,51.5505893130062,-0.361562064184736,eConsult,eConsult,eConsult
FULHAM CROSS MEDICAL CENTRE,E85649,4286,51.4827043705411,-0.213608940315108,Patchs,Patchs,Patchs
SUNRISE MEDICAL CENTRE,E85656,5570,51.5112375418503,-0.382169647813889,eConsult,eConsult,eConsult
EALING PARK HEALTH CENTRE,E85657,11635,51.4970403767253,-0.305237044152084,Accurx,Accurx,Accurx
HOLLY ROAD MEDICAL CENTRE,E85658,4549,51.4927902176227,-0.260379449684911,Patchs,Patchs,Patchs
"DR RK KUKAR, PARKVIEW CTR FOR H&W",E85659,2276,51.5108451723676,-0.235220329893051,Patchs,Patchs,Patchs
THE SALUJA CLINIC,E85663,10171,51.5127505721336,-0.381035188993143,eConsult,eConsult,eConsult
THE HORN LANE SURGERY,E85677,8319,51.5146177515398,-0.268727183691015,eConsult,eConsult,eConsult
CLOISTER ROAD SURGERY,E85680,10196,51.521245869436,-0.266342517225801,SystmConnect,SystmConnect,SystmConnect
JERSEY PRACTICE,E85681,9063,51.4839705461159,-0.382384409278895,SystmConnect,,SystmConnect
DORMERS WELLS MEDICAL CENTRE,E85682,5726,51.515460981932,-0.364451384835526,eConsult,,eConsult
GLEBE STREET SURGERY,E85683,3959,51.4915134471088,-0.256332717890348,SystmConnect,SystmConnect,SystmConnect
THE LILYVILLE SURGERY,E85685,12405,51.4743485711711,-0.199967722285448,Patchs,Patchs,Patchs
ACTON LANE MEDICAL CENTRE,E85687,5682,51.501683575504,-0.265471260387572,eConsult,eConsult,eConsult
CHISWICK MEDICAL PRACTICE,E85693,22256,51.4816351385309,-0.267243014821821,Klinik,Klinik,Klinik
THE BOILEAU ROAD SURGERY,E85694,5259,51.5201898971629,-0.286273921323345,eConsult,eConsult,eConsult
CLIFFORD ROAD SURGERY,E85696,7835,51.4704800205347,-0.394205853484795,Patchs,Patchs,Patchs
GREENBROOK BEDFONT,E85697,6232,51.4516965361334,-0.430101310773791,Patchs,Patchs,Patchs
GROVE VILLAGE MEDICAL CENTRE,E85699,6659,51.4490332544558,-0.431328127627653,Patchs,Patchs,Patchs
SKYWAYS MEDICAL CENTRE,E85707,7423,51.4766292981697,-0.394165606192337,SystmConnect,,SystmConnect
GILL MEDICAL PRACTICE,E85708,7832,51.4509864848444,-0.404414456242168,Patchs,Patchs,Patchs
GOODCARE PRACTICE,E85712,10594,51.5315143309633,-0.376260692247623,eConsult,eConsult,eConsult
HOUNSLOW FAMILY PRACTICE,E85713,6385,51.4729160980222,-0.366605452859573,Evergreen Health,,Evergreen Health
BROADMEAD SURGERY,E85715,7959,51.5315143309633,-0.376260692247623,eConsult,eConsult,eConsult
BATH ROAD SURGERY,E85716,16166,51.4693457956401,-0.377201589653487,SystmConnect,SystmConnect,SystmConnect
HATTON MEDICAL PRACTICE,E85718,4974,51.4581757588164,-0.432811129619368,Patchs,Patchs,Patchs
ASHVILLE SURGERY,E85719,9997,51.4762857832349,-0.201389090175895,Patchs,Patchs,Patchs
THE TOWN SURGERY,E85721,2196,51.5126204984922,-0.378128691634394,eConsult,eConsult,eConsult
THE GROVE MEDICAL PRACTICE,E85725,7416,51.5558813291228,-0.361891220844724,eConsult,,eConsult
MATTOCK LANE HEALTH CENTRE,E85726,3257,51.5099443306995,-0.315220422459369,eConsult,eConsult,eConsult
QUEENS PARK MEDICAL PRACTICE,E85734,5846,51.4463669134432,-0.411085739433845,Patchs,Patchs,Patchs
BRENTFORD FAMILY PRACTICE,E85735,6940,51.4867597574061,-0.310058803827231,SystmConnect,SystmConnect,SystmConnect
LITTLE PARK SURGERY,E85736,7572,51.4425939776942,-0.387721777128499,Patchs,Patchs,Patchs
HMC HEALTH HESTON GREAT WEST,E85739,10417,51.4839705461159,-0.382384409278895,Patchs,Patchs,Patchs
ST. GEORGES MEDICAL CTR.,E85743,3072,51.5215448846925,-0.374525223192599,eConsult,eConsult,eConsult
ARGYLE HEALTH-ISLEWORTH PRACTICE,E85744,9442,51.467810977476,-0.328751397387282,Accurx,Accurx,Accurx
JUBILEE GARDENS MEDICAL CENTRE,E85745,8071,51.5212218476166,-0.369391014725039,eConsult,eConsult,eConsult
GROVE PARK TERRACE SURGERY,E85746,3869,51.4843723064134,-0.273148069572597,Patchs,Patchs,Patchs
"THE MEDICAL CENTRE, DR KUKAR",E85748,6043,51.5071261895844,-0.2438658830974,Patchs,Patchs,Patchs
SPRING GROVE MEDICAL PRACTICE,E85750,7197,51.4743570586181,-0.345849092217328,Patchs,,Patchs
MOUNTWOOD SURGERY,E86001,11234,51.6158686308428,-0.44254037747387,Anima; Blinx,,Unknown
THE MEDICAL CENTRE,E86004,11052,51.5046724642236,-0.476117265521262,Blinx; Patchs,,Unknown
THE OAKLAND MEDICAL CENTRE,E86005,6951,51.5456267784039,-0.451703609007905,Blinx; Patchs,,Unknown
THE DEVONSHIRE LODGE PRACTICE,E86006,8322,51.579265772153,-0.397406055082454,Blinx; Rapid Health,Rapid Health,Rapid Health
HAREFIELD PRACTICE,E86007,8870,51.6053811479616,-0.481883403208217,Blinx,Blinx,Blinx
BELMONT MEDICAL CENTRE,E86009,8897,51.5482642787541,-0.47803621049798,Blinx; Patchs,Patchs,Patchs
YIEWSLEY FAMILY PRACTICE,E86010,16533,51.5114509042732,-0.472533369894491,Blinx; Patchs,Patchs,Patchs
OXFORD DRIVE MEDICAL CENTRE,E86011,6261,51.5675909742952,-0.394555676558177,Blinx; Patchs,Patchs,Patchs
WOOD LANE MEDICAL CENTRE,E86012,11196,51.5712158963132,-0.425163692697161,Blinx,Blinx,Blinx
CEDARS MEDICAL CENTRE,E86014,7545,51.5694222563482,-0.404216557887395,Blinx; Patchs,Blinx,Blinx
CENTRAL UXBRIDGE SURGERY,E86015,17204,51.5462202305839,-0.475739220010968,Accurx; Blinx; Patchs,Patchs,Patchs
THE PINE MEDICAL CENTRE,E86016,6144,51.5269714200417,-0.416418013601186,Patchs,Patchs,Patchs
HAYES MEDICAL CENTRE,E86017,21776,51.501074671426,-0.422986498865053,Blinx; Patchs,Patchs,Patchs
TOWNFIELD DOCTORS SURGERY,E86018,8080,51.5162777183081,-0.41145034574985,Blinx; Patchs,,Unknown
THE WARREN PRACTICE,E86019,6865,51.5196832069638,-0.408607691437949,Blinx; Patchs,Patchs,Patchs
YEADING COURT SURGERY,E86020,5269,51.5281111683369,-0.399519934251981,Patchs,Patchs,Patchs
THE ABBOTSBURY PRACTICE,E86022,5868,51.579265772153,-0.397406055082454,Blinx; Patchs,Patchs,Patchs
KING EDWARDS MEDICAL CENTRE,E86024,4280,51.5744414437756,-0.428886079960165,Blinx; Patchs,Patchs,Patchs
PARKVIEW SURGERY,E86026,8303,51.5246886381099,-0.441184465994991,Patchs,Patchs,Patchs
OTTERFIELD MEDICAL CENTRE,E86027,7178,51.5144654689426,-0.470631059429327,Blinx; Patchs,,Unknown
EASTBURY SURGERY,E86028,8343,51.612022800474,-0.423881897879804,Anima; Blinx,Anima,Anima
CEDAR BROOK PRACTICE,E86029,10492,51.5337135026827,-0.414101959634892,Accurx; Blinx,Accurx,Accurx
BRUNEL MEDICAL CENTRE,E86030,11817,51.5318422191324,-0.472312361747069,Blinx; Patchs,Patchs,Patchs
ST MARTINS MEDICAL CENTRE,E86033,6484,51.5776094257725,-0.42517362934481,Blinx; Rapid Health,Rapid Health,Rapid Health
CHURCH ROAD SURGERY,E86034,2631,51.5289798856748,-0.475550950719338,,,Unknown
HILLINGDON HEALTH CENTRE,E86036,8943,51.551621261683,-0.448052859327083,Blinx; Patchs,Patchs,Patchs
GLENDALE MEDICAL CENTRE,E86038,7111,51.4904292871883,-0.434502791878376,Blinx; Patchs,Patchs,Patchs
ACRE SURGERY,E86041,5488,51.604465120313,-0.411551533246411,Anima; Blinx,,Unknown
THE HIGH STREET PRACTICE,E86042,7732,51.5114509042732,-0.472533369894491,Blinx; Patchs,,Unknown
LADYGATE LANE MEDICAL PRACTICE,E86605,2562,51.5805119183646,-0.436460798737568,Blinx; Patchs,Patchs,Patchs
NORTH HYDE ROAD SURGERY,E86609,10344,51.4978155475616,-0.413360055694832,Blinx; Patchs,Patchs,Patchs
WILLOW TREE SURGERY,E86610,3283,51.5253414609195,-0.386383684971171,Patchs,,Patchs
SHAKESPEARE HEALTH CENTRE,E86612,5976,51.4988072923744,-0.436319186190193,eConsult; Patchs,eConsult,eConsult
ACREFIELD SURGERY,E86615,2530,51.5613417660237,-0.381488653997132,Anima; Blinx,,Unknown
CAREPOINT PRACTICE,E86618,7140,51.604465120313,-0.411551533246411,Blinx; Patchs,Patchs,Patchs
WALLASEY MEDICAL CENTRE,E86619,3317,51.5658709603179,-0.451925056963374,Blinx; Patchs,Patchs,Patchs
WEST LONDON MEDICAL CENTRE,E86620,5178,51.5257855017559,-0.453400168434414,,,Unknown
KINCORA DOCTORS SURGERY,E86625,2838,51.5116338371943,-0.412490950592907,Blinx; Patchs,Patchs,Patchs
QUEENS WALK MEDICAL CENTRE,E86626,5905,51.5627160332693,-0.393154793750109,Blinx; Patchs,,Unknown
DR MLR SIDDIQUI'S PRACTICE,E86629,3674,51.5521111945827,-0.398850889261237,Blinx; Patchs,Patchs,Patchs
ACORN MEDICAL CENTRE,E86632,5784,51.5419901098933,-0.450731065588324,Patchs,Patchs,Patchs
HEATHROW MEDICAL CENTRE,E86637,6556,51.4917792346708,-0.434586195854688,eConsult,eConsult,eConsult
SOUTHCOTE CLINIC,E86640,5938,51.5771207378133,-0.433676389530682,Blinx,Blinx,Blinx
VICTORIA MEDICAL CENTRE,E87002,16811,51.4927745294248,-0.138926097636397,Patchs,Patchs,Patchs
NORTH KENSINGTON MEDICAL CENTRE,E87003,5107,51.5191988740172,-0.220325130192216,Patchs,Patchs,Patchs
HEALTH PARTNERS AT VIOLET MELCHETT,E87004,10869,51.4870224951531,-0.166419826488505,Patchs,Patchs,Patchs
BELGRAVIA SURGERY,E87005,8521,51.4949499150095,-0.148532905753615,Patchs,Patchs,Patchs
LITTLE VENICE MEDICAL CENTRE,E87006,4786,51.5238685178554,-0.176580081062106,Patchs,Patchs,Patchs
Westbourne Grove Medical Centre,E87007,1,51.5140386926782,-0.200968947683872,,,Unknown
PADDINGTON GREEN HEALTH CENTRE,E87008,11813,51.5209391506512,-0.173252046851421,Patchs,Patchs,Patchs
THE GARWAY MEDICAL PRACTICE,E87009,3705,51.5153919823444,-0.185494127119169,Patchs,Patchs,Patchs
MAIDA VALE MEDICAL CENTRE,E87010,5906,51.5285750968004,-0.188415657574758,Patchs,,Patchs
LISSON GROVE HEALTH CENTRE,E87011,7747,51.5247356643483,-0.169323221741286,Patchs,Patchs,Patchs
STANHOPE MEWS SURGERY,E87013,16040,51.4944664033075,-0.182003376579314,Patchs,Patchs,Patchs
HOLLAND PARK SURGERY,E87016,13448,51.5014152344525,-0.194336495406159,Patchs,Patchs,Patchs
SHIRLAND MEDICAL,E87021,5171,51.5305789797697,-0.207641021306248,Patchs,Patchs,Patchs
THE GOLBORNE MEDICAL CENTRE,E87024,5525,51.5239471398941,-0.206762628517313,Patchs,Patchs,Patchs
MEANWHILE GARDEN MEDICAL CENTRE,E87026,2313,51.5221707497122,-0.20243086956361,Patchs,,Patchs
PORTLAND ROAD PRACTICE,E87029,9023,51.5073663176332,-0.20801891461125,Patchs,Patchs,Patchs
PIMLICO HEALTH AT THE MARVEN SURGERY,E87034,14597,51.4884488612074,-0.137777057681745,Patchs,Patchs,Patchs
CONNAUGHT SQUARE PRACTICE,E87037,11234,51.5137048023742,-0.163755634876942,Patchs,Patchs,Patchs
ELGIN CLINIC,E87038,4701,51.52481820725,-0.198468280755382,Patchs,Patchs,Patchs
EMPEROR'S GATE SURGERY,E87043,6687,51.4962240218714,-0.185751190083809,Patchs,Patchs,Patchs
COVENT GARDEN MEDICAL CENTRE,E87045,5118,51.5147939994105,-0.12517276102538,Patchs,Patchs,Patchs
THE RANDOLPH SURGERY,E87046,12589,51.5299991561694,-0.18649627685203,Evergreen Health,Evergreen Health,Evergreen Health
EARLS COURT MEDICAL CENTRE,E87047,6364,51.4918385635603,-0.192926219960293,Accurx,Accurx,Accurx
ROSARY GARDEN SURGERY,E87048,3523,51.4922894295325,-0.18311276281992,Patchs; Silicon Health FootFall,Patchs,Patchs
CROMPTON MEDICAL CENTRE,E87052,3261,51.5239556990828,-0.17640361421866,Patchs,Patchs,Patchs
THE PEMBRIDGE VILLAS SURGERY,E87061,13747,51.5125794446237,-0.197293801184587,Patchs,Patchs,Patchs
KINGS ROAD MEDICAL CENTRE,E87063,15788,51.4803550460282,-0.184768017845149,Evergreen Health,Evergreen Health,Evergreen Health
THE NOTTING HILL MEDICAL CENTRE,E87065,3689,51.514853588758,-0.207206248372149,Accurx,Accurx,Accurx
FITZROVIA MEDICAL CENTRE,E87066,7749,51.5224222055289,-0.140586184761752,Patchs,Patchs,Patchs
COLVILLE HEALTH CENTRE,E87067,10530,51.5158368352131,-0.206230814944649,Patchs,Patchs,Patchs
SOHO CENTRE FOR HEALTH AND CARE,E87069,2844,51.5145238838119,-0.13191447156412,Patchs,Patchs,Patchs
CRAWFORD STREET SURGERY,E87070,7159,51.5193214021317,-0.161223511198231,Patchs,Patchs,Patchs
ST JOHNS WOOD MEDICAL PRACTICE,E87609,24423,51.5334730328231,-0.175460970633884,Patchs,Patchs,Patchs
GRAND UNION HEALTH CENTRE,E87637,20905,51.5200632056709,-0.191002042971215,Patchs,Patchs,Patchs
MAYFAIR MEDICAL CENTRE,E87648,4327,51.5135363147216,-0.150171802157268,Patchs,Patchs,Patchs
THIRD FLOOR LANARK ROAD MEDICAL CENTRE,E87663,4547,51.5305011441914,-0.185614311955138,Patchs,Patchs,Patchs
THE CHELSEA PRACTICE,E87665,6417,51.4868052231561,-0.167011458049827,Patchs,Patchs,Patchs
IMPERIAL COLLEGE HEALTH CENTRE,E87677,18458,51.4986544455116,-0.172010910603096,Patchs,Patchs,Patchs
NEWTON MEDICAL CENTRE,E87681,14312,51.5165095834247,-0.190897819924649,Patchs,Patchs,Patchs
THE ABINGDON HEALTH CENTRE,E87701,8735,51.4960848852699,-0.197137871074377,Patchs,,Patchs
THE SURGERY,E87702,2864,51.497464816506,-0.184578177374848,Patchs,Patchs,Patchs
THE FORELAND MEDICAL CENTRE,E87706,4253,51.5125185030053,-0.212702303544736,Accurx,Accurx,Accurx
ROYAL HOSPITAL CHELSEA,E87711,288,51.4873968481751,-0.157338023595176,,,Unknown
SOHO SQUARE GENERAL PRACTICE,E87714,5762,51.5145238838119,-0.13191447156412,Patchs,Patchs,Patchs
SCARSDALE MEDICAL CENTRE,E87715,7296,51.4993388178891,-0.191793937975099,Patchs,,Patchs
KENSINGTON PARK MEDICAL CENTRE,E87720,9157,51.4966330940755,-0.207676337327795,Patchs,Patchs,Patchs
LANCASTER GATE MEDICAL CENTRE,E87722,6810,51.5114638560748,-0.183272329239353,Patchs,Patchs,Patchs
THE EXMOOR SURGERY,E87733,4847,51.5223619806005,-0.217217959755223,Accurx,Accurx,Accurx
MARYLEBONE HEALTH CENTRE,E87737,9227,51.5228381178137,-0.151539100539727,Patchs,Patchs,Patchs
KNIGHTSBRIDGE MEDICAL CENTRE,E87738,14921,51.4985026050527,-0.160001267918237,Patchs,Patchs,Patchs
MILLBANK MEDICAL CENTRE,E87739,9709,51.4941849092874,-0.127125865239696,Patchs,Patchs,Patchs
THE DR HICKEY SURGERY FOR THE HOMELESS,E87740,2121,51.495222383639,-0.132257099399964,,,Unknown
WOODFIELD ROAD MEDICAL CENTRE,E87741,3459,51.5227184007089,-0.197585350954988,Patchs,Patchs,Patchs
THE GOLBORNE MEDICAL CENTRE,E87742,3000,51.5239471398941,-0.206762628517313,Accurx; Patchs,Accurx,Accurx
CAVENDISH HEALTH CENTRE,E87745,9163,51.5228381178137,-0.151539100539727,Patchs,Accurx,Accurx
BROMPTON MEDICAL CENTRE,E87746,4932,51.4893564642977,-0.18999943658674,Patchs,Patchs,Patchs
EARLS COURT SURGERY,E87750,4122,51.4887461475126,-0.191824133308349,Patchs,Patchs,Patchs
SRIKRISHNAMURTHY HARROW ROAD SURGERY,E87751,2101,51.5263562287912,-0.205529112397864,Patchs,Patchs,Patchs
BELGRAVE MEDICAL CENTRE,E87753,11169,51.4906510880872,-0.151357569185518,Patchs,Patchs,Patchs
WELLINGTON HEALTH CENTRE,E87754,6346,51.5322749515319,-0.171284403397376,Patchs,Patchs,Patchs
QUEENS PARK HEALTH CENTRE,E87755,3230,51.5309109272505,-0.20582579670508,Patchs,Patchs,Patchs
GROUND FLOOR LANARK MEDICAL CENTRE,E87756,53,51.5305011441914,-0.185614311955138,,,Unknown
THE GOOD PRACTICE,E87762,8606,51.4827383967198,-0.177832270883055,Patchs,Patchs,Patchs
KINGS COLLEGE HEALTH CENTRE,E87768,22970,51.5122833780861,-0.117767309805673,Patchs,Patchs,Patchs
GREAT CHAPEL STREET MEDICAL CENTRE,E87772,499,51.5145238838119,-0.13191447156412,Patchs,Patchs,Patchs
DR KHAN & PARTNERS,F81001,13582,51.5707329841922,0.548167351801041,Accurx,Accurx,Accurx
DR F KHAN CARNAVON ROAD SURGERY,F81003,5928,51.5447615166317,0.701691261744347,Accurx,Accurx,Accurx
THE EDEN SURGERIES,F81004,9293,51.8139986199627,0.205762600976628,Accurx,Accurx,Accurx
CLAYHILL MEDICAL PRACTICE,F81006,5297,51.5662785686666,0.481596829742277,Accurx,Accurx,Accurx
"DR PUZEY,DR KOTHARI AND DR NANDA",F81007,19770,51.5814709308007,0.705998023010447,Accurx; Engage GP,Accurx,Accurx
THE GOLD STREET SURGERY,F81009,10991,52.0220144829738,0.241302049003781,Accurx,Accurx,Accurx
AVELEY MEDICAL CENTRE,F81010,12311,51.4984304898169,0.258381944642556,Accurx,Accurx,Accurx
KELVEDON & FEERING HEALTH CENTRE,F81011,8200,51.834948575836,0.698702263110666,Accurx,Accurx,Accurx
WEST MERSEA SURGERY,F81012,7087,51.7785554486144,0.919340524347774,Anima,Anima,Anima
WESTERN ROAD SURGERY,F81013,12989,51.6270096862268,0.417403015367489,Accurx,Accurx,Accurx
CHURCH LANE SURGERY,F81014,11876,51.8913532867181,0.557021808415036,Anima; Evergreen Health,Accurx,Accurx
CROCUS MEDICAL PRACTICE,F81015,12740,52.023589949886,0.256277986163634,eConsult,eConsult,eConsult
WALTON MEDICAL CENTRE,F81017,8247,51.8502005987793,1.2717381400496,Anima,,Anima
MAYFLOWER MEDICAL CENTRE,F81019,17949,51.9334363261421,1.26065407355667,Evergreen Health,askmyGP,askmyGP
THE FRESHFORD PRACTICE,F81020,8271,51.9686476822581,0.454414803166315,eConsult,eConsult,eConsult
GREAT BENTLEY SURGERY,F81021,12015,51.8551159352403,1.06400201439414,Evergreen Health,askmyGP,askmyGP
LONGFIELD MEDICAL CENTRE,F81022,16210,51.7293356850166,0.678834234986312,Accurx,Accurx,Accurx
BEECHWOOD SURGERY,F81023,13732,51.6080226323581,0.295721887828937,eConsult,,eConsult
DR GC CHAJED'S PRACTICE,F81025,10371,51.5640107697856,0.464605331087006,Accurx,Accurx,Accurx
CARADOC SURGERY,F81026,8869,51.8375931275119,1.24406456017746,Evergreen Health,askmyGP,askmyGP
LISTER MEDICAL CENTRE,F81027,20729,51.7545057159263,0.0903368574824543,Accurx,Accurx,Accurx
WIVENHOE SURGERY,F81028,9128,51.8560990456458,0.960350535458487,Anima,Anima,Anima
THE KNARES MEDICAL PRACTICE,F81029,8195,51.5638353537442,0.443759912742793,Accurx,Accurx,Accurx
FERN HOUSE SURGERY,F81030,17162,51.7974769056587,0.637546331663603,Accurx,Accurx,Accurx
MURREE MEDICAL GROUP,F81031,7575,51.5769111978628,0.51063911929107,Accurx,,Accurx
GRACE HOUSE SURGERY,F81032,3107,51.5697802851192,0.582273368451993,Accurx,Accurx,Accurx
NEWPORT SURGERY,F81034,9766,51.9824661729078,0.209150950777162,Accurx,Accurx,Accurx
ROBERT FREW MEDICAL CENTRE,F81036,18206,51.6013026191149,0.536072882757657,Accurx,Accurx,Accurx
EAST LYNNE MEDICAL CENTRE,F81037,8760,51.7913191269806,1.15046704785729,Accurx,Accurx,Accurx
TILE HOUSE SURGERY,F81038,13135,51.6225527936218,0.307767816580603,SystmConnect,SystmConnect,SystmConnect
STOCK SURGERY,F81040,4790,51.6650010492948,0.449288145727096,SystmConnect,SystmConnect,SystmConnect
LONDON ROAD SURGERY,F81041,14435,51.6134891267361,0.520183608410573,Accurx,Accurx,Accurx
COLCHESTER MEDICAL PRACTICE,F81042,43003,51.8900287908283,0.909324597549831,Accurx,Accurx,Accurx
THE LIMES MEDICAL CENTRE,F81043,18037,51.7060009018184,0.123590492014422,eConsult,eConsult,eConsult
THE ARDLEIGH SURGERY,F81044,7347,51.926680023271,0.984619388157434,Anima,Anima,Anima
THE NEW SURGERY,F81045,6770,51.6303423361352,0.42107721928606,Accurx,Accurx,Accurx
DR KRISHNAN & PTNR - KENT ELMS HC,F81046,4469,51.5630506513276,0.665207871409127,SystmConnect,SystmConnect,SystmConnect
THE HAMILTON PRACTICE,F81047,11153,51.7560367176579,0.113041418539854,Accurx,Accurx,Accurx
LOUGHTON HEALTH CENTRE,F81048,10082,51.648860923355,0.05491501454113,Accurx,Accurx,Accurx
ONGAR HEALTH CENTRE,F81049,12875,51.7163451842371,0.245770696779663,Anima,Anima,Anima
THIRD AVENUE HEALTH CENTRE,F81051,7745,51.5240103597581,0.567064803291836,Anima,,Anima
ST. JAMES SURGERY,F81052,15722,51.7876647786561,1.14687659972552,Evergreen Health,askmyGP,askmyGP
PEACOCK SURGERY,F81053,21299,51.902042042549,0.200011100935297,Accurx,Accurx,Accurx
MOUNT AVENUE SURGERY,F81055,13330,51.6308857978687,0.33145056629177,eConsult,eConsult,eConsult
OLD HARLOW HEALTH CENTRE,F81056,11989,51.7840376111743,0.134039071281867,eConsult,Patchs,Patchs
WHITLEY HOUSE SURGERY,F81057,14826,51.7263866940228,0.456225928938455,SystmConnect,SystmConnect,SystmConnect
AEGIS MEDICAL CENTRE,F81060,4914,51.5755596690309,0.46752505956412,Accurx,,Accurx
CONNER & PARTNERS,F81061,7903,51.6242317668519,0.61290442697276,eConsult,,eConsult
CHIGWELL MEDICAL CENTRE,F81062,8834,51.6055095848895,0.0838764820980715,Accurx,Accurx,Accurx
WILLIAM HARVEY SURGERY,F81065,4322,51.5934800860165,0.596843927711434,SystmConnect,SystmConnect,SystmConnect
THE GREENSWARD SURGERY,F81066,6486,51.6071644038902,0.668354931319017,eConsult,SystmConnect,SystmConnect
AMBROSE AVENUE GROUP PRACTICE,F81067,13941,51.8806302426886,0.862796740996613,,Anima,Anima
THE ELIZABETH COURTAULD SURGERY,F81068,17023,51.9422559578432,0.635615404332381,Accurx,Accurx,Accurx
WINSTREE MEDICAL PRACTICE,F81069,8838,51.8819570236511,0.841838461052021,Accurx,Accurx,Accurx
RIVERMEAD GATE MED.CTR.,F81071,13936,51.7408486704925,0.472886756634067,Accurx,Accurx,Accurx
"HIGH STREET SURGERY, EPPING",F81072,8463,51.7010216511744,0.113472819638106,Anima,Patchs,Patchs
THE HOLLIES,F81075,11409,51.5546906990955,0.610243062633524,Accurx,Accurx,Accurx
THE TOLLESBURY PRACTICE,F81076,4732,51.7584957890542,0.830931256541391,Accurx,Accurx,Accurx
CHURCH LANGLEY MEDICAL PRACTICE,F81078,11831,51.7674706421679,0.132706765941539,Accurx,Accurx,Accurx
THE BILLERICAY MEDICAL PRACTICE,F81080,12112,51.6312300321513,0.422511759434319,Accurx,Accurx,Accurx
THE QUEENSWAY SURGERY,F81081,22108,51.5417890197606,0.714010481909139,Anima,Accurx,Accurx
THE RIGG-MILNER MEDICAL CENTRE,F81082,4282,51.4806524726609,0.416192801710676,Accurx; SystmConnect,SystmConnect,SystmConnect
BEAUCHAMP HOUSE,F81083,11842,51.7299659517385,0.476782069352637,Accurx; SystmConnect,Accurx,Accurx
"DR A NAEEM & PARTNERS,THE NEW SURGERY",F81085,13535,51.6217524951156,0.307228914021506,Accurx,Accurx,Accurx
CENTRAL SURGERY - SOUTHCHURCH BLVD,F81086,7717,51.5421904241331,0.739536542820363,Anima,,Anima
MOUNT CHAMBERS MEDICAL PRACTICE,F81087,13699,51.8797839161862,0.554785873192971,Accurx,,Accurx
SOUTHEND ROAD SURGERY,F81088,2700,51.5267598711495,0.439265032905505,Accurx,Accurx,Accurx
WAKERING MEDICAL CTR.,F81089,10130,51.5538762300162,0.793546580259566,Accurx,Accurx,Accurx
ANGEL LANE SURGERY,F81090,11994,51.8715315837424,0.362111208797796,Accurx,Accurx,Accurx
EAST HILL SURGERY,F81091,9379,51.8900287908283,0.909324597549831,Accurx,Accurx,Accurx
DR SOORIAKUMARAN,F81092,4672,51.5568606195994,0.701088205686703,SystmConnect,,SystmConnect
ABBEY FIELD MEDICAL CENTRE,F81095,21954,51.8778060567214,0.899874574742608,Accurx,,Accurx
OAKLANDS SURGERY,F81096,10807,51.5194906484711,0.591706427511356,Anima; eConsult,Anima,Anima
THE VALKYRIE SURGERY,F81097,17890,51.5405315920922,0.691943236922175,SystmConnect,SystmConnect,SystmConnect
THE WRITTLE SURGERY,F81098,8082,51.732575489568,0.426726508745191,Accurx,,Accurx
BLACKWATER MEDICAL CENTRE,F81099,12786,51.7283790758194,0.680950001866564,Accurx,Accurx,Accurx
BEACON HEALTH GROUP-DANBURY MEDICAL CTR,F81100,23667,51.7160571483742,0.586500623907091,eConsult,eConsult,eConsult
ESSEX WAY SURGERY,F81101,5497,51.545359174473,0.565240225924405,Accurx,Accurx,Accurx
ROCKLEIGH COURT SURGERY,F81102,7361,51.6302602761516,0.326871904762973,Accurx,Accurx,Accurx
CHAPEL STREET SURGERY,F81104,4491,51.6229021462468,0.418600538938846,SystmConnect,SystmConnect,SystmConnect
LITTLE WALTHAM & GT NOTLEY SURGERY,F81105,20897,51.7884289037371,0.476388104989415,Anima; SystmConnect,Anima,Anima
THE ROSS PRACTICE,F81106,10892,51.755989869612,0.112876221631349,Accurx,Accurx,Accurx
LAINDON MEDICAL GROUP,F81108,18734,51.5733300654572,0.423486778449013,Accurx,Accurx,Accurx
TILBURY HEALTH CENTRE,F81110,12161,51.460987424872,0.366219524318615,eConsult,eConsult,eConsult
HIGHLANDS SURGERY,F81112,15410,51.5481908457875,0.636268242103485,Anima,Anima,Anima
CHAFFORD HUNDRED MEDICAL CENTRE,F81113,14188,51.4901147145142,0.303996781198992,eConsult,eConsult,eConsult
BADDOW VILLAGE SURGERY,F81114,13821,51.7188693002672,0.503467953618647,Accurx,Accurx,Accurx
CREFFIELD MEDICAL GROUP,F81115,27166,51.8824403603658,0.89319738119006,Accurx,Accurx,Accurx
COLNE MEDICAL CENTRE,F81116,10875,51.8098514782262,1.02147777166151,Anima,Anima,Anima
SUTHERLAND LODGE SURGERY,F81117,9961,51.7257910924795,0.48241859471,Evergreen Health; Patchs,Accurx,Accurx
JOHN TASKER HOUSE SURGERY,F81118,14610,51.8700814174115,0.362612797936555,Accurx,Accurx,Accurx
THE PUMP HOUSE SURGERY,F81119,8265,51.9273000445583,0.694393185580655,Accurx,Accurx,Accurx
NUFFIELD HOUSE HEALTH CENTRE,F81120,12715,51.7747378814785,0.113219181305064,eConsult,eConsult,eConsult
SOUTHEND COASTAL SURGERIES - THORPE BAY,F81121,15453,51.5352719804693,0.758430695053918,Anima,Anima,Anima
CHELMER MEDICAL PARTNERSHIP,F81122,32228,51.7491406550928,0.459909150502087,Accurx; Engage GP,Accurx,Accurx
AUDLEY MILLS SURGERY,F81123,20753,51.584978023979,0.607128509663795,Accurx,Anima,Anima
CHURCH VIEW SURGERY,F81125,14051,51.6004558388951,0.655079854864769,Anima,Anima,Anima
BURNHAM SURGERY,F81126,9931,51.6321425367407,0.814512220273003,Anima; SystmConnect,Anima,Anima
EASTWOOD GROUP PRACTICE,F81128,14525,51.5630506513276,0.665207871409127,SystmConnect,,SystmConnect
WILLIAM FISHER MED.CTR.,F81130,5983,51.6625006553916,0.827804257027105,SystmConnect,,SystmConnect
THAXTED SURGERY,F81131,9217,51.9552088032616,0.344119377433455,Accurx,Accurx,Accurx
BLANDFORD MEDICAL CENTRE,F81132,17284,51.8790343775876,0.54081555833526,Accurx,Accurx,Accurx
TIPTREE MEDICAL CENTRE,F81133,12254,51.8101978746049,0.750730920714454,Anima,Anima,Anima
PEARTREE SURGERY & WEST HORNDON SURGERY,F81134,7473,51.5234398352992,0.296827305911669,eConsult,eConsult,eConsult
THE LOUGHTON SURGERY,F81136,15060,51.6487905586686,0.0599567676822679,SystmConnect,SystmConnect,SystmConnect
ORSETT SURGERY,F81137,7304,51.5104030893115,0.367208752305708,Accurx,Patchs,Patchs
ROWHEDGE SURGERY,F81141,15276,51.8576703301808,0.945057593729186,Anima,Anima,Anima
ST GEORGES MEDICAL PRACTICE,F81142,6563,51.5707329841922,0.548167351801041,Accurx,Accurx,Accurx
THE PALL MALL SURGERY,F81144,21910,51.5473411585804,0.662731495131815,eConsult,,eConsult
DR NAVIN KUMAR,F81147,5113,51.5447615166317,0.701691261744347,Accurx,Anima,Anima
THE LAURELS SURGERY,F81149,11413,51.757988202123,0.544541074664178,Accurx,Accurx,Accurx
BALLARDS WALK SURGERY,F81150,13091,51.5739095108985,0.441947853724228,Accurx,Accurx,Accurx
FOREST PRACTICE,F81152,11911,51.6552320435041,0.0766436362611913,eConsult,eConsult,eConsult
HASSENGATE MEDICAL CENTRE,F81153,13362,51.5204385054399,0.428389404058308,Accurx,Accurx,Accurx
BALFOUR MEDICAL CENTRE,F81155,5466,51.4861252653964,0.33653689212986,eConsult,eConsult,eConsult
RANWORTH SURGERY,F81156,9316,51.7910270437364,1.14961996082602,Evergreen Health,askmyGP,askmyGP
DR NASAH & PARTNERS,F81158,3765,51.5675312662362,0.505044338251875,Accurx,Accurx,Accurx
SOUTHEND MEDICAL CENTRE,F81159,7180,51.5400693372597,0.708522063746932,Accurx,Accurx,Accurx
THE NEW FOLLY SURGERY,F81163,7207,51.6696182755264,0.384771592258156,Accurx,eConsult,eConsult
WEST ROAD SURGERY,F81164,9421,51.5447615166317,0.701691261744347,Accurx,Accurx,Accurx
PALMERSTON ROAD SURGERY,F81165,4580,51.6268705331387,0.0448186175926457,Accurx,,Accurx
KINGS MEDICAL CENTRE,F81169,7944,51.6267388972192,0.0435990360845791,Accurx,Accurx,Accurx
KINGSWAY SURGERY,F81170,13754,51.6531344225324,0.605137641348448,Patchs; SystmConnect,Patchs,Patchs
DOUGLAS GROVE SURGERY,F81173,6352,51.8025259543044,0.622102162960273,Accurx,Accurx,Accurx
NORTH AVENUE SURGERY,F81176,3283,51.5466026655773,0.735070419013108,Accurx,Anima,Anima
NEERA MEDICAL CENTRE,F81177,4329,51.5138419143482,0.426870983935407,Accurx,Accurx,Accurx
ADDISON HOUSE - HAQUE PRACTICE,F81181,23271,51.7708908264555,0.0889785809076142,eConsult,eConsult,eConsult
THE DENGIE MEDICAL PARTNERSHIP,F81183,6015,51.6942008986003,0.882837145125954,Accurx,Accurx,Accurx
ABRIDGE SURGERY,F81184,4208,51.6536285161851,0.12455322926644,eConsult,eConsult,eConsult
FELMORES MEDICAL CENTRE,F81186,7077,51.579302564766,0.508576931970472,Accurx,Accurx,Accurx
STIFFORD CLAYS MEDICAL CENTRE,F81192,10286,51.4975561985239,0.327914810161631,eConsult,eConsult,eConsult
WITHAM HEALTH CENTRE,F81193,7221,51.8005587733298,0.642875662086371,Accurx,,Accurx
SANCTA MARIA MEDICAL CENTRE,F81197,2627,51.5082040819136,0.284012983720316,eConsult,Accurx,Accurx
HORNDON-ON-THE-HILL SURGERY,F81198,2588,51.5234842481094,0.405845569821559,Accurx,Accurx,Accurx
GHAURI PRACTICE,F81205,5722,51.5195555179782,0.571391733756433,Anima,Anima,Anima
COMMONWEALTH HEALTH CENTRE,F81206,5827,51.4622307524863,0.362986938197729,eConsult,eConsult,eConsult
WESTCLIFF MEDICAL CENTRE,F81207,2666,51.5427163724209,0.694322249457279,Anima,Anima,Anima
DR YADAVA N PRACTICE,F81211,5219,51.4768203701534,0.333224151408459,eConsult,eConsult,eConsult
OLD ROAD SURGERY,F81212,9706,51.7951118992147,1.14822218678114,Accurx; Engage GP,Accurx,Accurx
THORPE SURGERY,F81213,7564,51.8581108716506,1.16081346233429,Accurx,Accurx,Accurx
DEAL TREE HEALTH CENTRE,F81215,9996,51.6726068419643,0.29080040372279,Accurx,Accurx,Accurx
THE RIVER SURGERY,F81216,4472,51.6284596370553,0.0516666202260888,Accurx,Accurx,Accurx
DELL MEDICAL CENTRE,F81219,5369,51.4802584317619,0.328113898692482,eConsult,eConsult,eConsult
FRONKS RD FAMILY SURGERY,F81221,5084,51.9319264218786,1.27227159515069,Accurx,Accurx,Accurx
QUEENS PARK SURGERY,F81222,5055,51.6373136706821,0.413571932887364,Accurx,Accurx,Accurx
DR MALIK - KENT ELMS HC,F81223,3284,51.5630506513276,0.665207871409127,Accurx,,Accurx
HAREWOOD SURGERY,F81606,2927,51.9047770161987,1.18928974797342,Accurx,Accurx,Accurx
DR KUMAR & PTNR - SHOEBURY HC,F81613,8786,51.530642608033,0.784581903888199,SystmConnect,,SystmConnect
HIGH ROAD FAMILY DOCTORS,F81618,4583,51.5494884383184,0.562820387567832,Accurx,SystmConnect,SystmConnect
SYDENHAM HOUSE SURGERY,F81619,3972,51.7692259490696,0.112193514887727,Accurx,,Accurx
KADIM PRIMECARE MEDICAL CENTRE,F81623,2260,51.480461098315,0.330587076381438,eConsult,eConsult,eConsult
DR YASIN SA PRACTICE,F81632,6104,51.5082444796258,0.282862098528742,Accurx,Accurx,Accurx
LAWFORD SURGERY,F81633,5256,51.9407154083816,1.05033575364005,Accurx,Accurx,Accurx
COLLINGWOOD ROAD SURGERY,F81635,2465,51.803263448013,0.638174319739938,SystmConnect,SystmConnect,SystmConnect
MILL ROAD SURGERY,F81636,18359,51.9122965919971,0.896585851666055,Accurx,Accurx,Accurx
ARYAN MEDICAL CENTRE,F81640,4433,51.579302564766,0.508576931970472,Accurx,Accurx,Accurx
MILTON ROAD AND THE GRAYS SURGERY,F81641,7522,51.480078231751,0.326318806007721,eConsult,,eConsult
ROSE VILLA SURGERY,F81645,4301,51.565670688026,0.506801782988896,Accurx,Accurx,Accurx
DR PALACIN,F81649,4547,51.530642608033,0.784581903888199,Anima,,Anima
MEDIC HOUSE,F81652,5433,51.4637554077335,0.362302648885247,eConsult,eConsult,eConsult
WARRIOR SQUARE SURGERY,F81656,2733,51.5394340547126,0.716526031676116,Accurx,Accurx,Accurx
CHELMER VILLAGE SURGERY,F81665,5133,51.7356865046252,0.505150728453587,Accurx,Accurx,Accurx
DR SHARMA & PARTNERS,F81666,3379,51.5881809911495,0.447592970419766,Accurx,Accurx,Accurx
DERRY COURT MEDICAL PRACTICE,F81669,7051,51.509290809227,0.281314717848593,Accurx,Accurx,Accurx
GREENWOOD AND WYNCROFT SURGERY,F81674,11655,51.6935331640243,0.584118635938917,SystmConnect,SystmConnect,SystmConnect
THE PRACTICE LEECON WAY,F81675,5796,51.5883462473799,0.697224319494133,Accurx; Evergreen Health,Evergreen Health,Evergreen Health
HIGHWOODS SURGERY,F81679,7661,51.9110869643733,0.918233388774566,Accurx,Accurx,Accurx
CLACTON COMMUNITY PRACTICES,F81681,15832,51.7804819902935,1.11705667106233,Evergreen Health,,Evergreen Health
BLYTH'S MEADOW SURGERY,F81683,11387,51.8773709797124,0.561943038444681,Accurx,Accurx,Accurx
ASHINGDON MEDICAL CENTRE,F81690,6179,51.6003726865783,0.689301140034923,Accurx,Accurx,Accurx
THE LEIGH SURGERY,F81696,2817,51.5551992023081,0.656092438875835,SystmConnect,SystmConnect,SystmConnect
DR DEVARAJA VC PRACTICE,F81697,2853,51.5188715461354,0.443643631192146,Accurx,Accurx,Accurx
CANVEY VILLAGE SURGERY,F81700,3864,51.5195400080972,0.566426711252907,Accurx,SystmConnect,SystmConnect
DOWNHALL PARK SURGERY,F81704,3904,51.6025826481792,0.604497753041283,eConsult,,eConsult
FRYERNS MEDICAL CENTRE,F81707,5926,51.5784987608528,0.48973948881956,Accurx,Accurx,Accurx
SAI MEDICAL CENTRE,F81708,11708,51.4618744909304,0.357008227315799,Accurx,,Accurx
KNIGHTS SURGERY,F81711,3597,51.5788029104365,0.448449337848028,Accurx,,Accurx
BENFLEET SURGERY,F81713,2505,51.5540683440411,0.560551237922338,Accurx,,Accurx
TOLLGATE HEALTH CENTRE,F81716,10172,51.885503012997,0.828677074611865,Accurx,Accurx,Accurx
MAYNARD COURT SURGERY,F81725,9688,51.6857919985351,0.0202600136113516,eConsult,eConsult,eConsult
MATCHING GREEN SURGERY,F81729,3483,51.5825525772246,0.481776302833164,Accurx,Accurx,Accurx
THE COGGESHALL SURGERY,F81730,7198,51.8723293672906,0.683956656129269,Accurx,Accurx,Accurx
SWANWOOD PARTNERSHIP,F81732,6783,51.6134891267361,0.520183608410573,Accurx,Accurx,Accurx
THE HIGHWOOD SURGERY,F81737,3294,51.6266734085148,0.294955030757298,Accurx,,Accurx
THE ISLAND SURGERY,F81739,6720,51.5194887883768,0.591709204999003,eConsult,eConsult,eConsult
THE COMMUNITY PRACTICE,F81740,6521,51.5194048131986,0.590161535166235,Anima; Engage GP,,Unknown
NORTH CLACTON MEDICAL PRACTICE,F81741,11041,51.8182180881063,1.16261930350575,Accurx,Accurx,Accurx
SCOTT PARK SURGERY,F81744,2682,51.5709349546077,0.668901966102806,SystmConnect,SystmConnect,SystmConnect
BLUEBELL SURGERY,F81746,3648,51.9164730765781,0.921898754668219,Accurx,Accurx,Accurx
MARKET SQUARE SURGERY,F81749,14848,51.685474772368,0.0025527512680376,eConsult,eConsult,eConsult
THE TRINITY MEDICAL PRACTICE,F81751,4336,51.6842912467416,0.759829276342722,eConsult,,eConsult
THE RIVERSIDE HEALTH CTR,F81757,6554,51.9457247582741,1.06073229318488,Anima,Anima,Anima
HALBUTT STREET SURGERY,F82001,5532,51.546587734776,0.147298308860694,eConsult,eConsult,eConsult
HAIDERIAN MEDICAL CENTRE,F82002,7521,51.5498562458494,0.24745743271239,Accurx,Accurx,Accurx
FIRST AVENUE SURGERY,F82003,5046,51.5297591942061,0.156771777704162,eConsult,eConsult,eConsult
DR M GOYAL'S PRACTICE,F82005,7064,51.5400388676382,0.157214547440428,eConsult,eConsult,eConsult
CRANHAM VILLAGE SURGERY,F82006,13582,51.5626853886483,0.265700445199388,eConsult,eConsult,eConsult
THE GREEN WOOD PRACTICE,F82007,10275,51.5953261904991,0.232720079303084,eConsult,Patchs,Patchs
MAYLANDS HEALTHCARE,F82008,12731,51.5529117776523,0.190570829919268,Klinik,Klinik,Klinik
NORTH STREET MEDICAL CARE,F82009,21509,51.5861817290966,0.173348281427642,Accurx,Accurx,Accurx
PETERSFIELD SURGERY,F82010,8578,51.6057032320369,0.232819491397907,Accurx,Accurx,Accurx
ST EDWARDS MEDICAL CENTRE,F82011,9481,51.5802901828674,0.181920024818163,Klinik,,Klinik
WESTERN ROAD MEDICAL CENTRE,F82013,18015,51.5794398533718,0.188456410765229,Accurx,Accurx,Accurx
THE SAHEECHA'S PRACTICES,F82014,7409,51.6062662405632,0.224894782258259,Accurx,Accurx,Accurx
HEDGEMANS MEDICAL CENTRE,F82015,4972,51.5397559668085,0.143212804944484,eConsult,eConsult,eConsult
CENTRAL PARK SURGERY,F82016,6019,51.6062662405632,0.224894782258259,Accurx,Accurx,Accurx
ST ALBANS SURGERY,F82017,8397,51.5367604568434,0.133396235919721,eConsult,eConsult,eConsult
BARKING MEDICAL GROUP PRACTICE,F82018,11742,51.5411864911304,0.0974056058954361,eConsult,eConsult,eConsult
THE UPSTAIRS SURGERY,F82019,6408,51.5737155404314,0.140105266217485,Accurx,,Accurx
THE NEW MEDICAL CENTRE,F82021,9627,51.5742755866744,0.202970833543234,Accurx,Accurx,Accurx
THE ROSEWOOD MEDICAL CENTRE,F82022,12964,51.5426069816436,0.201740356813378,eConsult,Patchs,Patchs
HIGH STREET SURGERY,F82023,3525,51.5613717154245,0.224711432772701,eConsult,eConsult,eConsult
DR BK JAISWAL'S PRACTICE,F82025,5964,51.538934453339,0.125595373517159,eConsult,,eConsult
DR P PRASAD'S PRACTICE,F82027,2147,51.5441358669459,0.0954067445527051,eConsult,eConsult,eConsult
WOOD LANE SURGERY,F82028,10259,51.5445801566133,0.196259832064628,eConsult,eConsult,eConsult
LYNWOOD MEDICAL CENTRE,F82030,14922,51.6017060832592,0.164135885964784,Accurx,Accurx,Accurx
THE COLLEGE PRACTICE,F82031,4234,51.5607177587888,0.175968006494989,Accurx,Accurx,Accurx
DR VM PATEL,F82033,3448,51.5610590772679,0.22863210429799,eConsult,,eConsult
VICTORIA & FIVE ELMS MEDICAL CENTRE,F82034,10539,51.540926371189,0.0761367521268758,Evergreen Health,Evergreen Health,Evergreen Health
DR SZ HAIDER'S PRACTICE,F82038,4850,51.5526821325426,0.130679158881332,Accurx; eConsult,Patchs,Patchs
EASTBROOK SURGERY,F82039,4669,51.5607177587888,0.175968006494989,eConsult,,eConsult
JOHN SMITH MEDICAL CENTRE,F82040,4560,51.5386775802268,0.111436810332097,eConsult; Evergreen Health,Evergreen Health,Evergreen Health
AURORA MEDCARE,F82042,20682,51.5279458883768,0.103858368216429,eConsult,eConsult,eConsult
CHOWDHURY,F82045,3396,51.5923345063668,0.233874347088998,eConsult,,eConsult
LABURNUM HEALTH CENTRE,F82051,10660,51.560661806144,0.151207504862225,eConsult,eConsult,eConsult
HORNCHURCH HEALTHCARE,F82055,13391,51.5667466426697,0.218982052902068,Accurx,Accurx,Accurx
MARKS GATE HEALTH CENTRE,F82604,6073,51.5851283330381,0.136888808604835,Accurx,Accurx,Accurx
SOUTH HORNCHURCH MEDICAL PRACTICE,F82607,6555,51.5323386269389,0.191329163746926,eConsult,eConsult,eConsult
SUTTONS AVENUE SURGERY,F82609,4370,51.5561535658585,0.218700793043229,eConsult,eConsult,eConsult
DR GUPTA,F82610,2911,51.5835339241389,0.164447952186216,eConsult,eConsult,eConsult
THE WHITE HOUSE SURGERY,F82612,11374,51.5342366134278,0.0877424979176867,eConsult,eConsult,eConsult
HARLOW ROAD SURGERY,F82619,4012,51.5319379016268,0.186418983005724,eConsult,,eConsult
ST GEORGES COUNTRY PARK SURGERY,F82624,6179,51.5589782511435,0.234926252190679,eConsult,Patchs,Patchs
ABBEY MEDICAL CENTRE,F82625,8014,51.5413223042518,0.0791688329727861,eConsult,eConsult,eConsult
RAINHAM HEALTH CENTRE,F82627,7190,51.519676328939,0.196670760757543,Evergreen Health,,Evergreen Health
CHASE CROSS MEDICAL CENTRE,F82630,7755,51.5999756484852,0.164416341147398,eConsult,,eConsult
HEATHWAY MEDICAL CENTRE,F82634,6547,51.5351865505743,0.152111283578888,Klinik,Klinik,Klinik
MODERN MEDICAL CENTRE,F82638,7688,51.5653044582675,0.176288302562135,eConsult,eConsult,eConsult
GABLES SURGERY,F82642,7095,51.5450982903267,0.117430992227961,eConsult,eConsult,eConsult
SALISBURY AVENUE SURGERY,F82647,5769,51.5393806923822,0.0826710940663792,eConsult,eConsult,eConsult
INGREBOURNE MEDICAL CENTRE,F82648,3886,51.5991337465989,0.210977018919229,eConsult,eConsult,eConsult
BERWICK SURGERY,F82649,4465,51.5267071103932,0.214029589152448,,,Unknown
DR AA ANSARI'S PRACTICE,F82650,10037,51.5352994285295,0.0937031114972697,eConsult,Patchs,Patchs
TULASI MEDICAL CENTRE,F82660,19130,51.5613948149286,0.124305367279531,Accurx,Accurx,Accurx
GREEN LANE SURGERY,F82661,3783,51.5616275964269,0.130808757797381,eConsult,Patchs,Patchs
DR MARKS PRACTICE,F82663,4065,51.572552572132,0.192378943988239,eConsult,,eConsult
ABBAMOOR SURGERY,F82670,5736,51.6062662405632,0.224894782258259,Accurx,Accurx,Accurx
STRAIGHT ROAD SURGERY,F82671,3461,51.5991817602069,0.210991769654838,eConsult,eConsult,eConsult
CRANHAM HEALTH CENTRE,F82674,5998,51.5688652420301,0.265291407656647,Accurx,,Accurx
BILLET LANE MEDICAL PRACTICE,F82675,3423,51.5667466426697,0.218982052902068,Accurx,,Accurx
BECONTREE MEDICAL CENTRE,F82677,8871,51.5595166834702,0.142035443798309,Accurx,Accurx,Accurx
DR KM ALKAISY PRACTICE,F82678,4741,51.5367604568434,0.133396235919721,eConsult,,eConsult
DR DP SHAH'S PRACTICE,F82679,5455,51.5451239058867,0.160032124941677,eConsult,eConsult,eConsult
HIGHGROVE SURGERY,F82680,10060,51.5385614619889,0.098725227298634,eConsult,eConsult,eConsult
ASHTON GARDENS SURGERY,F82686,5107,51.5723738276507,0.139710321186432,Accurx,Accurx,Accurx
RIVER PLACE HEALTH CENTRE,F83002,10858,51.540510854753,-0.0965868982475759,eConsult,eConsult,eConsult
PARK END SURGERY,F83003,7659,51.5558845188771,-0.16580801165135,Accurx,Accurx,Accurx
ARCHWAY MEDICAL CENTRE,F83004,31330,51.5625413259819,-0.126123915292557,,,Unknown
GOWER STREET PRACTICE,F83005,21659,51.5203120802673,-0.130034395773629,Accurx,HT1,HT1
AMPTHILL & REGENTS PARK PRACTICE,F83006,15545,51.5343222939033,-0.137376149756714,Accurx,Accurx,Accurx
ROMAN WAY MEDICAL CENTRE,F83007,3486,51.5444951855351,-0.10568271966626,eConsult,eConsult,eConsult
THE GOODINGE GROUP PRACTICE,F83008,12012,51.5482503969379,-0.125441936748251,Silicon Health FootFall,Silicon Health FootFall,Silicon Health FootFall
ISLINGTON CENTRAL MEDICAL CENTRE,F83010,22273,51.5444951855351,-0.10568271966626,eConsult,eConsult,eConsult
PRIMROSE HILL SURGERY,F83011,8627,51.5419910562181,-0.156618055077932,eConsult,eConsult,eConsult
ELIZABETH AVENUE GROUP PRACTICE,F83012,7316,51.5388651941254,-0.0921564526674719,eConsult,,eConsult
ST JOHNS WAY MEDICAL CENTRE,F83015,13176,51.5678722667086,-0.131099287939164,Accurx,Accurx,Accurx
HAMPSTEAD GROUP PRACTICE,F83017,17619,51.5534617568443,-0.163265748747569,Accurx,Accurx,Accurx
PRINCE OF WALES GROUP SURGERY,F83018,7989,51.5465138358161,-0.146887546999859,Accurx,Accurx,Accurx
ABBEY MEDICAL CENTRE,F83019,12961,51.5379214245285,-0.185131776663575,eConsult,eConsult,eConsult
ADELAIDE MEDICAL CENTRE,F83020,11736,51.5435476018055,-0.161256586508114,Silicon Health FootFall,,Silicon Health FootFall
RITCHIE STREET GROUP PRACTICE,F83021,16342,51.5347401478721,-0.107858101548669,eConsult,eConsult,eConsult
CAVERSHAM GROUP PRACTICE,F83022,16592,51.5504665271019,-0.138115919752886,Accurx,Accurx,Accurx
JAMES WIGG PRACTICE,F83023,23562,51.5464041258786,-0.139954776136446,Accurx,Accurx,Accurx
ST PETER'S STREET MEDICAL PRACTICE,F83032,11548,51.5354384529905,-0.100432135620974,eConsult,eConsult,eConsult
BARNSBURY MEDICAL PRACTICE,F83033,6661,51.5393208678158,-0.119262058872163,eConsult,eConsult,eConsult
NEW NORTH HEALTH CENTRE,F83034,1458,51.5380829072014,-0.0921603273803225,eConsult,eConsult,eConsult
THE RISE GROUP PRACTICE,F83039,4728,51.5714440010723,-0.125007447430976,Accurx,Accurx,Accurx
GRAY'S INN MEDICAL GROUP CHANCERY LANE,F83042,8618,51.5227887340611,-0.11453763004891,eConsult,eConsult,eConsult
RIDGMOUNT PRACTICE,F83043,16947,51.5204654757438,-0.131195673491918,Accurx,Accurx,Accurx
THE BLOOMSBURY SURGERY,F83044,9154,51.5256363928877,-0.122902942597601,Accurx,Accurx,Accurx
THE MILLER PRACTICE,F83045,9097,51.551043569645,-0.0923104783593695,eConsult,eConsult,eConsult
BRUNSWICK MEDICAL CENTRE UHPC,F83048,9065,51.5247085439612,-0.123785283121744,Evergreen Health,Evergreen Health,Evergreen Health
GRAY'S INN MEDICAL GROUP WEST HAMPSTEAD,F83050,3603,51.5551288823481,-0.196535245116351,eConsult,eConsult,eConsult
BROOKFIELD PARK SURGERY,F83052,3861,51.5639844013934,-0.143363872678445,eConsult,eConsult,eConsult
MILDMAY MEDICAL PRACTICE,F83053,7995,51.552474117214,-0.0857307387878346,eConsult,eConsult,eConsult
WEST HAMPSTEAD MEDICAL CENTRE,F83055,23062,51.5498837436667,-0.196367665547279,eConsult,eConsult,eConsult
THE MITCHISON ROAD SURGERY,F83056,9176,51.5451077142929,-0.0878427031295429,Evergreen Health,Evergreen Health,Evergreen Health
PARLIAMENT HILL SURGERY,F83057,8508,51.5551691233722,-0.145468318049416,Accurx,Accurx,Accurx
HOLBORN MEDICAL CENTRE,F83058,10899,51.5222325033598,-0.118539122639617,eConsult,eConsult,eConsult
BRONDESBURY MEDICAL CENTRE,F83059,23254,51.5435053136805,-0.200282943624143,Accurx,HT1,HT1
THE NORTHERN MEDICAL CENTRE,F83060,7062,51.5508609082805,-0.114386836086219,,eConsult,eConsult
MUSEUM PRACTICE,F83061,5498,51.5184262059226,-0.125124501695861,Accurx,Accurx,Accurx
KILLICK STREET HEALTH CENTRE,F83063,13779,51.5338666955385,-0.118967808958383,eConsult,eConsult,eConsult
CITY ROAD MEDICAL CENTRE,F83064,9334,51.5278953547761,-0.0911157255130946,eConsult,eConsult,eConsult
CHOLMLEY GARDENS SURGERY,F83615,7831,51.5521673274965,-0.195166678012332,eConsult,,eConsult
KEATS GROUP PRACTICE,F83623,13140,51.5549363234631,-0.171890300153133,eConsult,eConsult,eConsult
CLERKENWELL MEDICAL PRACTICE,F83624,16855,51.5248642762837,-0.10884416337637,eConsult,eConsult,eConsult
QUEENS CRESCENT PRACTICE,F83632,6581,51.5496050917125,-0.151882283630628,Accurx,Accurx,Accurx
GRAY'S INN MEDICAL GROUP HAMPSTEAD,F83633,4848,51.5472240329887,-0.174406124466361,eConsult,eConsult,eConsult
KINGS CROSS SURGERY,F83635,7710,51.5300998399589,-0.130844417106863,Evergreen Health,Evergreen Health,Evergreen Health
AMWELL GROUP PRACTICE,F83652,11394,51.528165785135,-0.110595959846015,eConsult,eConsult,eConsult
BELSIZE PRIORY MEDICAL PRACTICE (GROUP),F83658,6443,51.5404033749409,-0.186012482603313,eConsult,eConsult,eConsult
HIGHBURY GRANGE MEDICAL PRACTICE,F83660,8956,51.5552159182104,-0.0961750166065355,eConsult,eConsult,eConsult
THE VILLAGE PRACTICE,F83664,13021,51.5597020422104,-0.110010513837825,Accurx,Accurx,Accurx
SWISS COTTAGE SURGERY,F83665,16773,51.542707745063,-0.172539055090446,Accurx,Accurx,Accurx
ANDOVER MEDICAL CENTRE,F83666,6668,51.5617661209178,-0.116460559439704,Accurx,Accurx,Accurx
THE BEAUMONT PRACTICE,F83671,3185,51.5714440010723,-0.125007447430976,Accurx,Accurx,Accurx
ST PHILIPS MEDICAL CENTRE,F83672,15687,51.5137551937952,-0.115343033009332,eConsult,eConsult,eConsult
THE MEDICAL CENTRE,F83673,6213,51.5508371193346,-0.109555788578346,eConsult,eConsult,eConsult
THE JUNCTION MEDICAL PRACTICE,F83674,8831,51.5571773706034,-0.13657238771476,Accurx,Accurx,Accurx
DR SEGARAJASINGHE,F83678,2107,51.5251913445132,-0.109609068615881,Accurx,Accurx,Accurx
SOBELL MEDICAL CENTRE,F83680,4766,51.5540215593758,-0.113534881268035,eConsult,eConsult,eConsult
PARTNERSHIP PRIMARY CARE CENTRE,F83681,8521,51.5541209140063,-0.122531971694308,eConsult,eConsult,eConsult
SOMERS TOWN MEDICAL CENTRE,F83683,5560,51.5300998399589,-0.130844417106863,Evergreen Health,Evergreen Health,Evergreen Health
STROUD GREEN MEDICAL CENTRE,F83686,10711,51.570387788896,-0.115209544627479,Accurx,Patchs,Patchs
LOWER CLAPTON GENERAL PRACTICE,F84003,15204,51.5534235733884,-0.0516337488079176,Anima,askmyGP,askmyGP
MARKET STREET HEALTH GROUP,F84004,13428,51.5307003821871,0.0578364322990587,Accurx,Accurx,Accurx
SHREWSBURY ROAD SURGERY,F84006,16919,51.5393591376988,0.0435035289242529,Accurx,Accurx,Accurx
BARTON HOUSE GROUP PRACTICE,F84008,12174,51.560461159942,-0.0839227801216386,Klinik,Klinik,Klinik
STRATFORD VILLAGE SURGERY,F84009,14322,51.542181608332,0.0071147368979839,Accurx,HT1,HT1
ASPIRE MEDICAL CENTRE,F84010,10377,51.5325302768502,0.0524543463623111,Accurx,Accurx,Accurx
ALBION HEALTH CENTRE,F84012,9099,51.5200007609682,-0.0572119065609871,Accurx; eConsult,Accurx,Accurx
STAMFORD HILL GROUP PRACTICE,F84013,18432,51.5739758632481,-0.0714929135451153,Accurx,Accurx,Accurx
UPTON LANE MEDICAL CENTRE,F84014,7625,51.5432968340442,0.0264602306423241,Accurx,Accurx,Accurx
KINGSMEAD HEALTHCARE,F84015,5176,51.5515010194819,-0.0344932654920415,eConsult,eConsult,eConsult
THE MISSION PRACTICE,F84016,11502,51.5313732957815,-0.0564826500043168,Accurx,Accurx,Accurx
STAR LANE MEDICAL CENTRE,F84017,20368,51.5198728042652,0.0106742445069148,Klinik,Klinik,Klinik
THE NIGHTINGALE PRACTICE,F84018,12355,51.558225769777,-0.0617915878489359,Accurx,,Accurx
LONDON FIELDS MEDICAL CENTRE,F84021,11039,51.5367522651932,-0.0614589986367356,eConsult,eConsult,eConsult
STRATFORD HEALTH CENTRE,F84022,8892,51.5452148140394,0.0048540982513205,Klinik,Klinik,Klinik
GOUGH WALK PRACTICE,F84025,11591,51.5108615217461,-0.0127202263311484,Accurx,Accurx,Accurx
RUSTON STREET CLINIC,F84030,3841,51.5363962083137,-0.0266221127488011,Accurx,Accurx,Accurx
THE JUBILEE STREET PRACTICE LTD,F84031,16331,51.5135999193194,-0.0505568421931215,eConsult,Accurx,Accurx
SOMERFORD GROVE PRACTICE,F84033,11346,51.5537971990788,-0.0726205910006041,Accurx,Accurx,Accurx
ST. STEPHENS HEALTH CENTRE,F84034,12905,51.5322147966321,-0.0309121534216779,Accurx,eConsult,eConsult
RICHMOND ROAD MEDICAL CENTRE,F84035,25387,51.5428788302344,-0.0670682010730192,eConsult,eConsult,eConsult
THE CEDAR PRACTICE,F84036,8905,51.5685307734901,-0.0937510506189522,Accurx,Accurx,Accurx
BEECHWOOD MEDICAL CENTRE,F84038,3415,51.5459672082238,-0.0700381546560501,eConsult,eConsult,eConsult
GOODMAN'S FIELD HEALTH CENTRE,F84039,37496,51.5133548181621,-0.068620920765412,Evergreen Health,Evergreen Health,Evergreen Health
HARLEY GROVE MEDICAL CTR.,F84044,8160,51.5275808438587,-0.0275367379997126,Accurx,Accurx,Accurx
CUSTOM HOUSE SURGERY,F84047,10789,51.5111037690366,0.0258959299203963,Klinik,Klinik,Klinik
BOLEYN MEDICAL CENTRE,F84050,12444,51.5313638661157,0.0456109414235893,Klinik,Patchs,Patchs
STROUTS PLACE MEDICAL CENTRE,F84051,9903,51.5294795342838,-0.0741524172673503,Klinik,Klinik,Klinik
ESSEX LODGE,F84052,17074,51.5272283378361,0.0274189874771952,Accurx,Accurx,Accurx
GREENGATE MEDICAL CENTRE,F84053,7233,51.5253580692522,0.0279269684840876,Accurx,Accurx,Accurx
THE LIMEHOUSE PRACTICE,F84054,12135,51.5112525801183,-0.028746526194433,eConsult,eConsult,eConsult
THE GROVE ROAD SURGERY,F84055,3818,51.5297184975608,-0.0388217237636664,Accurx,Accurx,Accurx
ATHENA MEDICAL CENTRE,F84060,4816,51.5552896984817,-0.0524401602263907,Accurx,Accurx,Accurx
THE CHRISP STREET HTH CTR,F84062,14298,51.5142108663422,-0.0143359570232774,Accurx,Accurx,Accurx
DALSTON PRACTICE,F84063,6299,51.5480714708614,-0.0667615816152419,eConsult,,eConsult
WELL STREET SURGERY,F84069,13698,51.5395155857276,-0.052771329518783,Accurx,Accurx,Accurx
LATHOM ROAD MEDICAL CENTRE,F84070,9810,51.537670655077,0.0521376450928682,Accurx,Accurx,Accurx
DE BEAUVOIR SURGERY,F84072,13481,51.5385952549195,-0.0786143861699439,Accurx,Accurx,Accurx
WORDSWORTH HEALTH CENTRE,F84074,10332,51.541374416705,0.0496363339056117,Accurx,,Accurx
NEWHAM VICARAGE PRACTICE,F84077,9767,51.5417877373187,0.0096355617295269,Klinik,Klinik,Klinik
THE WAPPING GROUP PRACTICE,F84079,10786,51.5061360419936,-0.0589545205129024,Accurx,Accurx,Accurx
FOUNTAYNE ROAD MEDICAL PRACTICE,F84080,9517,51.564956970518,-0.0644294358297797,Accurx,Accurx,Accurx
THE SPITALFIELDS PRACTICE,F84081,13416,51.5173547316586,-0.069604791180409,eConsult,eConsult,eConsult
BETHNAL GREEN HEALTH CTR.,F84083,9789,51.5269156114886,-0.064255566349299,Accurx,Accurx,Accurx
THE FOREST PRACTICE,F84086,6478,51.5512316557832,0.0247068971498714,Klinik,Klinik,Klinik
HARFORD HEALTH CENTRE,F84087,9547,51.5185726490781,-0.0384048956552236,Accurx,Accurx,Accurx
PLASHET ROAD MEDICAL CENTRE,F84088,7973,51.5374222783906,0.0323133509455571,Accurx,Accurx,Accurx
GLEN ROAD MEDICAL CENTRE,F84092,14200,51.5224492590961,0.0318051763831794,Accurx,,Accurx
TOLLGATE MEDICAL CENTRE,F84093,17975,51.515573492586,0.0563618145561002,eConsult,Patchs,Patchs
THE LAWSON PRACTICE,F84096,17235,51.53377725637,-0.0794617902436399,Accurx,Accurx,Accurx
CLAREMONT CLINIC,F84097,12405,51.5477131452061,0.0352383134415584,Accurx,Accurx,Accurx
THE LEA SURGERY,F84105,11328,51.5481666024045,-0.0426707421111866,Accurx,Accurx,Accurx
ABBEY ROAD MEDICAL PRACTICE,F84111,10461,51.5347837794606,0.005880871150361,Accurx,Accurx,Accurx
CITY SQUARE MEDICAL GROUP,F84114,11186,51.5136570797109,-0.0553488076115324,Accurx,eConsult,eConsult
THE STATHAM GROVE SURGERY,F84115,9182,51.5571009909777,-0.0893305074037965,Accurx,Accurx,Accurx
QUEENSBRIDGE GROUP PRACTICE,F84117,9756,51.5414677207966,-0.071483166010853,Klinik,Klinik,Klinik
WELLINGTON WAY HEALTH CENTRE,F84118,12519,51.5263930661622,-0.0248201224949761,Accurx,Accurx,Accurx
THE HERON PRACTICE,F84119,12832,51.5685307734901,-0.0937510506189522,Klinik,Klinik,Klinik
E12 HEALTH,F84121,15788,51.5478022140422,0.0538627933699458,Accurx,Accurx,Accurx
XX PLACE HEALTH CENTRE,F84122,17026,51.5244897008664,-0.042705992788153,Accurx,Accurx,Accurx
SUTTONS WHARF HEALTH CENTRE,F84123,18375,51.5291873933515,-0.0418413203945278,Accurx,Accurx,Accurx
THE PROJECT SURGERY,F84124,5160,51.5319839867102,0.0196858191255548,Accurx,,Accurx
ELSDALE STREET SURGERY,F84601,7409,51.5430280304315,-0.0491254397981161,Accurx,Accurx,Accurx
THE RIVERSIDE PRACTICE,F84619,5148,51.5647239208502,-0.0517662276046769,Accurx,Accurx,Accurx
THE WICK HEALTH CENTRE,F84620,8299,51.5474214123122,-0.0374510114703572,Accurx,Accurx,Accurx
SANDRINGHAM PRACTICE,F84621,4616,51.5480714708614,-0.0667615816152419,eConsult,eConsult,eConsult
THE GREENHOUSE WALK-IN,F84632,899,51.5391947375858,-0.0557861984886936,Silicon Health FootFall,Silicon Health FootFall,Silicon Health FootFall
SHOREDITCH PARK SURGERY,F84635,9691,51.5335267821149,-0.0868285339059116,eConsult,,eConsult
THE SURGERY (BARRETTS GROVE),F84636,6461,51.5521257241814,-0.0787206635667419,Accurx,Accurx,Accurx
THE NEAMAN PRACTICE,F84640,9960,51.5189822352367,-0.0982197410060943,Accurx,Accurx,Accurx
BIRCHDALE ROAD MEDICAL CENTRE,F84641,3214,51.5475280670185,0.038129119986659,Accurx,Accurx,Accurx
LUCAS AVENUE PRACTICE,F84642,13985,51.5371669369881,0.0301968107038668,Evergreen Health,Evergreen Health,Evergreen Health
ROSERTON STREET SURGERY,F84647,16645,51.4980579143011,-0.0099666712757373,eConsult,eConsult,eConsult
DOCKLANDS MEDICAL CENTRE,F84656,10447,51.4911608194194,-0.0211430485364127,eConsult,eConsult,eConsult
SANGAM PRACTICE,F84658,9186,51.5540443721755,0.0558461692196172,Accurx; Engage GP,Accurx,Accurx
DR CM PATEL'S SURGERY,F84660,3189,51.5403398393975,0.0357168886338527,Accurx,Accurx,Accurx
THE RUIZ MEDICAL PRACTICE,F84666,5784,51.511927102907,0.0135958498699478,Klinik,Klinik,Klinik
THE CLAPTON SURGERY,F84668,5815,51.5647239208502,-0.0517662276046769,Accurx,,Accurx
CENTRAL PARK SURGERY,F84669,9536,51.5305872456217,0.0375309557973291,Accurx,Accurx,Accurx
WESTBURY ROAD MEDICAL PRACTICE,F84670,6591,51.5452510916189,0.0299363454162425,Accurx,Accurx,Accurx
FIRST 4 HEALTH GROUP - E7 HEALTH,F84672,8194,51.5512316557832,0.0247068971498714,Accurx,Accurx,Accurx
EAST END MEDICAL CENTRE,F84677,7295,51.5373669424326,0.0256344324116197,Accurx,Accurx,Accurx
BALAAM STREET PRACTICE,F84681,10197,51.5258058866468,0.0238670471085437,Evergreen Health,askmyGP,askmyGP
THE SURGERY (CRANWICH ROAD),F84686,9156,51.5735643272508,-0.0814967499015742,Accurx,Accurx,Accurx
THE HOXTON SURGERY,F84692,9421,51.5333521643167,-0.0877009647636852,eConsult,eConsult,eConsult
THE SURGERY (BROOKE ROAD),F84694,4810,51.5600568132066,-0.0710286585312276,Accurx,,Accurx
TREDEGAR PRACTICE,F84696,5781,51.5313129639241,-0.0318305647881449,Accurx,Accurx,Accurx
ABERFELDY PRACTICE,F84698,14342,51.5143901165451,-0.0052914326218632,Accurx,Accurx,Accurx
ISLAND HEALTH,F84710,13314,51.4953572910276,-0.0135130787564678,eConsult,eConsult,eConsult
THE ALLERTON ROAD SURGERY,F84716,5525,51.5646673992217,-0.09176915533491,eConsult,eConsult,eConsult
ROYAL DOCKS MEDICAL PRACTICE,F84717,12376,51.5097805197598,0.0626004449686386,Accurx,Accurx,Accurx
THE BLITHEHALE MED.CTR.,F84718,13784,51.5237747333357,-0.0651960400827308,Accurx,Accurx,Accurx
LATIMER HEALTH CENTRE,F84719,5681,51.5465897858214,-0.0495026886177683,Accurx,Accurx,Accurx
HEALY MEDICAL CENTRE,F84720,5171,51.5667400728335,-0.0599140153566118,Accurx,Accurx,Accurx
WOODGRANGE MEDICAL PRACTICE,F84724,17745,51.5485891236415,0.0251520846067693,Accurx,,Accurx
THE MANOR PARK PRACTICE,F84729,5088,51.5533971571999,0.055831410533147,Accurx,Accurx,Accurx
THE VICARAGE LANE SURGERY,F84730,9540,51.5417877373187,0.0096355617295269,Accurx,Accurx,Accurx
ST. KATHERINE'S DOCK PRACTICE,F84731,2463,51.5069735451372,-0.0682855565674934,eConsult,eConsult,eConsult
HEALTH E1,F84733,1094,51.5176707288821,-0.0713210577413309,Accurx,Accurx,Accurx
THE AZAD PRACTICE,F84735,8420,51.5313638661157,0.0456109414235893,Accurx,Accurx,Accurx
E12 MEDICAL CENTRE,F84739,5131,51.5408571184208,0.0504206726690957,Accurx,Accurx,Accurx
NEWHAM TRANSITIONAL PRACTICE,F84740,3940,51.5477847474653,0.0538331600364116,Accurx; Silicon Health FootFall,Silicon Health FootFall,Silicon Health FootFall
PLASHET HARMONY PRACTICE,F84741,2269,51.5395875769231,0.0453596145938592,Accurx,Accurx,Accurx
THE BARKANTINE PRACTICE,F84747,26801,51.4986899042649,-0.0255426517561874,Accurx,Accurx,Accurx
CARPENTERS PRACTICE,F84749,24943,51.5373597946012,-0.0033211401141634,Evergreen Health,Evergreen Health,Evergreen Health
MEDICUS HEALTH PARTNERS,F85002,93964,51.6335880920374,-0.0530410859740289,Patchs,Patchs,Patchs
EAGLE HOUSE SURGERY,F85004,12204,51.6478980453453,-0.0461835037888463,Patchs,Patchs,Patchs
LAWRENCE HOUSE SURGERY,F85007,15861,51.5887313666485,-0.0785480702700278,Accurx,Accurx,Accurx
STAUNTON GROUP PRACTICE,F85008,11399,51.598986873757,-0.112047493869176,eConsult,eConsult,eConsult
KEATS SURGERY,F85010,4266,51.6284928386125,-0.0761604402255745,eConsult,eConsult,eConsult
TYNEMOUTH MEDICAL PRACTICE,F85013,9053,51.5862525792242,-0.0683314371832623,Patchs,Patchs,Patchs
HIGHGATE GROUP PRACTICE,F85014,16308,51.5778784024397,-0.152525179260226,Accurx,Accurx,Accurx
COCKFOSTERS MEDICAL CTRE,F85016,6924,51.6484453049506,-0.148775896348397,Patchs,Patchs,Patchs
CHARLTON HOUSE MEDICAL CENTRE,F85017,6484,51.59614599416,-0.0689801290769785,Accurx,Accurx,Accurx
MORRIS HOUSE GROUP PRACTICE,F85019,14587,51.5973720643847,-0.0806812998483952,Accurx,Accurx,Accurx
THE WOODBERRY PRACTICE,F85020,10161,51.6269409343647,-0.0990252917599089,Accurx,Accurx,Accurx
THE ORDNANCE UNITY CENTRE FOR HEALTH,F85023,12575,51.672072572859,-0.0393438294070352,Accurx,Accurx,Accurx
WHITE LODGE MEDICAL PRACTICE,F85025,14940,51.6584287151909,-0.0877317082610191,Accurx; Silicon Health FootFall,Accurx,Accurx
BRUCE GROVE PRIMARY HEALTH CARE CTR,F85028,6647,51.5921185735908,-0.0701470985018635,eConsult,eConsult,eConsult
ABERNETHY HOUSE SURGERY,F85029,11880,51.6543923916,-0.0811936073906125,eConsult,eConsult,eConsult
SOMERSET GARDENS FAMILY HEALTH CENTRE,F85030,12749,51.6053381614187,-0.0734712997145863,eConsult,eConsult,eConsult
WESTBURY MEDICAL CENTRE,F85031,12275,51.5980380267092,-0.0934028421349343,eConsult,eConsult,eConsult
SOUTHGATE,F85032,9474,51.6402824227724,-0.142648184632796,Silicon Health FootFall,Silicon Health FootFall,Silicon Health FootFall
WINCHMORE HILL PRACTICE,F85033,20582,51.6330928214848,-0.0941007041778305,eConsult,eConsult,eConsult
ARCADIAN GARDENS SURGERY,F85034,8921,51.6067268266736,-0.110773268030097,Patchs,Accurx,Accurx
HIGHLANDS PRACTICE,F85035,11531,51.6463369125073,-0.110688109508941,Patchs,Patchs,Patchs
RAINBOW PRACTICE,F85039,7137,51.6238339407086,-0.0602633267039373,eConsult; Silicon Health FootFall,Silicon Health FootFall,Silicon Health FootFall
BOUNCES ROAD SURGERY LTD,F85044,6999,51.6335880920374,-0.0530410859740289,Patchs,Patchs,Patchs
HORNSEY PARK SURGERY,F85046,10515,51.5891545127036,-0.110145380478631,Accurx; eConsult,,Unknown
NIGHTINGALE HOUSE SURGERY,F85058,6029,51.6392560476847,-0.0472486954921463,Patchs,Patchs,Patchs
HAVERGAL SURGERY,F85060,5196,51.5892169612285,-0.102045699041709,eConsult,eConsult,eConsult
CHRISTCHURCH HALL SURGERY,F85061,2834,51.5779516320951,-0.125389087315169,Accurx,,Accurx
THE MUSWELL HILL PRACTICE,F85063,17729,51.5911849901012,-0.140999029417931,Accurx,Accurx,Accurx
HIGH ROAD SURGERY (STUART CRESCENT HC),F85064,7661,51.6000101865078,-0.110257865482073,eConsult,eConsult,eConsult
STUART CRESCENT MEDICAL PRACTICE,F85065,3224,51.6000101865078,-0.110257865482073,eConsult,eConsult,eConsult
BOUNDS GREEN GROUP PRACTICE,F85066,18658,51.6065561420938,-0.126492841552833,Accurx,Accurx,Accurx
THE 157 MEDICAL PRACTICE,F85067,4305,51.5699927478164,-0.114129201207023,Accurx,Accurx,Accurx
CROUCH HALL ROAD SURGERY,F85069,8958,51.5794590594836,-0.126308500571861,Accurx,Accurx,Accurx
FERNLEA SURGERY,F85071,12125,51.5789330100673,-0.0727263573758228,eConsult,eConsult,eConsult
GROVELANDS MEDICAL CENTRE,F85072,9263,51.6195689707399,-0.113071325346927,eConsult; Silicon Health FootFall,Silicon Health FootFall,Silicon Health FootFall
TOTTENHAM HEALTH CENTRE,F85615,5795,51.6045632119404,-0.0684497244111328,Accurx,Accurx,Accurx
GROVE ROAD SURGERY,F85623,4667,51.5803718815428,-0.082061620355823,eConsult,eConsult,eConsult
BINCOTE SURGERY,F85625,6916,51.653876219111,-0.110360144839092,Accurx,Accurx,Accurx
"WELBOURNE GP SURGERY, WELBOURNE H C",F85628,10039,51.5948879112193,-0.0657560596195994,Accurx,,Accurx
EAST ENFIELD MEDICAL CENTRE,F85634,9516,51.6452233864123,-0.047570454465243,Accurx; Silicon Health FootFall,Accurx,Accurx
CHESHIRE ROAD SURGERY,F85640,6416,51.6066955586579,-0.113301860350148,Accurx; eConsult,Accurx,Accurx
THE NORTH LONDON HEALTH CENTRE,F85642,9046,51.618369932884,-0.111763195025498,Accurx,Accurx,Accurx
MORECAMBE SURGERY,F85650,5993,51.6171852598101,-0.0858112977585811,Accurx,Accurx,Accurx
LATYMER ROAD SURGERY,F85663,4701,51.6269815190976,-0.0668185960242381,eConsult,eConsult,eConsult
DR ME SILVER'S PRACTICE,F85666,3964,51.6160138063684,-0.0637312884108108,eConsult,eConsult,eConsult
WEST GREEN SURGERY,F85669,23711,51.5842843431636,-0.0997957862483626,Accurx,,Accurx
THE ALEXANDRA SURGERY,F85675,5524,51.5990859490867,-0.1373842546717,eConsult,eConsult,eConsult
BOUNDARY HOUSE SURGERY,F85676,5595,51.6335880920374,-0.0530410859740289,eConsult,eConsult,eConsult
THE TOWN SURGERY LTD,F85678,4157,51.6512330466228,-0.0859673756619324,eConsult,eConsult,eConsult
CHALFONT SURGERY,F85682,6136,51.6238339407086,-0.0602633267039373,Accurx,Accurx,Accurx
OAKWOOD MEDICAL CENTRE,F85687,8614,51.6465341353292,-0.134269370835807,Patchs,Patchs,Patchs
RUTLAND HOUSE SURGERY,F85688,10368,51.5952408755421,-0.144428485896508,Accurx,Accurx,Accurx
THE OLD SURGERY,F85697,1642,51.5833089083286,-0.0995333609504942,eConsult,eConsult,eConsult
ARNOS GROVE MEDICAL CENTR,F85700,7933,51.6153990327625,-0.130155960478773,Accurx,Accurx,Accurx
GILLAN HOUSE SURGERY,F85701,12363,51.621900276835,-0.105953605452381,Accurx,Accurx,Accurx
JS MEDICAL PRACTICE,F85705,13010,51.5891026378063,-0.0787056384920793,Accurx; eConsult,Accurx,Accurx
THE FIRS,F86001,12047,51.5802968219034,-0.0351273379546601,Klinik,Klinik,Klinik
HANDSWORTH MEDICAL PRACTICE,F86004,15438,51.6080844716366,0.0010226527131907,Accurx,Accurx,Accurx
THE PENRHYN SURGERY,F86005,7974,51.5971275945535,-0.023687384182625,Klinik,Klinik,Klinik
SEYMOUR MEDICAL CENTRE,F86006,6505,51.568477456521,-0.029576520371807,Klinik,Klinik,Klinik
THE FOREST EDGE PRACTICE,F86007,13669,51.608173223627,0.103074056821992,Accurx,Accurx,Accurx
GANTS HILL MED CTR & THE REDBRIDGE SURG,F86008,15440,51.5771573262133,0.0644517901319226,Klinik,Patchs,Patchs
THE PALMS MEDICAL CENTRE,F86009,7066,51.5774859070653,0.0885694368316751,eConsult,eConsult,eConsult
FULLWELL CROSS MED. CTR.,F86010,16589,51.5946211424809,0.0837823032009236,Klinik,Klinik,Klinik
THE MANOR PRACTICE,F86011,9293,51.571718839641,-0.0207346074285636,Klinik,Klinik,Klinik
RYDAL,F86012,9456,51.608432087944,0.0201020033263278,eConsult,,eConsult
THE BROADWAY SURGERY,F86013,5868,51.6085545158789,0.0333223667679232,eConsult,,eConsult
THE ECCLESBOURNE PRACTICE,F86018,9973,51.5807563057551,-0.0011018782549574,Accurx,Accurx,Accurx
GLEBELANDS PRACTICE,F86020,6571,51.5924571532604,0.0252554538277031,eConsult,,eConsult
ILFORD MEDICAL CENTRE,F86022,15476,51.5568221502589,0.0742927305670529,Accurx,HT1,HT1
THE EVERGREEN SURGERY,F86023,10504,51.5780413547471,0.0255951909605545,Klinik,Klinik,Klinik
OAK TREE MEDICAL CENTRE,F86025,18998,51.5607443946787,0.0964731587274218,Accurx,Accurx,Accurx
THE FOREST SURGERY,F86026,7305,51.5947257719816,-0.0050365930122922,Klinik,,Klinik
CHADWELL HEATH SURGERY,F86028,11150,51.5732329572433,0.125279571136709,eConsult,eConsult,eConsult
QUEENS ROAD MEDICAL CENTRE,F86030,8186,51.5795444381275,-0.0213904917297664,eConsult,Patchs,Patchs
WANSTEAD PLACE SURGERY,F86032,9008,51.5784431726485,0.0247182134234466,eConsult,,eConsult
"GREEN LANE, GOODMAYES MEDICAL PRACTICE",F86034,7509,51.5632856981301,0.113716503232107,Accurx,Accurx,Accurx
THE ALLUM MEDICAL CENTRE,F86036,14587,51.5703492870677,0.0027418077450706,eConsult,eConsult,eConsult
SMA MEDICAL PRACTICE,F86038,11197,51.5716970376168,-0.0088157403409228,eConsult,eConsult,eConsult
DR A ARIF,F86040,5356,51.5514157546307,0.115185630532854,eConsult,eConsult,eConsult
BALFOUR ROAD SURGERY,F86042,6026,51.5628712818983,0.0754769984984765,Accurx,Accurx,Accurx
CRAWLEY ROAD MEDICAL CENTRE,F86044,10633,51.5658673158224,-0.010787500666273,Accurx,Accurx,Accurx
HIGH ROAD SURGERY,F86045,1893,51.5539010844321,0.0048898276018752,eConsult,eConsult,eConsult
THE WILLOWS PRACTICE,F86057,8807,51.608173223627,0.103074056821992,Accurx,Accurx,Accurx
ST JAMES MEDICAL PRACTICE LIMITED,F86058,14839,51.5803801326863,-0.032049412376441,Klinik,Klinik,Klinik
NEWBURY GROUP PRACTICE,F86060,14494,51.5764311025246,0.085983991358319,Klinik,Klinik,Klinik
GROVE SURGERY,F86062,6169,51.5791700310356,-0.0114767587373888,Klinik,Klinik,Klinik
THE ELMHURST PRACTICE,F86064,4606,51.5974419857089,0.021736795579231,eConsult,eConsult,eConsult
SOUTHDENE SURGERY,F86066,7292,51.5937503422145,0.0256587659181266,eConsult,,eConsult
LEYTON HEALTHCARE 4TH FLOOR,F86074,13740,51.5598940662621,-0.0133132193064703,eConsult,eConsult,eConsult
THE RIDGEWAY SURGERY,F86078,6473,51.6276061495024,-0.011613347683005,eConsult,eConsult,eConsult
KENWOOD MEDICAL,F86081,7191,51.58109789481,0.0727930610441662,Accurx,,Accurx
ILFORD LANE SURGERY,F86082,6218,51.5458210653452,0.0772214756848526,Accurx,Accurx,Accurx
THE EASTERN AVENUE MEDICAL CENTRE,F86083,6177,51.581152609717,0.0735390434746029,eConsult,Patchs,Patchs
HAINAULT SURGERY,F86085,3549,51.6022454047093,0.0863985442752461,Klinik,,Klinik
DR DHITAL PRACTICE,F86086,5858,51.5877861081084,-0.0030741904838097,eConsult,,eConsult
GOODMAYES MEDICAL CENTRE,F86087,7336,51.5672227935937,0.10981554030617,eConsult,,eConsult
THE LYNDHURST SURGERY,F86088,5045,51.5721661067827,-0.0030805917629618,eConsult,eConsult,eConsult
ADDISON ROAD MEDICAL PRACTICE,F86607,19419,51.5828334746414,-0.0100899032776822,Klinik,Klinik,Klinik
THE FULLWELL AVENUE SURGERY,F86612,3126,51.5963848239184,0.0720376692523361,eConsult,eConsult,eConsult
THE OLD CHURCH SURGERY,F86616,9030,51.6200888467605,-0.0010495917617232,eConsult,eConsult,eConsult
DR MOHAMMED GREEN MAN MEDICAL CENTRE,F86621,6758,51.571804858602,0.0154183482806634,eConsult,eConsult,eConsult
THE HEATHCOTE PRIMARY CARE CENTRE,F86624,3395,51.5810972299318,0.0730597697292835,eConsult,,eConsult
LL MEDICAL CARE LTD,F86625,5639,51.555414522206,0.0021001033366904,Accurx,Accurx,Accurx
DR SHANTIR PRACTICE,F86626,8615,51.5896966698125,-0.0261753839706329,eConsult,Patchs,Patchs
CHURCHILL MEDICAL CENTRE,F86627,13801,51.6182259391517,-0.0184661093747716,Klinik,Klinik,Klinik
SEVEN KINGS PRACTICE,F86637,4901,51.563462831737,0.0968290580187191,eConsult,,eConsult
THE MICROFACULTY,F86638,4298,51.6117922448237,-0.0182263509502703,eConsult,,eConsult
THE SHRUBBERIES MEDICAL CENTRE,F86641,8556,51.5947456008046,0.0243530814728586,eConsult,eConsult,eConsult
WALTHAM FOREST COMM & FAM HTH SERV LTD,F86644,8247,51.5877861081084,-0.0030741904838097,eConsult,eConsult,eConsult
LIME TREE SURGERY,F86650,9361,51.5550046221586,0.0050393339202319,Klinik,Klinik,Klinik
THE DRIVE SURGERY,F86652,6898,51.5678112057374,0.0600024660322999,Klinik,Klinik,Klinik
YORK ROAD SURGERY,F86657,8100,51.5589864370861,0.0668170860790768,eConsult,Patchs,Patchs
QUEEN MARY PRACTICE,F86658,6477,51.5974419857089,0.021736795579231,Accurx,Accurx,Accurx
LARKSHALL MEDICAL CENTRE,F86664,8229,51.628094461552,0.0035646827922403,eConsult,eConsult,eConsult
HARROW ROAD GP CENTRE,F86666,15345,51.5595379449428,0.0128561642391365,eConsult,eConsult,eConsult
HIGHAM HILL MEDICAL CENTRE,F86679,7152,51.5953061593946,-0.0346384390567311,,Klinik,Klinik
THE BAILEY PRACTICE,F86689,4395,51.5828334746414,-0.0100899032776822,eConsult,eConsult,eConsult
CLAYHALL CLINIC,F86691,11300,51.5908633326209,0.0505351253841977,eConsult,eConsult,eConsult
MATHUKIA'S SURGERY,F86692,11372,51.549853175634,0.0752882807185505,eConsult,eConsult,eConsult
FRANCIS ROAD MEDICAL CENTRE,F86696,7857,51.562263493573,-0.0040338703432932,Klinik,Klinik,Klinik
CRANBROOK SURGERY,F86698,6088,51.5809640438415,0.0734722905029964,Accurx,,Accurx
KINGS HEAD MEDICAL PRACTICE,F86700,3738,51.6354191838643,-0.0109970628947901,eConsult,eConsult,eConsult
KIYANI MEDICAL PRACTICE,F86701,3825,51.555414522206,0.0021001033366904,Accurx,Accurx,Accurx
ST CLEMENT'S SURGERY,F86702,4660,51.5641092815484,0.0720849544248236,Accurx,Accurx,Accurx
LANGTHORNE SHARMA FAMILY PRACTICE,F86705,3384,51.555414522206,0.0021001033366904,Accurx,Accurx,Accurx
FENCE PIECE ROAD MEDICAL CENTRE,F86707,6731,51.6002239088433,0.0842698366464657,Accurx,Accurx,Accurx
CLAREMONT MEDICAL CENTRE,F86708,2871,51.5947090604982,-0.0333503546891678,eConsult,eConsult,eConsult
HAMPTON MEDICAL CENTRE,F86712,3270,51.5665024298317,-1.0069263976726e-05,eConsult,eConsult,eConsult
ALDERSBROOK MEDICAL CENTRE,F86731,5026,51.5611384643166,0.0373526030804303,eConsult,eConsult,eConsult
HOVE MEDICAL CENTRE,G81001,9082,50.8450211123917,-0.196341495578935,Accurx,Accurx,Accurx
GROVE ROAD SURGERY,G81002,5829,50.7671847521868,0.278332284542863,Accurx,Accurx,Accurx
THE LIGHTHOUSE MEDICAL PRACTICE,G81003,18165,50.7656324888601,0.28136265727914,Engage GP,Engage GP,Engage GP
DOWNLANDS MEDICAL CENTRE,G81004,10080,50.8227222233294,0.244018303057793,Accurx,Accurx,Accurx
ARDINGLY COURT SURGERY,G81006,6572,50.8212560071336,-0.132923462847721,Accurx,Accurx,Accurx
STONE CROSS SURGERY,G81008,14885,50.8168116961269,0.290782831026632,Engage GP,Patchs,Patchs
ST. PETER'S MEDICAL CENTRE,G81011,18413,50.8308115211649,-0.135130587627706,SystmConnect,SystmConnect,SystmConnect
BRIDGESIDE SURGERY,G81012,6847,50.862016951692,0.256322609841489,Accurx,Accurx,Accurx
CARDEN SURGERY,G81014,8614,50.8616966100804,-0.127930403806764,Accurx,Silicon Health FootFall,Silicon Health FootFall
QUAYSIDE MEDICAL PRACTICE,G81016,12070,50.7931123287028,0.0512082083368045,Accurx,,Accurx
SEASIDE MEDICAL CENTRE,G81017,11725,50.7737730131792,0.29506353627451,Engage GP,Engage GP,Engage GP
PRESTON PARK SURGERY,G81018,12586,50.8378736773486,-0.140345586215752,eConsult; Silicon Health FootFall,eConsult,eConsult
BEACON SURGERY,G81019,11719,51.0598365593621,0.159869705924457,Engage GP,Engage GP,Engage GP
FOUNDRY HEALTHCARE LEWES,G81021,28519,50.8734011272043,0.0118051885939919,Anima,Anima,Anima
SOVEREIGN PRACTICE,G81022,13769,50.7814983124948,0.302847192918283,Accurx,Accurx,Accurx
MARTINS OAK SURGERY,G81023,8431,50.9175249101233,0.483453019370821,Engage GP,,Engage GP
ASHDOWN FOREST HEALTH CENTRE,G81024,10839,51.0970354919141,0.0328659377550767,eConsult,eConsult,eConsult
PARK CRESCENT HEALTH CENTRE,G81028,11941,50.8321507132682,-0.130021617707684,SystmConnect,SystmConnect,SystmConnect
SEAFORD MEDICAL PRACTICE,G81029,18183,50.7726775607253,0.0992753323825723,Accurx,,Accurx
WADHURST MEDICAL GROUP,G81030,7512,51.0619537541278,0.340799715878843,SystmConnect,SystmConnect,SystmConnect
THE HILL SURGERY,G81031,19838,50.8647138040221,0.605002728661761,Accurx,Accurx,Accurx
VICTORIA MEDICAL CENTRE,G81032,27501,50.7774539923007,0.25546644648705,Accurx,Accurx,Accurx
CHARTER MEDICAL CENTRE,G81034,31543,50.8314198626189,-0.158140156868903,Accurx,Accurx,Accurx
WARMDENE SURGERY,G81036,9276,50.8616966100804,-0.127930403806764,eConsult,eConsult,eConsult
THE MEADS SURGERY,G81037,9838,50.9702416124386,0.0855644000513175,Anima,Anima,Anima
STANFORD MEDICAL CENTRE,G81038,17378,50.8383778084814,-0.148293422750673,Engage GP,Engage GP,Engage GP
LITTLE COMMON SURGERY,G81039,19653,50.8423062273148,0.433558605591629,Engage GP,Engage GP,Engage GP
WOODHILL SURGERY,G81040,4138,51.0193505357416,0.253956180537547,eConsult,,eConsult
SIDLEY MEDICAL PRACTICE,G81041,13463,50.8574823077429,0.46596580798681,Engage GP,Engage GP,Engage GP
BEACONSFIELD MEDICAL PRACTICE,G81042,13588,50.8383778084814,-0.148293422750673,SystmConnect,SystmConnect,SystmConnect
ROTHERFIELD SURGERY,G81043,7201,51.0495012925759,0.185091927521835,SystmConnect,SystmConnect,SystmConnect
MONTPELIER SURGERY,G81044,6719,50.8270556773953,-0.149465605957465,eConsult; Silicon Health FootFall,Silicon Health FootFall,Silicon Health FootFall
PORTSLADE HEALTH CENTRE,G81046,11207,50.8336798435783,-0.213252408404722,Rapid Health,Rapid Health,Rapid Health
SEVEN DIALS MEDICAL CENTRE,G81047,6910,50.8295832175367,-0.147789423256639,Accurx,eConsult,eConsult
CARISBROOKE SURGERY,G81048,8599,50.8518094379437,0.532304586801375,Engage GP,,Engage GP
MANOR PARK MEDICAL CENTRE,G81049,6702,50.8191067842742,0.242609749083959,Accurx,Accurx,Accurx
ARLINGTON ROAD SURGERY,G81050,11961,50.7681892114284,0.277558507524295,Engage GP,Engage GP,Engage GP
RYE MEDICAL CENTRE,G81051,7305,50.9612548519497,0.730466469526144,Engage GP,Engage GP,Engage GP
FAIRFIELD SURGERY,G81052,4233,50.9964723857689,0.383425032069131,Engage GP,Engage GP,Engage GP
PAVILION SURGERY,G81054,10087,50.8219520789991,-0.13631926632642,eConsult,eConsult,eConsult
SAXONBURY HOUSE SURGERY,G81055,9482,51.0563023081899,0.161834049793313,eConsult,eConsult,eConsult
SEDLESCOMBE & WESTFIELD SURGERIES,G81057,6230,50.9343895419945,0.534880502901202,Engage GP,Engage GP,Engage GP
HAILSHAM MEDICAL GROUP,G81059,11033,50.8643529154489,0.26152145286379,Anima,Accurx,Accurx
CHAPEL STREET SURGERY,G81061,5107,50.7932758364939,0.0511160392311567,SystmConnect,SystmConnect,SystmConnect
WOODINGDEAN MEDICAL CENTRE,G81065,8734,50.8358757463092,-0.078105370681617,Rapid Health,Rapid Health,Rapid Health
TRINITY MEDICAL CENTRE,G81070,25293,50.831233031457,-0.171993276334906,Accurx,Accurx,Accurx
UNIVERSITY OF SUSSEX HEALTH CENTRE,G81071,16161,50.8694367033298,-0.088891296551505,eConsult; Silicon Health FootFall,eConsult,eConsult
MILE OAK MEDICAL CENTRE,G81073,8751,50.8509620612714,-0.2283899882863,eConsult,eConsult,eConsult
HIGH GLADES MEDICAL CENTRE,G81074,19151,50.8787482010879,0.550675189411692,Engage GP,Engage GP,Engage GP
THE AVENUE SURGERY,G81075,6526,50.8454799658269,-0.113877228817907,SystmConnect,SystmConnect,SystmConnect
SALTDEAN AND ROTTINGDEAN MED PRACTICE,G81076,12902,50.8019909717371,-0.0356282596405218,Accurx,Accurx,Accurx
COLLINGTON SURGERY,G81077,16735,50.8402603508426,0.462898432791897,Accurx; Engage GP,Accurx,Accurx
OLDWOOD SURGERY,G81082,6196,50.9853992769338,0.471241328040986,Engage GP,Engage GP,Engage GP
WISH PARK SURGERY,G81083,7559,50.8340056571362,-0.189466539115449,SystmConnect,SystmConnect,SystmConnect
FERRY ROAD HEALTH CENTRE,G81085,3916,50.9516421414375,0.72675096981999,Engage GP,,Engage GP
BIRD-IN-EYE SURGERY,G81086,7749,50.9659572676731,0.105616237354039,Accurx,,Accurx
NORTHIAM SURGERY,G81087,6850,50.9909001496668,0.605138116258266,Engage GP,Engage GP,Engage GP
WEALDEN RIDGE MEDICAL PARTNERSHIP,G81088,21797,50.9707735348717,0.247963119545581,Accurx,Accurx,Accurx
SOUTH SAXON HOUSE SURGERY,G81089,3454,50.8693468865776,0.527682242467686,Engage GP,,Engage GP
HASTINGS OLD TOWN SURGERY,G81095,25644,50.8563200471707,0.595357927080748,Engage GP,Engage GP,Engage GP
SEDLESCOMBE HOUSE,G81096,2839,50.8673526221229,0.554820896498913,Accurx,,Accurx
QUINTINS MEDICAL CENTRE,G81098,13803,50.8771942208846,0.26330911421885,Accurx,Accurx,Accurx
OLD SCHOOL SURGERY,G81099,9032,50.7720674023988,0.100694710186594,Accurx,,Accurx
HAVENSHEALTH,G81100,19225,50.7961021371163,-0.0008107775816813,SystmConnect,SystmConnect,SystmConnect
BUXTED MEDICAL CENTRE,G81102,15496,50.9894043564914,0.132094149130328,Accurx,Accurx,Accurx
PARK PRACTICE,G81104,13280,50.7947381520707,0.277576013516625,Accurx; Engage GP,Accurx,Accurx
SCHOOL HOUSE SURGERY,G81613,5274,50.8444116330957,-0.130199079391901,Accurx,,Accurx
GROOMBRIDGE AND HARTFIELD MEDICAL GROUP,G81614,5425,51.1132850843264,0.183396201323546,eConsult,eConsult,eConsult
HERSTMONCEUX INTEGRATIVE HEALTH CENTRE,G81634,5836,50.8875428070986,0.318386807424786,Accurx,Accurx,Accurx
WELLBN HEALTHCARE,G81638,24498,50.825294701558,-0.156961310490389,Accurx,Accurx,Accurx
PRIORY ROAD SURGERY,G81641,3905,50.86112834946,0.589099284861147,Engage GP,,Engage GP
THE HAVEN PRACTICE,G81646,2714,50.8427758435138,-0.142650653833003,eConsult,eConsult,eConsult
REGENCY SURGERY,G81656,5514,50.8219604924405,-0.136164740887676,eConsult,eConsult,eConsult
THE STATION PRACTICE,G81658,17888,50.8576168306657,0.578303880845239,Engage GP,Engage GP,Engage GP
LINKS ROAD SURGERY,G81663,4724,50.8371154416578,-0.207397596806421,SystmConnect,SystmConnect,SystmConnect
BROADWAY SURGERY,G81669,2258,50.8256699709817,-0.107447588747614,eConsult,eConsult,eConsult
ARCH HEALTHCARE,G81689,1396,50.8256899255147,-0.134298129289724,Accurx,Accurx,Accurx
SHIP STREET SURGERY,G81694,2872,50.8212949264123,-0.141799376891693,Accurx,Accurx,Accurx
ST JAMES' SURGERY,G82002,9789,51.1281483212721,1.31629569464764,Anima,Anima,Anima
DR CJ SHIMMINS & PARTNERS,G82006,15427,51.4407469736198,0.236914178306082,Anima,Patchs,Patchs
CHURCH LANE HEALTH CENTRE,G82007,6468,50.9841619727415,0.9414678048234,Anima,Anima,Anima
AMHERST MEDICAL PRACTICE,G82013,14859,51.2771943271236,0.186602776669436,Accurx,Accurx,Accurx
WOODLANDS FAMILY PRACTICE,G82014,20362,51.3784174726133,0.56664249179683,Anima,eConsult,eConsult
PENCESTER SURGERY,G82015,11761,51.1279417909604,1.31280158605933,eConsult,eConsult,eConsult
KINGSWOOD SURGERY,G82016,11302,51.1320286460734,0.276362876554857,Anima; Engage GP,Anima,Anima
SUN LANE,G82018,5358,51.0715333813727,1.08747036623621,eConsult,,eConsult
EDENBRIDGE MED PRACTICE,G82019,13486,51.2029971905985,0.0654953110908305,Accurx,Accurx,Accurx
THE GRANGE PRACTICE,G82020,12465,51.3396429297369,1.42800930775334,Anima,Anima,Anima
THE SHRUBBERY SURGERY,G82021,17196,51.4332750897821,0.350489478436867,Anima; eConsult,,Unknown
SPELDHURST & GREGGSWOOD MEDICAL GROUP,G82022,9621,51.1432126058443,0.286706719556199,Anima,Anima,Anima
SHEERNESS HEALTH CENTRE,G82023,6737,51.4363892132236,0.766073081812233,Anima,Anima,Anima
GREENSAND MEDICAL GROUP,G82024,25637,51.2298237562154,0.506693657375201,Anima,Anima,Anima
THE WELLS MEDICAL PRACTICE,G82025,19125,51.1378360029942,0.261191076529242,Anima,Anima,Anima
GROVEHURST SURGERY,G82026,8197,51.3624435691767,0.735142533909527,Anima,Anima,Anima
FAVERSHAM MEDICAL PRACTICE,G82027,14181,51.3145754874717,0.889042530529299,eConsult,eConsult,eConsult
SWANLEY MEDICAL PRACTICE,G82028,24777,51.3958726067133,0.173741612076904,eConsult,eConsult,eConsult
BOWER MOUNT MEDICAL PRACTICE,G82031,11001,51.2747341804185,0.509597428073338,Anima,Anima,Anima
PELHAM MEDICAL PRACTICE,G82032,15460,51.4396875626785,0.361952485658315,Rapid Health,,Rapid Health
THE CHESTNUTS SURGERY,G82035,9579,51.3384166099394,0.743805882575245,Anima,,Anima
BALMORAL SURGERY,G82036,11573,51.2138061596382,1.39879198077995,Anima,eConsult,eConsult
HILDENBOROUGH MEDICAL GROUP,G82037,16680,51.2142299486361,0.245605446978818,Anima,Anima,Anima
ST RICHARDS ROAD SURGERY,G82038,10375,51.2116802114838,1.37467233514338,eConsult,eConsult,eConsult
NEWTON PLACE SURGERY,G82039,18552,51.3132450678374,0.891973748122234,eConsult,eConsult,eConsult
GROSVENOR & ST JAMES MEDICAL CENTRE,G82041,14050,51.1370846083611,0.263774400310705,Anima,Anima,Anima
TONBRIDGE MEDICAL GROUP,G82042,18014,51.1931807332914,0.271472673580463,Anima,Anima,Anima
SPRINGHEAD HEALTH,G82044,21899,51.4357340540528,0.340972195299925,Anima,Anima,Anima
SUMMERHILL SURGERY,G82046,5930,51.3475504494257,1.4070396857379,Anima,Anima,Anima
HORSMAN'S PLACE SURGERY,G82048,9575,51.442468086537,0.214952106508652,Anima,Anima,Anima
SYDENHAM HOUSE MEDICAL CENTRE,G82050,24167,51.1481788687569,0.881673745048831,eConsult,eConsult,eConsult
CITY WAY SURGERY,G82051,13088,51.3721101260213,0.511189634689916,Anima,Anima,Anima
THE LIMES MEDICAL CENTRE,G82052,17009,51.3909774057744,1.38539454121739,Anima,Anima,Anima
WOODCHURCH SURGERY,G82053,5899,51.0727670854945,0.775712147399196,eConsult,eConsult,eConsult
WEALD VIEW MEDICAL PRACTICE - HAWKHURST,G82055,9869,51.0471212268047,0.510726403054472,eConsult,eConsult,eConsult
THE WELLCOME PRACTICE,G82056,10954,51.445863779975,0.207042815473767,Anima,Anima,Anima
ST GEORGES MEDICAL CENTRE,G82057,10906,51.4359382863437,0.761954689249765,eConsult,eConsult,eConsult
AYLESFORD MEDICAL CENTRE,G82058,7267,51.2951069057791,0.472737642273134,Anima; eConsult,eConsult,eConsult
WARDERS MEDICAL CENTRE,G82059,18568,51.1974098039666,0.279212448155487,Anima; Engage GP,Anima,Anima
NORTHGATE MEDICAL PRACTICE,G82060,20668,51.2843456911758,1.08668247244924,eConsult,eConsult,eConsult
PARROCK STREET SURGERY,G82062,2264,51.4412376958247,0.371141594339107,eConsult,eConsult,eConsult
SANDWICH MEDICAL PRACTICE,G82063,12912,51.274071373991,1.3373641252131,Anima,Anima,Anima
NORTHDOWN & DASHWOOD SURGERY,G82066,25271,51.3826711364005,1.40630020214291,Anima,Anima,Anima
OLD ROAD WEST SURGERY,G82067,9603,51.4336587055468,0.367196071213103,eConsult,eConsult,eConsult
WHITE HOUSE SURGERY,G82069,11763,51.08743556187,1.14605519033236,eConsult,Patchs,Patchs
WHITSTABLE MEDICAL PRACTICE,G82071,45186,51.341639486719,1.01319228702372,eConsult,eConsult,eConsult
MEOPHAM MEDICAL CENTRE,G82073,10313,51.3669410761339,0.357919178875016,Anima,Anima,Anima
BEARSTED,G82074,15990,51.2679885597592,0.572746733495705,Accurx,,Accurx
MOTE,G82076,17142,51.2468758388578,0.545624581666522,Accurx,Accurx,Accurx
THE ELMS MEDICAL CENTRE,G82077,12551,51.4201031818018,0.557733032950565,eConsult,eConsult,eConsult
WESTGATE SURGERY,G82079,9915,51.3830700698752,1.33748840734868,Accurx,Accurx,Accurx
ASHFORD MEDICAL PARTNERSHIP,G82080,38215,51.1367406928269,0.898839153018186,Klinik,Patchs,Patchs
STURRY SURGERY,G82082,16445,51.3035619038089,1.12742485223695,eConsult,eConsult,eConsult
THORNHILLS MEDICAL PRACTICE,G82083,14868,51.3001457105296,0.440915649756837,Anima,Anima,Anima
SNODLAND MEDICAL PRACTICE,G82085,12088,51.3266194175773,0.441933910640799,Anima,,Anima
THE NEW SURGERY,G82086,10239,51.089151873694,1.18185143499003,eConsult,,eConsult
NEW HAYESBANK SURGERY,G82087,17844,51.1576006162422,0.878749649454298,Anima; Silicon Health FootFall,Anima,Anima
BREWER STREET,G82089,9079,51.2767003862331,0.523140441445157,Anima,Anima,Anima
THE HERON MEDICAL PRACTICE,G82090,17912,51.3713278687185,1.12111536249537,Anima,Anima,Anima
GUILDHALL STREET SURGERY,G82091,10277,51.0822994122319,1.1773594709336,eConsult,eConsult,eConsult
WESTERHAM PRACTICE,G82092,8361,51.2664645967506,0.0704373215351695,Accurx,Accurx,Accurx
LEN VALLEY PRACTICE,G82093,10139,51.2373900492763,0.722844601348946,Accurx,Accurx,Accurx
CHARING SURGERY,G82094,11362,51.2095427549377,0.791206142069399,Anima,Anima,Anima
THORNDIKE PARTNERSHIP,G82095,12135,51.3808047305474,0.502879049045338,eConsult,eConsult,eConsult
JUBILEE MEDICAL CENTRE,G82097,15548,51.3972511155406,0.29942728941685,Anima,Anima,Anima
BLACKTHORN,G82098,8648,51.2676518898,0.485355800135703,Anima,Anima,Anima
THE COLLEGE PRACTICE,G82099,33576,51.2683991440151,0.522258501004596,eConsult,eConsult,eConsult
HIGHPARKS MEDICAL PRACTICE,G82100,15110,51.4342956760205,0.49611170599356,eConsult,,eConsult
BETHESDA MEDICAL CENTRE,G82105,18678,51.3918610366864,1.40640820655488,Anima,Anima,Anima
RIVERSIDE MEDICAL PRACTICE,G82106,7303,51.3489750346862,0.447687816678832,eConsult,eConsult,eConsult
MINSTER SURGERY,G82107,9443,51.3346619713904,1.31617723253382,Anima,eConsult,eConsult
KING GEORGE ROAD SURGERY,G82108,6849,51.3489110139376,0.518517950643695,Accurx,,Accurx
TOWN MEDICAL CENTRE,G82110,7175,51.270660138637,0.191587754759724,eConsult,eConsult,eConsult
THE CEDARS SURGERY,G82111,11248,51.2164256526836,1.40305705805309,Anima,,Anima
STONECROSS AND WEST DRIVE SURGERY,G82113,7917,51.3681141671767,0.544643625426744,Anima,Anima,Anima
IVY COURT SURGERY,G82114,15612,51.0680348457473,0.690219671304876,Accurx,,Accurx
NEW DOVER ROAD SURGERY,G82115,10577,51.2744988804331,1.08795795540762,eConsult,eConsult,eConsult
HIGH STREET SURGERY,G82117,9321,51.1299857583069,1.30577419457098,eConsult,eConsult,eConsult
WOODLANDS HEALTH CENTRE,G82118,14000,51.180769941557,0.384850145001756,Anima,Anima,Anima
PARK SURGERY,G82119,24842,51.3696317775793,1.12467864399994,Anima,Anima,Anima
BOROUGH GREEN MEDICAL PRACTICE,G82120,15384,51.2902236984674,0.303455871776808,Accurx,Accurx,Accurx
SANDGATE ROAD,G82121,12672,51.0765716977143,1.15900971450367,Anima; Engage GP,Anima,Anima
SWANSCOMBE HEALTH CENTRE,G82122,37623,51.4247045000371,0.286397050728068,Anima,GP Triage,GP Triage
OTFORD MEDICAL PRACTICE,G82125,11654,51.3142996832415,0.190964133411233,Anima,Accurx,Accurx
EAST CLIFF MEDICAL PRACTICE,G82126,15362,51.3396429297369,1.42800930775334,Anima,,Anima
THE GLEBE FAMILY PRACTICE,G82129,4758,51.3831641905699,0.544472519058128,eConsult,eConsult,eConsult
WEST MALLING GROUP PRACTICE,G82135,21236,51.2717070152364,0.402353932886009,Anima,Anima,Anima
ST ANDREWS MEDICAL CENTRE,G82137,9876,51.1562805305256,0.260686761785354,Anima,Anima,Anima
ASH SURGERY,G82138,4664,51.2795764321006,1.27916081449096,Anima,Anima,Anima
MAIDSTONE ROAD SURGERY,G82139,8799,51.3618184726358,0.517186214876009,Anima,Anima,Anima
UNIVERSITY MEDICAL CENTRE,G82140,13697,51.296198204934,1.06212716344405,eConsult,eConsult,eConsult
YALDING,G82141,7120,51.2224828927607,0.4300624413678,eConsult,eConsult,eConsult
WYE SURGERY,G82142,10827,51.1786402178707,0.937797551954121,eConsult,eConsult,eConsult
LOWFIELD MEDICAL CENTRE,G82143,7536,51.4420760488341,0.215710212416728,eConsult,eConsult,eConsult
OAK HALL,G82147,5946,50.9856846810358,0.940114856277404,Anima,Anima,Anima
NEWINGTON ROAD SURGERY,G82150,7003,51.3431420768192,1.39871256442346,Anima,Anima,Anima
RUSTHALL MEDICAL PRACTICE,G82152,6813,51.1360277994723,0.224750453257507,Anima,Anima,Anima
THAMES AVE SURGERY,G82154,6023,51.3634396993164,0.603057034438077,eConsult,eConsult,eConsult
WATERFIELD HOUSE SURGERY,G82155,6411,51.1486959458505,0.329216962930234,Anima,Anima,Anima
HOWELL SURGERY,G82158,5347,51.1505211794892,0.398633640845443,Accurx,Accurx,Accurx
OAKLANDS HEALTH CENTRE,G82160,12286,51.069799784906,1.08271361954329,eConsult,eConsult,eConsult
REACH HEALTHCARE,G82161,31074,51.338425853095,0.525009425950384,Anima,Anima,Anima
ORCHARD FAMILY PRACTICE,G82162,5466,51.363337228582,0.60946744633892,eConsult,eConsult,eConsult
THE VINE MEDICAL CENTRE,G82164,13230,51.270734411892,0.514378288438889,Anima,Anima,Anima
HAWKINGE AND ELHAM,G82165,10016,51.1520293684635,1.10957538609057,eConsult,,eConsult
LAMBERHURST,G82170,3832,51.0940084490105,0.387909351527615,,,Unknown
MAIDSTONE RD RAINHAM SURGERY,G82180,4697,51.362267214841,0.600623133018645,eConsult,eConsult,eConsult
WALTHAM ROAD MEDICAL CENTRE,G82184,1344,51.3734424645677,0.583082449412015,eConsult,eConsult,eConsult
REDWOOD PRACTICE,G82185,8875,51.445863779975,0.207042815473767,Anima,Anima,Anima
HAMSTREET SURGERY,G82186,7963,51.0643223885999,0.858763197069615,Accurx,Accurx,Accurx
WATERINGBURY,G82200,10867,51.2556332969085,0.4254998799709,Anima; Engage GP,Anima,Anima
COURT VIEW SURGERY,G82203,10560,51.3934094876893,0.484283335741221,Anima,Anima,Anima
ST JOHN'S MEDICAL PRACTICE,G82205,8397,51.2850094861613,0.195248787513472,eConsult,eConsult,eConsult
AYLESHAM MEDICAL PRACTICE,G82211,8838,51.2255672428107,1.20292799360316,eConsult,eConsult,eConsult
PILGRIMS WAY SURGERY,G82212,8879,51.4407469736198,0.236914178306082,Anima; eConsult,Anima,Anima
MARDEN MEDICAL CENTRE,G82215,7706,51.1741499992511,0.492269902895157,Anima,Anima,Anima
HARBOUR MEDICAL PRACTICE,G82217,3496,51.0825771105442,1.18136712503486,eConsult,eConsult,eConsult
RIVER DARENT MEDICAL GROUP,G82218,12380,51.3773193992974,0.228373994649517,Anima,,Anima
ST PETER'S SURGERY,G82219,4904,51.3629362896705,1.41893018455957,Anima; eConsult,eConsult,eConsult
OLD PARSONAGE SURGERY,G82224,3889,51.1123668957542,0.459367077835566,eConsult,eConsult,eConsult
WIGMORE MEDICAL CENTRE,G82226,5527,51.3522475261687,0.589490389082094,eConsult,eConsult,eConsult
LYDDEN SURGERY,G82227,6092,51.1633063064349,1.23948616039836,Accurx,Accurx,Accurx
CANTERBURY MEDICAL PRACTICE,G82228,24188,51.2468514507763,1.12950020456391,eConsult,eConsult,eConsult
SUTTON VALENCE GROUP PRACTICE,G82229,7364,51.2111928331785,0.594023922255846,Accurx,Accurx,Accurx
LONDON ROAD MEDICAL CENTRE,G82231,6919,51.3418144006189,0.726920371448237,Anima,Anima,Anima
MANOR CLINIC,G82232,9580,51.0798548793433,1.17304641853576,eConsult,eConsult,eConsult
ST. WERBURGH MED.PRACTICE,G82233,8830,51.4251726883744,0.563062003592045,Anima,Anima,Anima
PHOENIX MEDICAL PRACTICE,G82234,6161,51.3290829638066,0.481743227787649,Anima,Anima,Anima
OLD SCHOOL SURGERY,G82235,5671,51.0983146130488,0.536242306063734,Anima,Anima,Anima
EASTCOURT LANE SURGERY,G82600,2304,51.3718836503893,0.578549740471323,eConsult,eConsult,eConsult
THE MEDICAL CENTRE GROUP,G82604,15468,51.2525107786081,0.54482316959551,Anima,Anima,Anima
BRYANT STREET MEDICAL PRACTICE,G82631,7892,51.3788125751356,0.527699800361904,eConsult,eConsult,eConsult
THE MEADS MEDICAL PRACTICE,G82634,12077,51.3503774025794,0.717266165029464,Anima,Anima,Anima
PUMP LANE SURGERY,G82635,2177,51.367972934326,0.589635927187682,Accurx,Accurx,Accurx
WALLIS AVENUE,G82641,7432,51.2408524241098,0.552757736290265,eConsult; Engage GP,eConsult,eConsult
TEMPLE HILL SURGERY,G82647,23315,51.4530031141983,0.228963419771663,Anima,Anima,Anima
ROCHESTER ROAD SURGERY,G82648,3927,51.4350155234279,0.390560280104826,eConsult,eConsult,eConsult
MOCKETTS WOOD SURGERY,G82650,9429,51.366599014117,1.41887271431636,Accurx,Accurx,Accurx
CHURCH ROAD,G82652,3136,51.1294834056857,1.08883583201911,eConsult,eConsult,eConsult
SELLINDGE SURGERY,G82658,5114,51.103535130435,1.00275237757679,eConsult,eConsult,eConsult
MARTELLO HEALTH CENTRE,G82665,5478,51.0262562041441,0.994584994501011,Anima,eConsult,eConsult
BIRCHINGTON MEDICAL CENTRE,G82666,12762,51.3761764042082,1.29762011908073,Anima,Anima,Anima
APEX MEDICAL CENTRE,G82679,7021,51.3973975754522,0.493189150355643,eConsult,eConsult,eConsult
THE OM MEDICAL CENTRE,G82682,7334,51.4389149399081,0.760842629559749,eConsult,eConsult,eConsult
NEW LYMINGE SURGERY,G82684,4492,51.1242812348355,1.09126862922536,eConsult,eConsult,eConsult
VEL SURGERY,G82687,9782,51.4363892132236,0.766073081812233,eConsult,eConsult,eConsult
LANGLEY,G82691,3434,51.2373152726842,0.591917477891079,Accurx,Accurx,Accurx
MEMORIAL MEDICAL CENTRE,G82693,17841,51.3346012125845,0.736542632433095,Anima,Anima,Anima
THE NEW GOLF ROAD SURGERY,G82696,2649,51.2153241942307,1.38569175736409,eConsult,eConsult,eConsult
THE CHURCHILL CLINIC,G82697,9726,51.3591237712396,0.53243439434466,Accurx,Accurx,Accurx
THE MEDIC CARE SURGERY,G82698,4430,51.3346012125845,0.736542632433095,Anima,Anima,Anima
BUCKLAND MEDICAL PRACTICE,G82700,10127,51.1371665976777,1.29673370094557,eConsult,eConsult,eConsult
GREEN PORCH MEDICAL PARTNERSHIP,G82702,8052,51.3554384878459,0.739292684078926,Anima,,Anima
MARLOWE PARK MEDICAL CTR.,G82708,4279,51.3876007907072,0.467416058073894,Anima,Anima,Anima
BORSTAL VILLAGE SURGERY,G82711,4245,51.3720205629179,0.482053400076481,eConsult,,eConsult
MATRIX MEDICAL PRACTICE,G82719,16649,51.3699205907796,0.548838806697845,Accurx,Accurx,Accurx
PARKWOOD FAMILY PRACTICE,G82721,3229,51.3448166576547,0.592115820728751,eConsult,,eConsult
WHITE CLIFFS MEDICAL CENTRE,G82729,9958,51.1241964876113,1.30185993891758,eConsult,eConsult,eConsult
KINGSNORTH MEDICAL PRACTICE,G82730,12726,51.12190545698,0.860918317631286,eConsult,eConsult,eConsult
ORCHARD END,G82733,4278,51.0917862268414,0.53980967635461,eConsult,eConsult,eConsult
LONG CATLIS ROAD SURGERY,G82737,11244,51.3483253664505,0.595579324280406,eConsult,eConsult,eConsult
PRINCES PARK MEDICAL CTR,G82741,30597,51.3933542198546,0.550529737442942,Anima,Anima,Anima
MARITIME HEALTH PARTNERSHIP,G82744,38305,51.4067969750061,0.53794752032559,eConsult,eConsult,eConsult
THE KINGS FAMILY PRACTICE,G82753,8475,51.3774964105992,0.534601544561351,Anima,Anima,Anima
HADLOW MEDICAL CENTRE,G82754,3613,51.2244578248342,0.337766868963946,eConsult,,eConsult
NAPIER ROAD SURGERY,G82763,3024,51.3802536516317,0.553408313490026,Anima,Anima,Anima
LONSDALE MEDICAL CENTRE,G82768,7941,51.1317035501474,0.262067542357574,Anima,Anima,Anima
GRAVESEND MEDICAL CENTRE,G82780,16775,51.4439320710455,0.369985976869918,eConsult,,eConsult
OLD SCHOOL SURGERY,G82790,6265,51.253788455267,1.0066602228617,eConsult,eConsult,eConsult
BROADSTAIRS MEDICAL PRACTICE,G82796,7413,51.3606338335363,1.43305478136557,Accurx,Accurx,Accurx
SHEPPEY HEALTHY LIVING CENTRE,G82799,14235,51.4415244984397,0.763525198614808,eConsult,eConsult,eConsult
CANTERBURY HEALTH CENTRE,G82802,7762,51.2742425579635,1.0829438588269,eConsult,eConsult,eConsult
"OAKFIELD HEALTH CENTRE, PRACTICE 2",G82808,10034,51.4192966084739,0.37235015368814,eConsult,eConsult,eConsult
Downs Way Medical Practice,G82809,15992,51.4078690234111,0.35123840339673,Anima,,Anima
SOUTH PARK MEDICAL PRACTICE,G82888,6069,51.2702405104482,0.189598673410854,Accurx,Accurx,Accurx
MANOR BROOK PMS,G83001,12157,51.4692246043451,0.0250624546792302,Accurx,Accurx,Accurx
THE WESTWOOD SURGERY,G83002,9656,51.4627945817012,0.0969906875873494,Accurx,Accurx,Accurx
BARNARD MEDICAL GROUP,G83004,13364,51.4279195835245,0.10554970294853,Accurx,Accurx,Accurx
THE ALBION SURGERY,G83006,16040,51.4548641335266,0.147093055845895,Accurx,,Accurx
BELLEGROVE SURGERY,G83009,11390,51.4645606632053,0.0957903120670811,Accurx,Accurx,Accurx
NORTHUMBERLAND HEATH MED.CTR.,G83010,14500,51.4769266961359,0.166000915649762,Accurx,Accurx,Accurx
GALLIONS REACH HEALTH CENTRE,G83012,15756,51.5056432226056,0.109033933317863,Accurx,Accurx,Accurx
BLACKHEATH STANDARD PMS,G83013,8005,51.4781337231597,0.0197973633495523,Accurx,Accurx,Accurx
ELTHAM PALACE PMS,G83015,7490,51.4492432272306,0.0537263664565629,Accurx,Accurx,Accurx
ROYAL ARSENAL MEDICAL CENTRE,G83016,11627,51.4924850797397,0.0725917700327162,Accurx; Silicon Health FootFall,Accurx,Accurx
LAKESIDE MEDICAL,G83018,19157,51.4965182277658,0.122454284220482,Accurx,eConsult,eConsult
PLUMSTEAD H/C PMS,G83019,15395,51.4859503292966,0.0920033430079714,Accurx,Accurx,Accurx
VANBRUGH GROUP PRACTICE,G83021,17959,51.4855929492191,0.0083572219246421,Accurx,Accurx,Accurx
INGLETON AVENUE SURGERY,G83024,4886,51.4540072815041,0.104087119889775,,Medicus,Medicus
WELLING MEDICAL PRACTICE,G83025,11152,51.4615780500453,0.107660097098874,Accurx,Accurx,Accurx
TRIVENI PMS,G83026,8152,51.490321376809,0.0584376153514056,Accurx,Accurx,Accurx
EVEREST HEALTH PARTNERSHIP,G83027,20913,51.4547147145156,0.0494368435712619,eConsult,eConsult,eConsult
BEXLEY GROUP PRACTICE,G83028,14740,51.4654918614784,0.109553749720156,Accurx,Accurx,Accurx
PLAS MEDDYG SURGERY,G83029,7353,51.4428454382443,0.14437067633495,Accurx,Accurx,Accurx
ALL SAINTS MEDICAL CENTRE PMS,G83030,6594,51.4796210107388,0.0666083700981951,Accurx,Accurx,Accurx
ABBEY WOOD SURGERY,G83031,7051,51.4969172814349,0.115983446997821,Accurx,Accurx,Accurx
DR DAVIES & PARTNER,G83033,5496,51.4725213713139,0.140967020346849,Accurx,,Accurx
ST MARKS PMS,G83039,10481,51.4805510417537,0.0724573525640212,Accurx,,Accurx
FAIRFIELD PMS,G83044,12923,51.4839083129707,0.038949399433004,Accurx,Accurx,Accurx
BURSTED WOOD SURGERY,G83046,6393,51.4657577894216,0.153291499463436,Accurx,Accurx,Accurx
LYNDHURST ROAD MEDICAL CENTRE,G83049,12750,51.4612505634984,0.158765825228055,Accurx,Accurx,Accurx
BELVEDERE MEDICAL CENTRE,G83052,17823,51.4821759953898,0.14461663164777,Rapid Health,Rapid Health,Rapid Health
BEXLEY MEDICAL GROUP,G83053,21339,51.4745138973628,0.126357560908881,Accurx,Accurx,Accurx
WOODLANDS SURGERY,G83057,11503,51.4397551808273,0.08891315980526,Accurx,Accurx,Accurx
PRIMECARE PMS (SOUTH STREET),G83058,12061,51.4760606584917,-0.0125515145598433,Accurx,Accurx,Accurx
GLYNDON PMS,G83060,7346,51.4864793423698,0.0794528417918308,Accurx,Accurx,Accurx
SLADE GREEN MEDICAL CTR.,G83062,11592,51.4708015050369,0.19073670653343,Accurx,Accurx,Accurx
BURNEY STREET PMS,G83065,15093,51.4792000700975,-0.0083682036599782,Accurx,Accurx,Accurx
SIDCUP MEDICAL CENTRE,G83066,30669,51.4238383900826,0.107462208708647,Accurx,Accurx,Accurx
VALENTINE HEALTH PARTNERSHIP,G83067,31779,51.4922084017157,0.0615253639056718,Accurx,Accurx,Accurx
NEW ELTHAM AND BLACKFEN MEDICAL CENTRE,G83628,10815,51.4348433608894,0.0748336518938846,Accurx,,Accurx
RIVERSIDE SURGERY,G83630,12441,51.4796468027193,0.180723263008945,Accurx,Accurx,Accurx
ABBEYSLADE PMS (DR CHAND),G83631,4897,51.4879478602702,0.107507619724653,Accurx,Accurx,Accurx
CONWAY PMS,G83633,5249,51.4868939774551,0.0869906761228129,Accurx,Accurx,Accurx
WAVERLEY PMS,G83635,4524,51.483224109348,0.0834960139613417,Accurx,Accurx,Accurx
PLUMBRIDGE MEDICAL CENTRE,G83641,3578,51.4732794116911,-0.0139377004779043,Accurx,Patchs,Patchs
CRAYFORD TOWN SURGERY,G83642,10314,51.4494479637441,0.18083406500981,Accurx,Accurx,Accurx
PLUMSTEAD AND WICKHAM LANE SURGERY,G83647,8412,51.4874072531687,0.0930063166352374,Accurx,Patchs,Patchs
WOODLANDS SURGERY,G83651,6321,51.4847972196807,0.0046082125240631,,Patchs,Patchs
BANNOCKBURN SURGERY,G83654,5681,51.48816668592,0.0945479608756887,Accurx,Accurx,Accurx
ELMSTEAD MEDICAL CLINIC,G83673,6935,51.4311496381084,0.058380697336169,Accurx,Accurx,Accurx
ELTHAM MEDICAL PRACTICE,G83680,26036,51.4492432272306,0.0537263664565629,Accurx,Patchs,Patchs
SOUTH VIEW PARTNERSHIP,G84001,13321,51.4060150022657,0.0263664656914774,eConsult,,eConsult
DYSART SURGERY,G84002,13236,51.4004533334826,0.0156542931474256,eConsult,eConsult,eConsult
LINKS MEDICAL PRACTICE,G84003,11895,51.4197934854754,0.0148079044427856,eConsult,eConsult,eConsult
STOCK HILL SURGERY,G84004,9486,51.3121943992553,0.0314134449415539,Accurx,Accurx,Accurx
DERRY DOWNS SURGERY,G84005,5250,51.3857425691529,0.116533776070464,Accurx,Accurx,Accurx
SUMMERCROFT SURGERY,G84006,9623,51.3677664605773,0.0594733674912405,Accurx,Accurx,Accurx
POVEREST MEDICAL CENTRE,G84007,8040,51.3896779254345,0.103750376584966,Accurx,,Accurx
MANOR ROAD SURGERY,G84008,6314,51.4072974004507,-0.0239750373545159,Accurx,Accurx,Accurx
FAMILY SURGERY,G84009,4309,51.3553268318551,0.0900683016317306,Accurx,Accurx,Accurx
THE CHISLEHURST PARTNERSHIP,G84010,23601,51.4189037851175,0.0674381049263294,Accurx,Accurx,Accurx
EDEN PARK SURGERY,G84011,8303,51.3993350111252,-0.0414261231421429,Accurx,Accurx,Accurx
ST MARY CRAY PRACTICE,G84013,4372,51.3864483743961,0.113303759191023,Accurx,Accurx,Accurx
STATION ROAD SURGERY,G84015,10560,51.3770808071803,-0.0148874996394938,eConsult,eConsult,eConsult
LONDON LANE CLINIC,G84016,13106,51.4147730687696,0.0097118810100612,eConsult,eConsult,eConsult
ADDINGTON ROAD SURGERY,G84017,8748,51.3699670692537,-0.002695720717364,Accurx,Accurx,Accurx
CORNERWAYS SURGERY,G84018,7558,51.407045876099,-0.0202617665818104,Accurx,,Accurx
BROOMWOOD HEALTH CENTRE,G84019,11107,51.4027183221338,0.108719619933673,eConsult,eConsult,eConsult
CHELSFIELD SURGERY,G84020,9123,51.3559798036726,0.103326388907393,Accurx,Accurx,Accurx
SOUTHBOROUGH LANE SURGERY,G84023,9991,51.3880794147511,0.038509635508383,Accurx,Accurx,Accurx
BROMLEY COMMON PRACTICE,G84024,9773,51.3880794147511,0.038509635508383,Accurx,Accurx,Accurx
THE PARK PRACTICE,G84025,9114,51.4132496048367,-0.063236620760096,Accurx,Accurx,Accurx
ELM HOUSE SURGERY,G84027,32990,51.4048726186399,-0.0327208204108728,Anima,Patchs,Patchs
ST JAMES' PRACTICE,G84028,7125,51.3992376542573,-0.0436729896263064,Accurx,Accurx,Accurx
ROBIN HOOD SURGERY,G84029,3639,51.4097876485303,-0.0578180123769174,Accurx,,Accurx
FORGE CLOSE SURGERY,G84030,6847,51.3771373220879,0.0165553749834112,Accurx,Accurx,Accurx
KNOLL MEDICAL PRACTICE,G84032,14388,51.3754097210313,0.101041344094616,Accurx,,Accurx
PICKHURST SURGERY,G84033,8693,51.3780324916038,0.0105162975609214,eConsult; Engage GP,eConsult,eConsult
TUDOR WAY SURGERY,G84035,8605,51.3889856733188,0.07905390753165,Accurx,Accurx,Accurx
NORHEADS LANE SURGERY,G84039,3804,51.3148664328482,0.0271977610485579,Accurx,Accurx,Accurx
BALLATER SURGERY,G84040,10652,51.3821996950027,0.0950002175175592,Accurx,Accurx,Accurx
GILLMANS ROAD SURGERY,G84041,4202,51.3777458348756,0.110661183132993,Accurx,Accurx,Accurx
HIGHLAND ROAD SURGERY,G84604,8760,51.4114964900605,0.0067496522064125,Accurx,Accurx,Accurx
WICKHAM PARK SURGERY,G84607,5437,51.3768242943093,-0.0231178637141462,eConsult,Accurx,Accurx
BANK HOUSE SURGERY,G84609,3445,51.3591893719984,0.0700626898670798,Accurx,Accurx,Accurx
WHITEHOUSE SURGERY,G84621,4122,51.3852859975431,0.076212984376585,Accurx,Accurx,Accurx
ANERLEY SURGERY,G84624,2468,51.4090252747246,-0.0606542957718385,Accurx,,Accurx
OAKFIELD SURGERY,G84625,7599,51.4132496048367,-0.063236620760096,Accurx,Accurx,Accurx
GREEN STREET GREEN MED CT,G84627,7028,51.3541684446218,0.0899724891829684,Accurx,Accurx,Accurx
SUNDRIDGE MEDICAL CENTRE,G84629,6510,51.4145774883482,0.016908310999712,Accurx,,Accurx
CRESCENT SURGERY,G84630,2871,51.3903279602226,0.106611839376959,Accurx,Accurx,Accurx
FOREST HILL GROUP PRACTICE,G85001,10254,51.4536168469243,-0.0615429622313268,Accurx,Accurx,Accurx
STREATHAM HIGH PRACTICE,G85002,23791,51.4324628317359,-0.126603077340744,Evergreen Health,Evergreen Health,Evergreen Health
MODALITY LEWISHAM (ML),G85004,34775,51.442416998266,-0.0418282567295178,Klinik,,Klinik
THE ACORN & GAUMONT HOUSE SURGERY,G85006,8913,51.4741675235535,-0.0671374128557504,Accurx,,Accurx
CLAPHAM FAMILY PRACTICE,G85011,19429,51.463162412528,-0.133524772079177,Accurx,,Accurx
CAMBERWELL GREEN SURGERY,G85013,9092,51.4742836875289,-0.0934554408308344,Accurx,Accurx,Accurx
STREATHAM COMMON PRACTICE,G85014,12170,51.4164036339488,-0.12839586185566,Accurx,Accurx,Accurx
THE QRP SURGERY,G85015,8787,51.4743958661902,-0.0472702489339644,Accurx,Accurx,Accurx
HERNE HILL GROUP PRACTICE,G85016,14782,51.4556892967311,-0.0991386576740374,Accurx,Accurx,Accurx
TRAFALGAR SURGERY,G85019,2810,51.486390369806,-0.0743553442777,Accurx,,Accurx
KINGFISHER MEDICAL CENTRE,G85020,15772,51.4818860524384,-0.0305604501920232,Accurx,Accurx,Accurx
PRENTIS MEDICAL CENTRE,G85021,4806,51.4306242441132,-0.130289178728677,Accurx,Accurx,Accurx
NORTH WOOD GROUP PRACTICE,G85022,15799,51.4227734437342,-0.100634222307472,Accurx,Accurx,Accurx
LEWISHAM MEDICAL CENTRE,G85023,13974,51.4585151487393,0.0043920878764457,Accurx,Accurx,Accurx
SYDENHAM GREEN GROUP PRACTICE,G85024,14445,51.4291809752428,-0.0392149750048219,Klinik,Klinik,Klinik
BRIXTON HILL GROUP PRACTICE,G85025,12840,51.45234408929,-0.120334415114044,Accurx,Accurx,Accurx
CLIFTON RISE FAMILY PRACTICE,G85026,4307,51.4763342389018,-0.0314332285907115,Accurx,Accurx,Accurx
STOCKWELL GROUP PRACTICE,G85028,12565,51.4680366109113,-0.117558689679901,Accurx,Accurx,Accurx
FALMOUTH ROAD GROUP PRACTICE,G85029,16943,51.4967207886418,-0.0933021942238551,Evergreen Health,Evergreen Health,Evergreen Health
PARKSIDE MEDICAL CENTRE,G85030,6001,51.4758261849093,-0.0926423072294559,Evergreen Health,askmyGP,askmyGP
DMC CHADWICK ROAD,G85031,6831,51.4682328710443,-0.0754492216810808,Accurx,Accurx,Accurx
TORRIDON ROAD MEDICAL PRACTICE,G85032,11688,51.4401100879154,-0.0021119875420361,Accurx,Accurx,Accurx
NEXUS HEALTH GROUP,G85034,75339,51.4956171786515,-0.101958467590852,Accurx,Accurx,Accurx
THE LEWISHAM CARE PARTNERSHIP,G85038,51928,51.4669201262511,-0.0213569672658299,Accurx,Accurx,Accurx
PAXTON GREEN GROUP PRACTICE,G85039,19402,51.4284222244734,-0.0863454449914011,Accurx,,Accurx
QUEENS ROAD SURGERY,G85040,13813,51.4750962316763,-0.0640165245320384,Evergreen Health,,Evergreen Health
PALACE ROAD SURGERY,G85041,8048,51.4440183291811,-0.121050308547197,Accurx,Accurx,Accurx
ST GILES SURGERY,G85042,6725,51.4745460080289,-0.084170952611692,Accurx,Accurx,Accurx
VALLEY ROAD SURGERY,G85044,5676,51.4286159175564,-0.119423871437209,Accurx,Accurx,Accurx
HETHERINGTON GROUP PRACTICE,G85045,7869,51.4612061965618,-0.128478151486783,Accurx,Accurx,Accurx
LEE ROAD SURGERY,G85046,12096,51.4623143600654,0.009395698006709,Accurx,Accurx,Accurx
Knights Hill Surgery Suite 1,G85047,11289,51.432764922566,-0.105968647346122,Accurx,,Accurx
ELM LODGE SURGERY,G85051,9176,51.4521599071897,-0.0961044414860905,Accurx,Accurx,Accurx
OLD KENT ROAD SURGERY,G85052,10328,51.4904141395497,-0.0811866025225405,Accurx,Accurx,Accurx
HURLEY AND RIVERSIDE PRACTICES,G85053,23133,51.4906677010534,-0.106744824731968,eConsult,eConsult,eConsult
LAMBETH WALK GROUP PRACTICE,G85054,7282,51.495608932797,-0.112590829497209,Accurx,Accurx,Accurx
ASHDOWN MEDICAL GROUP,G85057,12756,51.4260724114428,0.012077655541289,Accurx; Anima,,Unknown
WOOLSTONE MEDICAL CENTRE,G85061,9690,51.4389265774175,-0.0347687558036633,Accurx,Accurx,Accurx
VASSALL MEDICAL CENTRE,G85073,7266,51.4775580510594,-0.108511800784128,Accurx,Accurx,Accurx
NEW CROSS CENTRE (HURLEY GROUP),G85076,9456,51.4770159338516,-0.0318647031599418,eConsult,eConsult,eConsult
SANDMERE PRACTICE,G85083,12618,51.4626238019266,-0.128276195336507,Accurx,,Accurx
PENROSE SURGERY,G85084,15941,51.4871983643733,-0.0974107814555303,Accurx,Accurx,Accurx
GROVE MEDICAL CENTRE,G85085,13141,51.4902555829551,-0.0352271148970328,Klinik,Klinik,Klinik
THE SOUTH LAMBETH RD PRACTICE,G85086,11006,51.4761084328955,-0.105058075880747,Accurx,Accurx,Accurx
SILVERLOCK MEDICAL CENTRE,G85087,17226,51.4859666322512,-0.0633688758898991,Evergreen Health,Evergreen Health,Evergreen Health
THE THREE ZERO SIX MEDICAL CENTRE,G85091,6742,51.4505039791744,-0.07619673872565,Accurx,Accurx,Accurx
THE VALE SURGERY,G85096,10578,51.4173409339326,-0.136425792865389,Accurx,Accurx,Accurx
BECKETT HOUSE PRACTICE,G85100,8529,51.4694904713566,-0.123546123307216,Accurx,Accurx,Accurx
GRAY'S INN MEDICAL GROUP VAUXHALL,G85102,9505,51.4898004770877,-0.118232478692269,Accurx,eConsult,eConsult
ICO HEALTH GROUP,G85104,9897,51.4261100829659,0.0119786162882248,,,Unknown
VESTA ROAD SURGERY,G85105,6622,51.4685356364119,-0.0425963186280599,Accurx,Accurx,Accurx
CLAPHAM PARK GROUP PRACTICE,G85109,21251,51.4519076048469,-0.135234417965411,Accurx,Accurx,Accurx
WELLS PARK PRACTICE,G85114,13007,51.4305849672632,-0.0603600659297634,Accurx,Accurx,Accurx
STERNHALL LANE SURGERY,G85119,6433,51.4667426307555,-0.0673216234456641,eConsult,eConsult,eConsult
TRIANGLE GROUP PRACTICE,G85120,6518,51.4580652855775,-0.0119658270427215,Accurx,Accurx,Accurx
PARKVIEW SURGERY,G85121,10066,51.4449092940067,-0.0088100785335393,Accurx; Anima,Accurx,Accurx
BINFIELD ROAD SURGERY,G85123,10058,51.4726215216494,-0.123648035488468,Accurx,Accurx,Accurx
PARK MEDICAL CENTRE,G85125,6109,51.4924024147367,-0.0496268836662856,Accurx,Accurx,Accurx
THE CORNER SURGERY,G85127,6406,51.4695773799895,-0.0960273699674354,Accurx,Accurx,Accurx
THE DEERBROOK SURGERY,G85129,7634,51.4384832714045,-0.106169657535641,Accurx,eConsult,eConsult
MAWBEY GROUP PRACTICE,G85130,10141,51.4796608136081,-0.125778590763825,Accurx,Accurx,Accurx
TESSA JOWELL GP SURGERY,G85132,15581,51.4592393333986,-0.0805346305498264,Evergreen Health,,Evergreen Health
THE LISTER PRIMARY CARE CENTRE,G85134,8873,51.4745491021044,-0.0755740580438567,Accurx,Accurx,Accurx
MINET GREEN HEALTH PRACTICE,G85135,11693,51.4757150893754,-0.105207867678211,Accurx,Accurx,Accurx
WATERLOO HEALTH CENTRE,G85136,15368,51.5006581016178,-0.113419614035134,Accurx,Accurx,Accurx
BROCKWELL PARK SURGERY,G85137,8719,51.4486702489117,-0.101617734985364,Accurx,Accurx,Accurx
ALBION STREET GROUP PRACTICE,G85138,14857,51.5010072721664,-0.0506427208693624,Accurx,Accurx,Accurx
BERMONDSEY SPA MEDICAL CENTRE,G85623,10861,51.4970048802697,-0.0691591568469157,Accurx,Accurx,Accurx
THE VILLA STREET MEDICAL CENTRE,G85632,9156,51.48656466992,-0.0883052114654834,Accurx,Accurx,Accurx
NOVUM HEALTH PARTNERSHIP,G85633,20417,51.4493193740992,-0.0180450488487926,Accurx,Accurx,Accurx
BLACKFRIARS MEDICAL PRACTICE,G85642,9548,51.5053638877473,-0.10577548730341,Accurx,Accurx,Accurx
THE GARDENS SURGERY,G85644,6217,51.4606100841356,-0.0668033497297112,Accurx,Accurx,Accurx
THE EXCHANGE SURGERY,G85647,7591,51.4324628317359,-0.126603077340744,Accurx,Accurx,Accurx
THE DULWICH MEDICAL CENTRE,G85651,6870,51.4558109986114,-0.0713531246889054,Accurx,Accurx,Accurx
THE STREATHAM HILL GROUP PRACTICE,G85662,7432,51.4372418594988,-0.12632640205995,Accurx,Accurx,Accurx
SPRINGFIELD MEDICAL CENTRE,G85673,6948,51.4705771537495,-0.133033409375186,Accurx,Accurx,Accurx
GRAFTON SQUARE SURGERY,G85674,7238,51.464731295647,-0.139779343074817,Accurx; Silicon Health FootFall,Accurx,Accurx
THE LORDSHIP LANE SURGERY,G85681,4742,51.4483688068131,-0.0732210550806895,Accurx,Accurx,Accurx
THE NUNHEAD SURGERY,G85685,9398,51.4636916296012,-0.0578222623884194,Accurx,Accurx,Accurx
HERNE HILL ROAD MEDICAL PRACTICE,G85690,7173,51.4651738475974,-0.100083452689707,Accurx,Accurx,Accurx
AKERMAN MEDICAL PRACTICE,G85695,7094,51.4757150893754,-0.105207867678211,Accurx,Accurx,Accurx
VALE MEDICAL CENTRE,G85696,17557,51.435664372971,-0.0434982760007294,Klinik,Klinik,Klinik
AMERSHAM VALE TRAINING PRACTICE,G85698,16033,51.4770159338516,-0.0318647031599418,Klinik,Klinik,Klinik
THE NEW MILL STREET SURGERY,G85705,7133,51.500917788333,-0.0713368479661945,Accurx,Accurx,Accurx
THE OLD DAIRY HEALTH CENTRE,G85706,5988,51.43678138645,-0.0910229941874278,Accurx,Accurx,Accurx
DR CURRAN & PARTNERS,G85708,10226,51.4653792546787,-0.136412900933401,Accurx,Accurx,Accurx
DEPTFORD SURGERY,G85711,11456,51.4747061271259,-0.0265928947280497,Accurx,Accurx,Accurx
THE LISTER PRACTICE,G85715,11528,51.4745491021044,-0.0755740580438567,Evergreen Health,Evergreen Health,Evergreen Health
OAKVIEW FAMILY PRACTICE,G85716,6411,51.4299173046715,0.0081177744789774,Accurx; Anima,Accurx,Accurx
EAST STREET,G85721,6638,51.4903544539611,-0.0824855514189106,Accurx,Accurx,Accurx
WOODLANDS HEALTH CENTRE,G85722,11419,51.4499644364642,-0.0051791545817228,Accurx,Accurx,Accurx
EDITH CAVELL PRACTICE,G85724,19591,51.4411544539264,-0.124650216072597,Evergreen Health,Evergreen Health,Evergreen Health
BRUNSWICK PARK FAMILY PRACTICE,G85726,7528,51.4745460080289,-0.084170952611692,Accurx,Accurx,Accurx
NIGHTINGALE SURGERY,G85727,7382,51.4532000293304,0.0112408042937494,Accurx,Accurx,Accurx
DEPTFORD MEDICAL CENTRE,G85736,4415,51.4745346374724,-0.0270898973123836,Accurx,Accurx,Accurx
KNOWLE GREEN MEDICAL,H81002,8434,51.429028497923,-0.501118663786281,Accurx; Rapid Health,Rapid Health,Rapid Health
SUNBURY GROUP PRACTICE,H81003,19195,51.4129484059303,-0.418844951453332,Accurx,Accurx,Accurx
SHEPPERTON MEDICAL PRACTICE,H81004,12448,51.3964017022012,-0.45315308807782,Accurx; Rapid Health,Accurx,Accurx
POND TAIL SURGERY,H81005,6542,51.2461593461214,-0.0673988156420653,Accurx,Accurx,Accurx
AUSTEN ROAD SURGERY,H81006,8612,51.2379108933742,-0.558206385720778,Accurx,,Accurx
STUDHOLME MEDICAL CENTRE,H81009,16402,51.4333290249062,-0.462408274223683,Accurx,Accurx,Accurx
GUILDOWNS GROUP PRACTICE,H81010,24621,51.2434299791354,-0.612332418263235,Accurx,Accurx,Accurx
NORK CLINIC,H81011,8562,51.3260784714423,-0.216414914251021,Accurx,,Accurx
BARTLETT GROUP PRACTICE,H81013,28408,51.3027351339536,-0.725506966093469,Rapid Health,Rapid Health,Rapid Health
CHOBHAM & WEST END MEDICAL PRACTICE,H81015,10610,51.3509260501635,-0.602625691736656,Accurx,,Accurx
FAIRFIELD MEDICAL CENTRE,H81016,10168,51.2780240514145,-0.376023244757772,Accurx,Accurx,Accurx
ASHLEA MEDICAL PRACTICE,H81017,19953,51.3135223820242,-0.304029718656694,Accurx,Accurx,Accurx
SUNNY MEED SURGERY,H81019,14170,51.3153470834694,-0.553298043218134,Accurx; Anima,,Unknown
FORT HOUSE SURGERY,H81020,13597,51.379997922279,-0.406056381817575,Accurx,Accurx,Accurx
THE MILL MEDICAL PRACTICE,H81021,16998,51.1907407233074,-0.596299307799277,Accurx,Accurx,Accurx
CHIDDINGFOLD SURGERY,H81022,5260,51.1135012682976,-0.641800264057335,Accurx,Accurx,Accurx
LINGFIELD SURGERY,H81023,11341,51.1733891178658,-0.017496773796668,Accurx,,Accurx
GOLDSWORTH PARK HEALTH CENTRE,H81024,12839,51.3188253735973,-0.591518292635817,Accurx,,Accurx
ST JOHN'S FAMILY PRACTICE,H81025,11444,51.3119596651352,-0.597883856833175,Accurx,,Accurx
BINSCOMBE MEDICAL CENTRE,H81026,11603,51.2031520031713,-0.614544978977193,Accurx,Accurx,Accurx
FARNHAM PARK HEALTH GROUP,H81027,15622,51.2207579797565,-0.784377018911893,Rapid Health,Rapid Health,Rapid Health
DORKING MEDICAL PRACTICE,H81028,11252,51.2285260725264,-0.335514757370052,Accurx,Accurx,Accurx
DAPDUNE HOUSE SURGERY,H81029,12684,51.241524305153,-0.577193587881103,Accurx,,Accurx
THE HOUSE PARTNERSHIP,H81030,28610,51.2404160616385,-0.175733601241039,Accurx,,Accurx
WITLEY SURGERY,H81031,11228,51.1561686246765,-0.650143064961041,,Accurx,Accurx
HEATHCOT MEDICAL PRACTICE,H81032,17232,51.3154700731246,-0.555977490285379,Accurx,Accurx,Accurx
CHERTSEY HEALTH CENTRE,H81033,22912,51.3879646520774,-0.496510675424415,Accurx,,Accurx
MADEIRA MEDICAL,H81034,8830,51.3380633837882,-0.506140241167868,Rapid Health,Accurx,Accurx
MERROW PARK SURGERY,H81035,11602,51.2513892623281,-0.53061650074465,Accurx,Accurx,Accurx
PARISHES BRIDGE MED.PRACT,H81036,9829,51.3380633837882,-0.506140241167868,Rapid Health,Accurx,Accurx
LITTLETON SURGERY,H81038,3505,51.3688494649152,-0.365097542991437,Accurx,,Accurx
PARK HOUSE SURGERY,H81039,6402,51.3620545575728,-0.693467935132552,Rapid Health,,Rapid Health
STATION ROAD SURGERY,H81040,9137,51.3132522075948,-0.745977691831665,Rapid Health,Accurx,Accurx
SOUTHVIEW MEDICAL PRACTICE,H81041,10609,51.3136470064242,-0.559822778818461,Accurx,Accurx,Accurx
CROUCH OAK FAMILY PRACTICE,H81042,16818,51.3715066586673,-0.490757096540818,Accurx,Accurx,Accurx
WONERSH SURGERY,H81043,10518,51.1969304218045,-0.546447247230271,Accurx,Accurx,Accurx
SPRINGFIELD SURGERY,H81044,4750,51.1841274381589,-0.700278428674064,Accurx,,Accurx
CATERHAM VALLEY MEDICAL PRACTICE,H81045,10719,51.2801485402116,-0.0780747266690272,Accurx,,Accurx
WAYSIDE MEDICAL PRACTICE,H81046,7211,51.1732384410371,-0.165911516722035,Rapid Health,Rapid Health,Rapid Health
RUNNYMEDE MEDICAL PRACTICE,H81047,12021,51.4295902653596,-0.573528958112147,eConsult,eConsult,eConsult
HOLMHURST MEDICAL CENTRE,H81048,10591,51.2518186261133,-0.15391625422234,Accurx,Accurx,Accurx
WEY FAMILY PRACTICE,H81050,12241,51.3380633837882,-0.506140241167868,Rapid Health,Accurx,Accurx
DERBY MEDICAL CENTRE,H81051,14037,51.3342410815986,-0.266543812897102,Accurx; Blinx,Accurx,Accurx
CRANLEIGH MEDICAL PRACTICE,H81052,17890,51.1402800815663,-0.487116155232612,Accurx; Engage GP,Accurx,Accurx
VILLAGES MEDICAL CTR,H81053,8914,51.2855176383733,-0.522199956518512,Accurx,Accurx,Accurx
HAWTHORNS SURGERY,H81055,8723,51.24073686557,-0.176122054435491,Accurx,,Accurx
OXTED HEALTH CENTRE,H81056,16870,51.2574770372633,0.0003074237412459,Accurx,Accurx,Accurx
FORDBRIDGE MEDICAL CENTRE,H81057,7848,51.4312686862256,-0.463009708073889,Rapid Health,Rapid Health,Rapid Health
WOODLANDS ROAD MEDICAL CENTRE,H81058,10297,51.2314318492118,-0.171677229129166,Accurx,,Accurx
HILLVIEW MEDICAL CENTRE,H81061,15407,51.3155006241274,-0.557727144115605,Accurx; Anima,,Unknown
HASLEMERE HEALTH CENTRE,H81062,19014,51.0921071256618,-0.707586026134004,Accurx,Accurx,Accurx
FAIRLANDS MEDICAL PRACTICE,H81064,14030,51.2631426974892,-0.622345263132652,Accurx,,Accurx
HERSHAM SURGERY,H81065,9934,51.3641164634839,-0.400057478158644,Rapid Health,,Rapid Health
GROVE MEDICAL CENTRE,H81066,14845,51.43118994843,-0.545643179078805,Accurx,Accurx,Accurx
COBHAM HEALTH CENTRE,H81067,13037,51.3345210935345,-0.408552732000005,Accurx,Accurx,Accurx
BROCKWOOD MEDICAL PRACTICE,H81068,12000,51.2217232564074,-0.282931960874198,Accurx,Accurx,Accurx
PARK ROAD GROUP PRACTICE,H81069,22620,51.3339054977819,-0.744969374830886,Rapid Health,eConsult,eConsult
HEATHCOTE MEDICAL CENTRE,H81070,11874,51.2924471805732,-0.22597977059212,Accurx,Accurx,Accurx
ASHLEY CENTRE SURGERY,H81071,11096,51.3325353202544,-0.266662550464674,Accurx; Blinx,Accurx,Accurx
MEDWYN SURGERY,H81072,14124,51.2347782737037,-0.324330923778272,Accurx,Accurx,Accurx
PHOENIX FAMILY PRACTICE,H81073,24588,51.3734508694854,-0.459803001841804,Accurx,Accurx,Accurx
ST STEPHENS HOUSE SURGERY,H81074,6589,51.3177195058346,-0.30572613653452,Accurx,Accurx,Accurx
UPPER GORDON ROAD SURGERY,H81075,11075,51.3359734915203,-0.741596806799596,Rapid Health,Rapid Health,Rapid Health
GRAYSHOTT SURGERY,H81076,12287,51.1100928108674,-0.745626329058515,Accurx,,Accurx
SHERESURGERYANDDISPENSARY,H81077,8147,51.2201780690693,-0.460112107075671,Accurx,Accurx,Accurx
GLENLYN MEDICAL CENTRE,H81078,16140,51.3973815857189,-0.357956709451206,Accurx,Accurx,Accurx
LONGCROFT CLINIC,H81080,10372,51.3253135438253,-0.192331726912092,Accurx,,Accurx
TADWORTH MEDICAL CENTRE,H81081,9685,51.3008707673343,-0.23951251121795,Accurx,,Accurx
CAMBERLEY HEALTH CENTRE,H81082,9673,51.3244349335212,-0.754068585483105,Rapid Health,Rapid Health,Rapid Health
THE HORSLEY MEDICAL PRACTICE,H81084,10615,51.27699165306,-0.438284379605922,Accurx,,Accurx
ST. LUKE'S SURGERY,H81085,11419,51.2361157620921,-0.558384683990189,Accurx,Accurx,Accurx
THORKHILL SURGERY,H81086,4776,51.3848468577938,-0.326860389464918,Accurx,Accurx,Accurx
ST DAVID'S FAMILY PRACTICE,H81087,15522,51.4526304291884,-0.477065521162566,Accurx,Accurx,Accurx
CENTRAL SURGERY,H81088,14486,51.2129047509925,-0.798900864465841,eConsult,eConsult,eConsult
THE WALL HOUSE SURGERY,H81089,22415,51.2413041833465,-0.208191503810004,Accurx,,Accurx
WOODBRIDGE HILL SURGERY,H81090,17177,51.2489495406957,-0.588341456294271,Accurx,,Accurx
SPRING STREET SURGERY,H81091,14847,51.3503780930809,-0.252306655463656,Accurx; Blinx,,Unknown
THE RED PRACTICE WALTON,H81094,10647,51.3809237034155,-0.406024223239529,Accurx,Accurx,Accurx
THE YELLOW PRACTICE,H81095,3493,51.3809237034155,-0.406024223239529,Accurx,Accurx,Accurx
ESHER GREEN SURGERY,H81099,13945,51.37578174019,-0.370195652409593,Accurx,Accurx,Accurx
EASTWICK PARK MED.PRACT.,H81103,8373,51.2822830954682,-0.369305694279865,Accurx,Accurx,Accurx
STANWELL ROAD SURGERY,H81104,8498,51.4380128211415,-0.470567155008842,Accurx; Rapid Health,,Unknown
OXSHOTT MEDICAL PRACTICE,H81107,8030,51.3330987858369,-0.360842781083403,Accurx,,Accurx
CAPELFIELD SURGERY,H81109,7771,51.3616034988265,-0.339026342997921,Accurx,Accurx,Accurx
HOLLY TREE SURGERY,H81110,6471,51.1882884721722,-0.809929419597341,Anima,Anima,Anima
VIRGINIA WATER MEDICAL PRACTICE,H81111,6076,51.4033673769755,-0.568234780870918,Accurx,,Accurx
LEITH HILL PRACTICE,H81113,7946,51.15014643932,-0.32300841061829,Accurx,Accurx,Accurx
ELIZABETH HOUSE MEDICAL PRACTICE,H81116,5991,51.3080618440094,-0.0492175257017867,Accurx,,Accurx
WARLINGHAM GREEN MED PRAC,H81119,21952,51.3122776261765,-0.0572176993336231,Accurx,Accurx,Accurx
HYTHE MEDICAL CENTRE SURGERY,H81122,8903,51.4288479270468,-0.523737543966769,Accurx; Rapid Health,,Unknown
SHEERWATER HEALTH CENTRE,H81123,3558,51.3339040104933,-0.531353758749715,Accurx,,Accurx
TATTENHAM HEALTH CENTRE,H81126,8045,51.3104168024335,-0.239233276996073,Accurx,,Accurx
VINE MEDICAL CENTRE,H81128,8859,51.4021408276825,-0.35811693548834,Accurx,Accurx,Accurx
PIRBRIGHT SURGERY,H81129,4748,51.296312661929,-0.645456050115285,Accurx,,Accurx
LIGHTWATER SURGERY,H81130,15680,51.3518939141677,-0.663515733386229,Rapid Health,Rapid Health,Rapid Health
THE WHITE PRACTICE,H81131,4344,51.3809237034155,-0.406024223239529,Accurx,,Accurx
INTEGRATED CARE PARTNERSHIP - OCH,H81133,30977,51.3521026237069,-0.252169230622476,Accurx,Accurx,Accurx
STAINES HEALTH GROUP,H81134,13075,51.429028497923,-0.501118663786281,Accurx; Rapid Health,Rapid Health,Rapid Health
FARNHAM DENE MEDICAL PRACTICE,H81615,14633,51.2002724250084,-0.775655593533815,Rapid Health,,Rapid Health
MOLEBRIDGE PRACTICE,H81618,6082,51.2949977418252,-0.349348542700597,Accurx,Accurx,Accurx
THE ORCHARD SURGERY,H81632,3019,51.4285821568867,-0.452239295375738,Accurx,,Accurx
MODALITY EAST SURREY MEDICAL PRACTICE,H81638,38090,51.1722624466818,-0.118055760530315,Accurx; Rapid Health,,Unknown
THE PRACTICE COLLEGE ROAD,H81641,4020,51.3222965390581,-0.54012009120576,Accurx,,Accurx
UPPER HALLIFORD MEDICAL CENTRE,H81642,4371,51.4109923243353,-0.431206785013741,Accurx,,Accurx
MAYBURY SURGERY,H81643,3990,51.3256008895616,-0.539010506979995,Accurx,,Accurx
FOUNTAIN PRACTICE,H81644,8412,51.3513202877983,-0.252773438493475,Accurx; Blinx,Accurx,Accurx
SHADBOLT PARK HOUSE SURG,H81656,7058,51.3764505992741,-0.252506503098619,Accurx; Blinx,,Unknown
NEW OTTERSHAW SURGERY,H81658,6357,51.3623375277209,-0.525603888778945,Accurx,Accurx,Accurx
ASHLEY MEDICAL PRACTICE,H81663,3552,51.3806635930932,-0.413361896375301,Accurx,Accurx,Accurx
LANTERN SURGERY,H81672,6203,51.374810163851,-0.338792686167891,Rapid Health,Patchs,Patchs
MEADOWS SURGERY,H82003,10851,50.9622856131004,-0.150323834368092,eConsult,,eConsult
COWFOLD SURGERY,H82004,5040,50.9888226543565,-0.273045450511648,Rapid Health,Rapid Health,Rapid Health
CUCKFIELD MEDICAL CENTRE,H82005,12950,51.008919478965,-0.136506492254188,SystmConnect,,SystmConnect
THE PETWORTH SURGERY,H82006,6005,50.9833642585378,-0.607129710416639,Accurx,Accurx,Accurx
WESTCOURT MEDICAL CENTRE,H82007,12671,50.8121816363594,-0.515057372921889,Rapid Health,Rapid Health,Rapid Health
ST. LAWRENCE SURGERY,H82009,16651,50.8234557735714,-0.391347554511232,eConsult,eConsult,eConsult
STRAND MEDICAL GROUP,H82011,15786,50.8184632269511,-0.410939984915581,Klinik,Klinik,Klinik
LEACROFT MEDICAL PRACTICE,H82012,15417,51.1275249966457,-0.197858138486306,SystmConnect,,SystmConnect
LANGLEY HOUSE SURGERY,H82013,13611,50.8370587416691,-0.783280136969695,Rapid Health,Rapid Health,Rapid Health
COPPICE SURGERY,H82014,13496,50.8133777018966,-0.501690464703819,SystmConnect,SystmConnect,SystmConnect
BERSTED GREEN SURGERY,H82016,12899,50.7983018897023,-0.681706961161501,Accurx,Accurx,Accurx
PARK SURGERY,H82017,19712,51.0643540435254,-0.327380646634217,Evergreen Health,Evergreen Health,Evergreen Health
BOGNOR MEDICAL CENTRE,H82020,9474,50.7836286446245,-0.677239725805617,SystmConnect,,SystmConnect
ARUNDEL SURGERY,H82021,6680,50.8528805583086,-0.567268313922122,eConsult,eConsult,eConsult
STEYNING HEALTH CENTRE,H82022,11718,50.8903257745666,-0.328848647486593,SystmConnect,SystmConnect,SystmConnect
ADUR HEALTH PARTNERSHIP,H82023,36307,50.8338173452499,-0.274370184988871,eConsult,eConsult,eConsult
WOODLANDS&CLERKLANDS PARTNERSHIP,H82025,17191,51.1020961708451,-0.182697946435751,Rapid Health,Accurx,Accurx
SAXONBROOK MEDICAL CENTRE,H82026,19721,51.1077645792226,-0.153604792406091,SystmConnect,SystmConnect,SystmConnect
RUDGWICK MEDICAL CENTRE,H82027,3995,51.0896670220833,-0.450785656375917,SystmConnect,SystmConnect,SystmConnect
THE COURTYARD SURGERY HORSHAM,H82028,15718,51.065487977877,-0.328966087068508,eConsult; SystmConnect,SystmConnect,SystmConnect
PULBOROUGH MEDICAL GROUP,H82030,13388,50.9609983494167,-0.508862233161454,eConsult,eConsult,eConsult
LOXWOOD SURGERY,H82031,7030,51.0721969671379,-0.514530689343509,eConsult,Patchs,Patchs
RIVERBANK MEDICAL CENTRE,H82032,12927,50.9932521563071,-0.735640491760264,Accurx,Accurx,Accurx
GOSSOPS GREEN MEDICAL CTR,H82033,7212,51.1072521234471,-0.216480244218167,eConsult,eConsult,eConsult
LIME TREE SURGERY,H82034,27900,50.8472679105249,-0.39578467452833,SystmConnect,SystmConnect,SystmConnect
LINDFIELD MEDICAL CENTRE,H82035,10768,51.0130242945263,-0.0817400601100944,SystmConnect,SystmConnect,SystmConnect
ORCHARD SURGERY,H82036,8820,51.0621534948488,-0.333180097986038,SystmConnect,SystmConnect,SystmConnect
SELSEY MEDICAL PRACTICE,H82037,12550,50.7347900100876,-0.791868941192893,Accurx,Accurx,Accurx
FLANSHAM PARK HEALTH CENTRE,H82038,12889,50.7948550187393,-0.629205018832236,eConsult,eConsult,eConsult
PARK SURGERY,H82039,11195,50.8087587031018,-0.53167287646204,SystmConnect,SystmConnect,SystmConnect
MODALITY MID SUSSEX,H82040,28539,51.1241084715311,-0.0779277547394046,Rapid Health,Accurx,Accurx
VICTORIA ROAD SURGERY,H82041,14108,50.8165278503218,-0.376835944317132,Accurx,Accurx,Accurx
CATHEDRAL MEDICAL GROUP,H82042,14171,50.8321851095724,-0.776448709009447,Accurx,Accurx,Accurx
GROVE HOUSE SURGERY,H82043,11183,50.7817657166491,-0.718202007251864,eConsult; SystmConnect,eConsult,eConsult
DOLPHINS PRACTICE,H82044,10571,51.0002011043238,-0.116075808600685,SystmConnect,,SystmConnect
WORTHING MEDICAL GROUP,H82045,20567,50.8114026789481,-0.377552976512918,Accurx,Accurx,Accurx
BROADWATER MEDICAL CENTRE,H82046,11673,50.8277090540209,-0.375085070742867,SystmConnect,SystmConnect,SystmConnect
BRIDGE MEDICAL CENTRE,H82047,13100,51.1173642820993,-0.16643889903456,SystmConnect,,SystmConnect
AVISFORD MEDICAL GROUP,H82048,12087,50.8220862424691,-0.613245084329316,Accurx; SystmConnect,Accurx,Accurx
PARKLANDS SURGERY,H82049,10444,50.8376053608349,-0.788279193616279,Accurx,Accurx,Accurx
IFIELD MEDICAL PRACTICE,H82050,10993,51.1212146857857,-0.211950384255003,Accurx,Accurx,Accurx
LAVANT ROAD SURGERY,H82051,12617,50.8533845514908,-0.781051215457723,Rapid Health; SystmConnect,SystmConnect,SystmConnect
POUND HILL MEDICAL GROUP,H82052,16899,51.1188167484065,-0.156436363273191,Accurx,Accurx,Accurx
FURNACE GREEN SURGERY,H82053,7071,51.1070819340129,-0.172545624873903,eConsult,eConsult,eConsult
BILLINGSHURST SURGERY,H82055,13931,51.0249818322019,-0.445794529974218,eConsult; SystmConnect,eConsult,eConsult
NEWTONS PRACTICE,H82056,14904,51.000678583225,-0.103899015473208,Accurx,Accurx,Accurx
MID SUSSEX HEALTH CARE,H82057,22511,50.9337186608217,-0.175278940995929,SystmConnect,SystmConnect,SystmConnect
MAYWOOD HEALTH CARE CENTRE,H82058,17971,50.7872388350283,-0.691948811412899,Accurx,Accurx,Accurx
WILLOW GREEN SURGERY,H82059,11981,50.8146247404238,-0.490989922104833,eConsult,eConsult,eConsult
HENFIELD MEDICAL CENTRE,H82060,10068,50.9361049104861,-0.275590058757742,Rapid Health,Rapid Health,Rapid Health
SELDEN MEDICAL CENTRE,H82061,9133,50.8133353745564,-0.358724137804742,Accurx,Accurx,Accurx
MOATFIELD SURGERY,H82063,17500,51.13168366448,-0.013060963569771,Accurx,Accurx,Accurx
SOUTHGATE MEDICAL GROUP,H82064,11681,51.1018825274473,-0.194447420393855,SystmConnect,,SystmConnect
BALL TREE SURGERY,H82065,15253,50.8331601678612,-0.338768246536509,Engage GP,,Engage GP
FITZALAN MEDICAL GROUP,H82066,16239,50.8071258758904,-0.537713481513329,Accurx,Accurx,Accurx
TANGMERE MEDICAL CENTRE,H82067,8593,50.8513762198517,-0.720287173409487,SystmConnect,SystmConnect,SystmConnect
GLEBE SURGERY,H82070,13196,50.9181944382192,-0.45828158505842,eConsult,eConsult,eConsult
SILVERDALE PRACTICE,H82072,13632,50.952742651927,-0.124957828804901,eConsult,,eConsult
CORNERWAYS SURGERY,H82076,4004,50.8149232572113,-0.404451556770596,Accurx,Accurx,Accurx
THE CROFT SURGERY,H82077,13845,50.8416328707665,-0.656710188649289,Accurx,Accurx,Accurx
SOUTHBOURNE SURGERY,H82078,10352,50.8449253067852,-0.90376744974864,Accurx,Accurx,Accurx
BROW MEDICAL CENTRE,H82084,7805,50.9551570806444,-0.135697514090855,eConsult,eConsult,eConsult
BARN SURGERY,H82087,3848,50.8139531928029,-0.447347446204969,eConsult,eConsult,eConsult
BEWBUSH MEDICAL CENTRE,H82088,6275,51.1041952788354,-0.223311487334184,eConsult,Patchs,Patchs
RIVERSIDE MEDICAL PRACTICE,H82089,11572,51.0610322490277,-0.335962918551502,eConsult,eConsult,eConsult
NEW POND ROW SURGERY,H82091,8493,50.8251265385994,-0.32224214505132,Anima,Anima,Anima
VILLAGE SURGERY,H82092,11252,51.0240540838991,-0.351888854668673,eConsult; SystmConnect,,Unknown
WITTERINGS MEDICAL CENTRE,H82095,10399,50.7700057350826,-0.874490427021714,SystmConnect,SystmConnect,SystmConnect
THE ORCHARD SURGERY,H82096,5468,50.8283618159204,-0.323333141751862,Accurx,Accurx,Accurx
COACHMANS MEDICAL PRACTICE,H82098,10171,51.0958655016958,-0.20290020897949,SystmConnect,SystmConnect,SystmConnect
WEST MEADS SURGERY,H82099,8100,50.7883552048811,-0.700912256391212,SystmConnect,SystmConnect,SystmConnect
NORTHLANDS WOOD SURGERY,H82100,8710,50.9967948041953,-0.0813975717507153,eConsult,eConsult,eConsult
OUSE VALLEY PRACTICE,H82615,10015,51.059001531403,-0.199555175053996,eConsult,eConsult,eConsult
HOLBROOK SURGERY,H82640,16532,51.0833121488938,-0.302496390475349,SystmConnect,SystmConnect,SystmConnect
PORTLAND MEDICAL CENTRE,H83001,15158,51.3931604787868,-0.0670894108040401,Klinik,Klinik,Klinik
FARLEY ROAD MEDICAL PRACTICE,H83004,11781,51.3453883878109,-0.0658549522948131,Accurx,Accurx,Accurx
UPPER NORWOOD GROUP PRACTICE,H83005,14761,51.4141154657247,-0.0841818198963486,Accurx,Patchs,Patchs
NEW ADDINGTON GROUP PRACTICE,H83006,12024,51.3434424822683,-0.0183085626503111,,Klinik,Klinik
VIOLET LANE MEDICAL PRACTICE,H83007,10556,51.3620382667524,-0.107960071535512,Accurx,Accurx,Accurx
NORTHWAY ROAD SURGERY,H83008,4083,51.3764687969532,-0.0604930800291821,Accurx,Accurx,Accurx
NORBURY MEDICAL PRACTICE,H83009,10614,51.404998052694,-0.120349801956698,Accurx,Accurx,Accurx
SOUTH NORWOOD HILL MEDICAL CENTRE,H83010,6694,51.4036812035001,-0.0812679249395368,Accurx,Accurx,Accurx
NORTH CROYDON MEDICAL CENTRE,H83011,7924,51.3883131648784,-0.111188273337477,Accurx,Accurx,Accurx
ST JAMES MEDICAL CENTRE,H83012,9287,51.382013897796,-0.0931535745990298,Accurx,Accurx,Accurx
OLD COULSDON MEDICAL PRACTICE,H83013,19398,51.3070103938861,-0.119062181511952,Accurx,Accurx,Accurx
QUEENHILL MEDICAL PRACTICE,H83014,6877,51.3453436918904,-0.0658711935543595,Accurx,Accurx,Accurx
PARKSIDE GROUP PRACTICE,H83015,13702,51.3506427250083,-0.0978598468486775,Klinik,Klinik,Klinik
KESTON MEDICAL PRACTICE,H83016,24726,51.3404217150451,-0.114780115706698,,Klinik,Klinik
BRIGSTOCK MEDICAL PRACTICE,H83017,13291,51.3948390645669,-0.109898878164109,eConsult,eConsult,eConsult
SELSDON PARK MEDICAL PRACTICE,H83018,17691,51.342592314038,-0.064264000834153,Accurx,Accurx,Accurx
FRIENDS ROAD MEDICAL PRACTICE,H83019,7543,51.3712532466815,-0.0950374314268998,Silicon Health FootFall,Silicon Health FootFall,Silicon Health FootFall
EVERSLEY MEDICAL CENTRE,H83020,10163,51.3880302600524,-0.112047911587258,Accurx,Accurx,Accurx
LONDON ROAD MEDICAL PRACTICE,H83021,5840,51.3889754889625,-0.112109615657498,Accurx,Accurx,Accurx
THORNTON HEATH MEDICAL CENTRE,H83022,5876,51.3975636572695,-0.0960002801938217,Accurx,Accurx,Accurx
MORLAND ROAD SURGERY,H83023,6459,51.3805977385455,-0.086271530900275,Accurx,,Accurx
WOODCOTE MEDICAL,H83024,17729,51.3411745022694,-0.12413936074661,Anima,Anima,Anima
ADDINGTON MEDICAL PRACTICE,H83028,9746,51.3465235584539,-0.0196977889943175,Accurx,Accurx,Accurx
HARTLAND WAY SURGERY,H83029,4894,51.3750211139831,-0.0453521640180919,Accurx,Accurx,Accurx
BROOM ROAD MEDICAL PRACTICE,H83030,3255,51.3693363132257,-0.0297044077430499,Accurx,,Accurx
HALING PARK MEDICAL PRACTICE,H83031,3639,51.3571840024066,-0.0980772383307293,Accurx,Accurx,Accurx
ASHBURTON PARK MEDICAL CENTRE,H83033,4604,51.3847408928009,-0.0636788050973616,Accurx,Accurx,Accurx
WHITEHORSE PRACTICE,H83034,7018,51.3860636390199,-0.0972106313025403,Accurx,Accurx,Accurx
AUCKLAND SURGERY,H83037,7566,51.4095298080327,-0.0809224321303022,Accurx,Patchs,Patchs
STOVELL HOUSE SURGERY,H83039,8342,51.3789853725801,-0.0751302534336546,Accurx,Accurx,Accurx
LEANDER FAMILY PRACTICE,H83042,9318,51.3991757304875,-0.117296357352834,Accurx,Accurx,Accurx
SHIRLEY MEDICAL CENTRE,H83043,7434,51.3753865563383,-0.0435404915695422,eConsult,eConsult,eConsult
EAST CROYDON MEDICAL CENTRE,H83044,25650,51.3752899995459,-0.0878004457062535,eConsult,eConsult,eConsult
HEADLEY DRIVE SURGERY,H83049,2726,51.3533868996522,-0.0150214311682163,Evergreen Health,Evergreen Health,Evergreen Health
THORNTON ROAD & VALLEY PARK SURGERY,H83051,20334,51.3880337730178,-0.120657001881433,Klinik,Klinik,Klinik
BRAMLEY AVENUE SURGERY,H83052,2859,51.3233462942752,-0.140500944219578,Accurx,,Accurx
PARCHMORE MEDICAL CENTRE,H83053,14353,51.4026409113996,-0.100763962603995,Accurx,Patchs,Patchs
YOUR FAMILY PRACTICE,H83608,11449,51.3964587373531,-0.105505140286085,Accurx,Accurx,Accurx
MERSHAM MEDICAL CENTRE,H83609,5012,51.4041705953707,-0.0963872557805003,Accurx,Accurx,Accurx
SELHURST MEDICAL CENTRE,H83611,6049,51.389565217443,-0.0891313602598916,Accurx,Accurx,Accurx
FAIRVIEW MEDICAL CENTRE,H83624,8454,51.4119447464518,-0.125112342591335,Accurx,Accurx,Accurx
BIRDHURST MEDICAL PRACTICE,H83627,8011,51.3659858272158,-0.0918656975758684,Accurx,Accurx,Accurx
GREENSIDE GROUP PRACTICE,H83631,11418,51.3845656062635,-0.113570176363356,Accurx,Accurx,Accurx
PARK ROAD SURGERY,H84002,12551,51.4244771342646,-0.334543245936817,,Medicus,Medicus
PARKSHOT MEDICAL PRACTICE,H84005,14005,51.4643248927864,-0.302044042449095,Accurx,Accurx,Accurx
RICHMOND MEDICAL GROUP,H84006,17594,51.465767383475,-0.267870060943538,Accurx,,Accurx
ACORN GROUP PRACTICE,H84007,7457,51.4467142348093,-0.329111884801736,Accurx,Accurx,Accurx
CANBURY MEDICAL CENTRE,H84010,9691,51.4143375480724,-0.297195348135899,Accurx,Accurx,Accurx
YORK MEDICAL PRACTICE,H84012,14988,51.4493689948206,-0.325697428980714,Accurx,Accurx,Accurx
PARADISE ROAD SURGERY,H84014,2476,51.4601519776122,-0.301392786441917,Accurx,Accurx,Accurx
BRUNSWICK SURGERY,H84015,8988,51.3908262297994,-0.299951227951068,Accurx,Accurx,Accurx
GROVES MEDICAL CENTRE,H84016,16531,51.4102479818869,-0.261404047122137,Rapid Health,Patchs,Patchs
SEYMOUR HOUSE SURGERY,H84017,12363,51.4624007724874,-0.292772626822444,Accurx,,Accurx
BROAD LANE SURGERY,H84018,7229,51.422893119784,-0.368908681894276,Accurx,Accurx,Accurx
FAIRHILL MEDICAL PRACTICE,H84020,23162,51.4172189338526,-0.282663599758816,Accurx,Accurx,Accurx
ESSEX HOUSE SURGERY,H84023,13768,51.4731439086825,-0.248079794875908,,Medicus,Medicus
HOOK SURGERY,H84025,7504,51.3586509509068,-0.312083224119097,eConsult,eConsult,eConsult
CHURCHILL MEDICAL CENTRE,H84027,17636,51.4133848506673,-0.288211116832406,Anima,Anima,Anima
CENTRAL SURGERY,H84030,12749,51.3908231385607,-0.299948899075091,Accurx,Accurx,Accurx
JUBILEE SURGERY,H84031,5796,51.444062362566,-0.365056447775074,Accurx,Accurx,Accurx
HAMPTON WICK SURGERY,H84032,8895,51.4155924360192,-0.313082867398044,Silicon Health FootFall,Silicon Health FootFall,Silicon Health FootFall
ST ALBANS MEDICAL CENTRE,H84033,6470,51.4215243310793,-0.302278691174705,Accurx,Accurx,Accurx
ORCHARD PRACTICE,H84034,8515,51.369116387813,-0.303542468686725,Accurx; Anima,Anima,Anima
CROSS DEEP SURGERY,H84039,11812,51.4450087873984,-0.330188354015293,Accurx,Accurx,Accurx
HAMPTON MEDICAL CENTRE,H84040,11284,51.418414539145,-0.372666710581735,Accurx,Rapid Health,Rapid Health
VINEYARD SURGERY,H84041,7373,51.4581954208657,-0.3010335876282,Rapid Health,Patchs,Patchs
HOLMWOOD CORNER SURGERY,H84042,13652,51.397350525721,-0.255002118002582,eConsult,eConsult,eConsult
THE GREEN & FIR ROAD,H84044,8342,51.4443800818182,-0.339104304104132,Accurx,,Accurx
TWICKENHAM PARK SURGERY,H84048,8667,51.4553451897216,-0.312265578579819,Accurx,Accurx,Accurx
CHESSINGTON PARK SURGERY,H84050,7528,51.3586509509068,-0.312083224119097,Accurx,Accurx,Accurx
ROSELAWN SURGERY,H84051,7415,51.3979999713378,-0.255739308399582,Accurx,Accurx,Accurx
BERRYLANDS SURGERY,H84053,6443,51.3908262297994,-0.299951227951068,Accurx,Accurx,Accurx
RED LION ROAD SURGERY,H84054,3550,51.3830107069936,-0.289376516914319,eConsult,eConsult,eConsult
SHEEN LANE SURGERY,H84055,11353,51.465767383475,-0.267870060943538,Accurx,Accurx,Accurx
STAINES ROAD MEDICAL CENTRE,H84057,3731,51.4396723949528,-0.357922562718215,Accurx,Accurx,Accurx
THAMESIDE MEDICAL PRACTICE,H84059,5212,51.4274869337502,-0.326080196752187,Accurx,Accurx,Accurx
RICHMOND LOCK SURGERY,H84060,7630,51.4645171135298,-0.322897248374645,Accurx,Accurx,Accurx
KINGSTON HEALTH CENTRE,H84061,28719,51.4140113213951,-0.305087988291007,Accurx,Accurx,Accurx
LANGLEY MEDICAL PRACTICE,H84062,8645,51.3908262297994,-0.299951227951068,Accurx,Accurx,Accurx
SUNRAY SURGERY,H84618,5316,51.3824258353206,-0.274022032211022,Accurx,Accurx,Accurx
CLAREMONT MEDICAL CENTRE,H84619,10882,51.3908572887433,-0.307239897064991,Silicon Health FootFall,Silicon Health FootFall,Silicon Health FootFall
HAMPTON HILL MEDICAL CENTRE,H84623,8601,51.4276783295839,-0.354842678091426,Accurx,Accurx,Accurx
WOODLAWN MEDICAL CENTRE,H84625,5221,51.4445000258261,-0.366843882829005,Accurx,Accurx,Accurx
CRANE PARK SURGERY,H84630,3677,51.444062362566,-0.365056447775074,Accurx,Accurx,Accurx
MANOR DRIVE MEDICAL CENTRE,H84635,16469,51.3810196162565,-0.247694352773775,Silicon Health FootFall,Silicon Health FootFall,Silicon Health FootFall
KEW MEDICAL PRACTICE,H84639,5844,51.4758261091741,-0.282897061512541,Accurx,Accurx,Accurx
WANDSWORTH MEDICAL CENTRE,H85001,19308,51.4537079437756,-0.192187008286941,Accurx,Accurx,Accurx
FALCON ROAD MEDICAL CENTRE,H85002,11900,51.4684263498329,-0.170584488533144,Accurx,,Accurx
QUEENSTOWN ROAD MEDICAL PRACTICE,H85003,6994,51.466966709074,-0.150342529486629,Accurx,Accurx,Accurx
MAYFIELD SURGERY,H85006,6535,51.4482655557016,-0.237533469614017,Accurx,Accurx,Accurx
SOUTHFIELDS GROUP PRACTICE,H85007,10737,51.4404351452563,-0.197162523048365,Accurx,,Accurx
ROEHAMPTON SURGERY,H85008,6659,51.451303129488,-0.242799228862849,Accurx,,Accurx
BEDFORD HILL FAMILY PRACTICE,H85009,14134,51.4408501123525,-0.149066812083719,Accurx,Accurx,Accurx
GREYSWOOD PRACTICE,H85011,10469,51.4188702478715,-0.143828011964927,Accurx,Accurx,Accurx
PUTNEYMEAD GROUP MEDICAL PRACTICE,H85012,24203,51.4617966057264,-0.220422550128554,Accurx,Accurx,Accurx
MULGRAVE ROAD SURGERY,H85018,8738,51.3583349779376,-0.196317623127131,Accurx,Accurx,Accurx
NELSON MEDICAL PRACTICE,H85020,32458,51.410674255979,-0.208827519717599,Accurx,Accurx,Accurx
CHESSER PRACTICE,H85021,6094,51.3749270946659,-0.17730284980683,Anima,Anima,Anima
PARK ROAD MEDICAL CENTRE,H85022,4915,51.3634891340351,-0.150952079002422,Accurx,Accurx,Accurx
BISHOPSFORD ROAD MEDICAL CENTRE,H85023,4996,51.3883782998011,-0.181238294707084,Anima,Anima,Anima
MITCHAM & TOOTING HEALTH,H85024,8022,51.4075715395564,-0.181819094106382,Accurx,,Accurx
WRYTHE GREEN SURGERY,H85025,16813,51.3719835040694,-0.17131139024324,Accurx,Accurx,Accurx
FRANCIS GROVE SURGERY,H85026,14887,51.4198253639544,-0.209063075410636,Accurx,Accurx,Accurx
WIMBLEDON VILLAGE SURGERY,H85027,13252,51.4249971698664,-0.219646956096759,Accurx,Accurx,Accurx
WIMBLEDON MEDICAL PRACTICE,H85028,10943,51.4175876523595,-0.198442857735003,Accurx; Silicon Health FootFall,Accurx,Accurx
WIDE WAY MEDICAL CENTRE,H85029,15484,51.4021437855764,-0.134757650731954,eConsult,eConsult,eConsult
OLD COURT HOUSE SURGERY,H85030,13166,51.3654749422764,-0.192919947186569,Accurx,Accurx,Accurx
BENHILL & BELMONT GP CENTRE,H85031,11861,51.3666033854021,-0.190289676596205,Accurx,Accurx,Accurx
TAMWORTH HOUSE MEDICAL CENTRE,H85033,9686,51.4003622860365,-0.144548069251419,Accurx; Silicon Health FootFall,eConsult,eConsult
MORDEN HALL MEDICAL CENTRE,H85037,14129,51.4042384067064,-0.192070703578513,Accurx; Silicon Health FootFall,Accurx,Accurx
CRICKET GREEN MEDICAL PRACTICE,H85038,11274,51.4048500339006,-0.172916152839431,Accurx; Anima,,Unknown
EARLSFIELD SURGERY,H85041,15173,51.4386735229692,-0.187413932550351,Accurx,Accurx,Accurx
BRIDGE LANE GROUP PRACTICE,H85045,13875,51.4741411198623,-0.16741834170252,Accurx,Accurx,Accurx
CHATFIELD HEALTH CARE,H85047,12596,51.4658544835317,-0.182147382983034,Accurx; Anima,Accurx,Accurx
BROCKLEBANK GROUP PRACTICE,H85048,16221,51.4483419812536,-0.188858649868938,eConsult,eConsult,eConsult
BATTERSEA RISE GROUP PRACTICE,H85049,6743,51.4607765447697,-0.163289605713987,Accurx,,Accurx
LAMBTON ROAD MEDICAL PRACTICE,H85051,18505,51.4101058683688,-0.230751315009304,Accurx; Silicon Health FootFall,Accurx,Accurx
STREATHAM PARK SURGERY,H85052,4329,51.424585934478,-0.140909903235518,Accurx,Accurx,Accurx
SUTTON MEDICAL CENTRE,H85053,5531,51.36333230498,-0.175938879366182,Anima,,Anima
WEST BARNES SURGERY,H85055,7235,51.3984554236856,-0.23272082695107,eConsult,Patchs,Patchs
ELBOROUGH STREET SURGERY,H85057,8058,51.4420507315634,-0.201353012904125,Accurx,Accurx,Accurx
HEATHBRIDGE PRACTICE,H85061,23027,51.4601052801818,-0.215097356199216,Accurx,Accurx,Accurx
CHEAM GP CENTRE,H85063,11919,51.3685034768391,-0.225161171928545,Accurx; Anima,Anima,Anima
ALTON PRACTICE,H85065,4515,51.4495336308856,-0.240535697030519,Accurx,Accurx,Accurx
BALHAM PARK SURGERY,H85066,19797,51.4407236574213,-0.155877996796337,Accurx,Accurx,Accurx
DANEBURY AVENUE SURGERY,H85067,2931,51.4523528066988,-0.248645521180104,Accurx,Accurx,Accurx
LAVENDER HILL GROUP PRACTICE,H85069,15145,51.4660249024496,-0.157348819958429,Accurx,Accurx,Accurx
CENTRAL MEDICAL CENTRE,H85070,9741,51.3977417696273,-0.189506660202775,eConsult; Silicon Health FootFall,eConsult,eConsult
HAIDER PRACTICE,H85075,5531,51.4599669551091,-0.179415918962334,eConsult,eConsult,eConsult
STONECOT SURGERY,H85076,10136,51.386962080938,-0.20956456910629,Anima,Silicon Health FootFall,Silicon Health FootFall
BOLINGBROKE MEDICAL CENTRE,H85077,6583,51.4563712881801,-0.167957386487032,Accurx,Accurx,Accurx
MITCHAM FAMILY PRACTICE,H85078,4377,51.411150921362,-0.167630741913726,Accurx; Engage GP,Accurx,Accurx
TRIANGLE SURGERY,H85082,4527,51.4567068736369,-0.198315570886738,Accurx,,Accurx
OPEN DOOR SURGERY,H85087,10091,51.4430960182107,-0.155976839264888,Accurx,Accurx,Accurx
CLAPHAM JUNCTION MEDICAL PRACTICE,H85088,2495,51.4659693141996,-0.174247472747893,Accurx,Accurx,Accurx
FIGGES MARSH SURGERY,H85090,11097,51.4104857089837,-0.162087241148895,eConsult; Silicon Health FootFall,eConsult,eConsult
RIVERHOUSE MEDICAL PRACTICE,H85092,6133,51.4208786654917,-0.183528023841063,Accurx,,Accurx
ROBIN HOOD LANE HEALTH CENTRE,H85095,15977,51.3629971051004,-0.197011149580168,Anima,Anima,Anima
ST PAULS COTTAGE SURGERY,H85100,7598,51.4432899432226,-0.217723161467256,eConsult,eConsult,eConsult
GRAND DRIVE SURGERY,H85101,9155,51.4025718043705,-0.228827720735309,Accurx,,Accurx
HACKBRIDGE MEDICAL CENTRE,H85103,7591,51.3780608548178,-0.156142197546533,Accurx,,Accurx
CHEAM FAMILY PRACTICE,H85105,13888,51.3582868255128,-0.217376110214505,Accurx,Accurx,Accurx
RAVENSBURY PARK MEDICAL CENTRE,H85110,5440,51.398547578262,-0.178480332360019,Accurx; Silicon Health FootFall,Silicon Health FootFall,Silicon Health FootFall
BATTERSEA FIELDS PRACTICE,H85111,14503,51.4734751942579,-0.154773509869011,Accurx,Accurx,Accurx
VINEYARD HILL ROAD SURGERY,H85112,5888,51.4330508051783,-0.200456018983048,Rapid Health,Patchs,Patchs
MALDON ROAD SURGERY,H85113,4752,51.3651135794448,-0.146763769122866,Accurx,Accurx,Accurx
THURLEIGH ROAD PRACTICE,H85114,13273,51.4525185865336,-0.156237522056148,Accurx,Accurx,Accurx
SHOTFIELD MEDICAL PRACTICE,H85115,12231,51.3572651496484,-0.15088672404714,Accurx,Accurx,Accurx
MANOR PRACTICE,H85116,11791,51.3632262453655,-0.150819018511041,Accurx,Accurx,Accurx
JAMES O'RIORDAN MEDICAL CENTRE,H85618,9196,51.3844105581538,-0.213473139142751,Anima,Anima,Anima
MERTON MEDICAL PRACTICE,H85634,7721,51.415986029961,-0.184889595877049,Accurx,Accurx,Accurx
BALHAM HEALTH CENTRE,H85637,1222,51.4408501123525,-0.149066812083719,Accurx,Patchs,Patchs
COLLIERS WOOD SURGERY,H85649,10680,51.4207581743231,-0.175868475608154,Accurx,Accurx,Accurx
WALLINGTON FAMILY PRACTICE,H85653,19429,51.3572651496484,-0.15088672404714,Accurx,GP Triage,GP Triage
ALEXANDRA ROAD SURGERY,H85656,5416,51.4235627156301,-0.204639990275386,Accurx; Silicon Health FootFall,Accurx,Accurx
ST JOHNS HILL SURGERY,H85659,12105,51.4599669551091,-0.179415918962334,Accurx,Accurx,Accurx
BEECHES SURGERY,H85662,5524,51.3582996366685,-0.171295366675411,Accurx,Accurx,Accurx
TOOTING BEC SURGERY,H85664,1871,51.4356232053993,-0.159205509861281,Accurx,Accurx,Accurx
TOOTING SOUTH MEDICAL CENTRE,H85680,10172,51.4221184382847,-0.161632399165661,Accurx,Accurx,Accurx
TUDOR LODGE HEALTH CENTRE,H85682,11135,51.4466359091856,-0.220140074624066,Accurx,Accurx,Accurx
FACCINI HOUSE SURGERY,H85683,4309,51.3896824154246,-0.189379235026821,Accurx,Accurx,Accurx
GROVE ROAD PRACTICE,H85686,11591,51.3583788900142,-0.201630441812147,Accurx,Accurx,Accurx
NIGHTINGALE PRACTICE,H85691,76,51.449354390365,-0.159747081173833,Accurx,,Accurx
CIRCLE GP SURGERY,H85693,10392,51.3846023722444,-0.17378547709666,Accurx,,Accurx
ORCHID HOUSE SURGERY,J81002,8665,50.8017961705012,-1.89329311960453,SystmConnect,SystmConnect,SystmConnect
THE ADAM PRACTICE,J81006,39313,50.7211445922394,-2.01030315200867,SystmConnect,SystmConnect,SystmConnect
ROYAL MANOR HEALTH CARE,J81009,12311,50.5440224542598,-2.43727874916536,SystmConnect,eConsult,eConsult
SWANAGE MEDICAL PRACTICE,J81010,10681,50.6095640770225,-1.96022225629465,SystmConnect,SystmConnect,SystmConnect
WAREHAM SURGERY,J81011,8135,50.6872736293775,-2.11620688426782,SystmConnect,SystmConnect,SystmConnect
SHORE MEDICAL,J81012,58457,50.7284913408651,-1.94250027632669,SystmConnect,SystmConnect,SystmConnect
CANFORD HEATH GROUP PRACT,J81013,12174,50.7415259792374,-1.96412062362002,SystmConnect,,SystmConnect
WESTBOURNE MEDICAL CENTRE,J81014,21006,50.7235588358796,-1.90167301845607,SystmConnect,SystmConnect,SystmConnect
QUEENS AVENUE SURGERY,J81016,8736,50.7078369802763,-2.4448131966252,SystmConnect,SystmConnect,SystmConnect
YETMINSTER HEALTH CENTRE,J81017,4736,50.8939637560807,-2.57750139349598,SystmConnect,SystmConnect,SystmConnect
BEAUFORT ROAD SURGERY,J81018,11772,50.7284078113545,-1.81444330491201,SystmConnect,SystmConnect,SystmConnect
THE BLANDFORD GROUP PRACTICE,J81019,23573,50.8589736538847,-2.1652271346233,Anima; SystmConnect,SystmConnect,SystmConnect
BERE REGIS SURGERY,J81020,3910,50.7531862232569,-2.21918933276998,Engage GP; SystmConnect,SystmConnect,SystmConnect
SHELLEY MANOR HOLDENHURST MEDICAL CENTRE,J81021,26277,50.7239842147579,-1.83283521421982,SystmConnect,SystmConnect,SystmConnect
WEST MOORS VILLAGE SURGERY,J81022,5394,50.825263142153,-1.88949162704246,SystmConnect,SystmConnect,SystmConnect
THE WELLBRIDGE PRACTICE,J81025,6056,50.6794259624434,-2.22478566534905,SystmConnect,SystmConnect,SystmConnect
WEYMOUTH BAY MEDICAL PRACTICE,J81027,26864,50.6165909227406,-2.45270556011835,eConsult,eConsult,eConsult
HIGHCLIFFE MEDICAL CENTRE,J81028,15349,50.7409708243908,-1.70431758049662,SystmConnect,SystmConnect,SystmConnect
THE APPLES MEDICAL CENTRE,J81029,5303,50.948199793735,-2.50860064307774,SystmConnect,SystmConnect,SystmConnect
THE VERWOOD SURGERY,J81030,7840,50.8818621788288,-1.88078665455012,SystmConnect,SystmConnect,SystmConnect
TALBOT MEDICAL CENTRE,J81033,23906,50.7488880138501,-1.9089341055733,SystmConnect,SystmConnect,SystmConnect
THE QUARTER JACK SURGERY,J81034,17951,50.7981295670624,-1.98275072282491,eConsult,eConsult,eConsult
MILTON ABBAS SURGERY,J81035,5007,50.8201052828017,-2.27215569299785,SystmConnect,SystmConnect,SystmConnect
THE ROSEMARY HEALTH CTR,J81036,9401,50.7399969327472,-1.94676285165267,SystmConnect,SystmConnect,SystmConnect
MOORDOWN MEDICAL CENTRE,J81039,10133,50.7556814080841,-1.87439222551231,SystmConnect,SystmConnect,SystmConnect
THE HADLEIGH PRACTICE,J81041,20603,50.7604337295435,-1.9932276490314,SystmConnect,SystmConnect,SystmConnect
VILLAGE SURGERY,J81042,8556,50.7394643364708,-1.8987346375803,SystmConnect,SystmConnect,SystmConnect
KINSON ROAD MEDICAL CENTRE,J81045,10785,50.7681170307945,-1.90131047745048,SystmConnect,SystmConnect,SystmConnect
THE HARVEY PRACTICE,J81046,13210,50.7605866170814,-1.99346865264607,SystmConnect,SystmConnect,SystmConnect
JAMES FISHER MEDICAL CENTRE,J81047,12446,50.7608372583821,-1.8612161524602,SystmConnect,SystmConnect,SystmConnect
THE MARINE & OAKRIDGE PARTNERSHIP,J81049,10189,50.7222063932756,-1.80555712038791,SystmConnect,SystmConnect,SystmConnect
WYKE REGIS & LANEHOUSE MEDICAL PRACTICE,J81051,12269,50.5957791930455,-2.47522618411988,SystmConnect,SystmConnect,SystmConnect
CERNE ABBAS SURGERY,J81053,4195,50.8096771236125,-2.47360506666354,SystmConnect,SystmConnect,SystmConnect
CHRISTCHURCH MEDICAL PRACTICE,J81056,15707,50.7366459760381,-1.76057623512815,SystmConnect,SystmConnect,SystmConnect
FARMHOUSE SURGERY,J81057,5812,50.7366459760381,-1.76057623512815,SystmConnect,SystmConnect,SystmConnect
THE CRANBORNE PRACTICE,J81058,13823,50.9203113641943,-1.92046571870383,SystmConnect,SystmConnect,SystmConnect
SOUTHBOURNE PRACTICE,J81059,8919,50.7281169715125,-1.81414989640641,SystmConnect,,SystmConnect
PENNY'S HILL PRACTICE,J81061,7470,50.8017961705012,-1.89329311960453,SystmConnect,SystmConnect,SystmConnect
ST ALBANS MEDICAL CENTRE,J81062,11303,50.7420958615067,-1.86057700489366,SystmConnect,SystmConnect,SystmConnect
POOLE TOWN SURGERY,J81064,5227,50.7196678708693,-1.97606461143256,SystmConnect,SystmConnect,SystmConnect
STOUR SURGERY,J81066,10899,50.7364038213976,-1.78395904124131,SystmConnect,SystmConnect,SystmConnect
LITTLEDOWN SURGERY,J81067,6188,50.741637666123,-1.8334385660162,SystmConnect,SystmConnect,SystmConnect
ATRIUM HEALTH CENTRE,J81068,6611,50.7110691944642,-2.43798873331721,SystmConnect,SystmConnect,SystmConnect
THE BANKS & BEARWOOD MEDICAL CENTRE,J81070,11482,50.7388892231572,-1.88015719095069,SystmConnect,SystmConnect,SystmConnect
THE PANTON PRACTICE,J81072,16970,50.7208669012799,-1.86286393901442,eConsult,eConsult,eConsult
THE BRIDGES MEDICAL CTR.,J81073,17200,50.6133773764186,-2.4559623434805,eConsult,,eConsult
BARTON HOUSE MED PRACTICE,J81074,4955,50.8100126472016,-2.73735985042453,eConsult,eConsult,eConsult
CROSS ROAD SURGERY,J81075,8544,50.6017877297719,-2.46425735649776,SystmConnect,SystmConnect,SystmConnect
AMMONITE HEALTH PARTNERSHIP,J81076,24336,50.7340734348243,-2.76899888579306,eConsult,eConsult,eConsult
WALFORD MILL MEDICAL CENTRE,J81077,8316,50.8050546659269,-1.99011354068974,SystmConnect,SystmConnect,SystmConnect
THE GROVE MEDICAL CENTRE,J81078,12999,50.9530224495623,-2.51444044888966,Accurx,Accurx,Accurx
GILLINGHAM MEDICAL PRACTICE,J81081,13325,51.0359625350142,-2.2702532724239,eConsult,eConsult,eConsult
POUNDBURY DOCTORS SURGERY,J81082,8147,50.7135435629709,-2.45759399497731,SystmConnect,,SystmConnect
EVERGREEN OAK SURGERY,J81086,7689,50.7237823714457,-1.9573223837892,SystmConnect,SystmConnect,SystmConnect
THE BIRCHWOOD PRACTICE,J81087,10534,50.7402184848822,-1.99845983714158,SystmConnect,SystmConnect,SystmConnect
PRINCE OF WALES SURGERY,J81609,9924,50.713500442127,-2.4576056141424,SystmConnect,SystmConnect,SystmConnect
CORFE CASTLE SURGERY,J81612,3237,50.6361928798427,-2.05955672224242,SystmConnect,SystmConnect,SystmConnect
PUDDLETOWN SURGERY,J81616,4293,50.7462400274741,-2.34194359515379,SystmConnect,SystmConnect,SystmConnect
BLACKMORE VALE PARTNERSHIP,J81620,26870,50.9282602069627,-2.30384855418759,SystmConnect,SystmConnect,SystmConnect
THE BARCELLOS FAMILY PRACTICE,J81621,8850,50.8077542260202,-1.87143777393746,SystmConnect,SystmConnect,SystmConnect
DENMARK ROAD MEDICAL CENTRE,J81625,14604,50.7473460210805,-1.87511807697088,,SystmConnect,SystmConnect
FORDINGTON SURGERY,J81626,5368,50.7128943719938,-2.42705954074332,SystmConnect,SystmConnect,SystmConnect
SANDFORD SURGERY,J81631,1989,50.7072091387014,-2.09521136297093,SystmConnect,SystmConnect,SystmConnect
WOODLEA HOUSE SURGERY,J81633,6832,50.7505343013231,-1.8420112158717,SystmConnect,SystmConnect,SystmConnect
CRESCENT PROVIDENCE SURGERY,J81634,14064,50.7272649086417,-1.84468207649209,SystmConnect,SystmConnect,SystmConnect
GROVE SURGERY,J81646,6688,50.7445885108962,-1.79093967086096,SystmConnect,SystmConnect,SystmConnect
LYME BAY MEDICAL PRACTICE,J81647,8753,50.7303301838097,-2.94719179796928,eConsult,eConsult,eConsult
THE NEWMAN PRACTICE (DR NEWMANS SURGERY),J81648,5541,50.7196678708693,-1.97606461143256,SystmConnect,SystmConnect,SystmConnect
BURGESS ROAD SURGERY,J82001,9970,50.9387315635753,-1.3873285061339,eConsult,eConsult,eConsult
LORDSHILL HEALTH CENTRE,J82002,14780,50.9402596691838,-1.44857999308064,eConsult,eConsult,eConsult
ROWLANDS CASTLE SURGERY,J82005,4607,50.8913252717664,-0.958810964534911,eConsult,eConsult,eConsult
COASTAL MEDICAL PARTNERSHIP,J82007,33472,50.7564765791283,-1.65707639253438,Anima; Rapid Health,Anima,Anima
EMSWORTH SURGERY,J82009,15474,50.8474927371548,-0.937412350628584,eConsult,eConsult,eConsult
THE BOSMERE MEDICAL PRACTICE,J82010,19264,50.8502307722224,-0.990576523530154,eConsult; Silicon Health FootFall,eConsult,eConsult
PORTCHESTER PRACTICE,J82012,11313,50.8464657179028,-1.12688197268774,eConsult,eConsult,eConsult
GIFFARD DRIVE SURGERY,J82015,9885,51.3003271886481,-0.770270510720283,,Archvale,Archvale
STOCKBRIDGE SURGERY,J82016,9105,51.1133945321261,-1.48963732721222,eConsult,eConsult,eConsult
THE ANDOVER HEALTH CENTRE MEDICAL PRACT,J82017,13225,51.21502456187,-1.49548573710824,Anima,Anima,Anima
STOKEWOOD SURGERY,J82018,18550,50.964880361025,-1.31031148582705,eConsult,eConsult,eConsult
THE FRYERN SURGERY,J82019,15288,50.9876349252789,-1.37345261597655,eConsult,eConsult,eConsult
EASTLEIGH MEDICAL PRACTICE,J82020,14207,50.9709526746338,-1.35317769056012,eConsult,eConsult,eConsult
WATERSIDE MEDICAL PRACTICE,J82021,8519,50.7897951080717,-0.97648285923209,eConsult,eConsult,eConsult
SOLENT GP SURGERY,J82024,22444,50.9246631020896,-1.44779680371406,eConsult,eConsult,eConsult
CHARLTON HILL SURGERY,J82025,15669,51.2159945838547,-1.49602106599801,eConsult,eConsult,eConsult
CENTRE PRACTICE,J82026,16702,50.8537764852067,-1.17634033231274,eConsult,eConsult,eConsult
TRAFALGAR MEDICAL GROUP PRACTICE,J82028,27941,50.7853314618066,-1.09248549760475,eConsult; Silicon Health FootFall,eConsult,eConsult
GUDGEHEATH LANE SURGERY,J82033,9405,50.8597523540052,-1.20557515869395,Rapid Health,Rapid Health,Rapid Health
WICKHAM SURGERY,J82034,14316,50.9048068963364,-1.18751408332457,eConsult,eConsult,eConsult
ST CLEMENTS PARTNERSHIP,J82035,16145,51.0626318691462,-1.3104913505632,Accurx,,Accurx
WEST MEON SURGERY,J82036,2725,51.0128996261568,-1.08337666450571,Accurx,Accurx,Accurx
RINGWOOD MEDICAL CENTRE,J82039,11106,50.8461329282431,-1.78948708990787,eConsult,eConsult,eConsult
WEST END ROAD SURGERY,J82040,18420,50.9174371214724,-1.35878676088776,eConsult,eConsult,eConsult
BADGERSWOOD SURGERY,J82042,17035,51.1188404561871,-0.829031274770603,Anima,Anima,Anima
THE OAKLEY HEALTH GROUP,J82049,29856,51.3352884777353,-0.797084031501006,Anima,Anima,Anima
ST PAUL'S SURGERY,J82050,23859,51.0659688808074,-1.32140209546581,Accurx,Accurx,Accurx
HAMBLE VALLEY HEALTH,J82051,37098,50.8760467537912,-1.32720460135253,Anima,Anima,Anima
ADELAIDE MEDICAL CENTRE,J82053,10959,51.2085390078916,-1.47527385013038,eConsult,Patchs,Patchs
KINTBURY & WOOLTON HILL SURGERY,J82054,9703,51.3990703693315,-1.44660547564967,Accurx,Accurx,Accurx
CRANESWATER GROUP PRACTICE,J82055,11061,50.7839800515272,-1.07726238553648,Anima,Anima,Anima
RED AND GREEN PRACTICE,J82056,21761,50.8585721024296,-1.40466641101948,Accurx,,Accurx
BRAMBLYS GRANGE MEDICAL PRACTICE,J82058,19973,51.2672194952876,-1.08636269673104,eConsult,eConsult,eConsult
THE WATERCRESS MEDICAL GROUP,J82059,6874,51.111683509487,-1.05458855672949,eConsult,eConsult,eConsult
THE LIGHTHOUSE GROUP PRACTICE,J82060,12445,50.7965509670007,-1.08050631448564,SystmConnect,SystmConnect,SystmConnect
ODIHAM HEALTH CENTRE,J82061,13269,51.2551044350939,-0.941346269821232,Accurx,Accurx,Accurx
CHEVIOT ROAD SURGERY,J82062,15666,50.9213652697955,-1.45597359028966,eConsult,eConsult,eConsult
BISHOPS WALTHAM SURGERY,J82064,14023,50.9552798292644,-1.21214876863943,eConsult; Rapid Health,Rapid Health,Rapid Health
THE CAMBRIDGE PRACTICE,J82066,22086,51.2543433681595,-0.765601847924798,Accurx; eConsult,Accurx,Accurx
VOYAGER FAMILY HEALTH,J82067,19610,51.2934916460297,-0.789987101159071,Accurx,Accurx,Accurx
CAMROSE GILLIES AND HACKWOOD PARTNERSHIP,J82069,52708,51.2455013331004,-1.11353309546147,Evergreen Health,Evergreen Health,Evergreen Health
ST. ANDREW'S SURGERY,J82071,13972,50.9655756856095,-1.35222332132988,Rapid Health,,Rapid Health
FORESTSIDE MEDICAL PRACTICE,J82072,11476,50.8518358503508,-1.41618574819963,Accurx,Accurx,Accurx
KIRKLANDS SURGERY,J82073,9851,50.8126413860575,-1.06500202329728,Anima,Anima,Anima
ALMA ROAD SURGERY,J82074,16147,50.9895697798627,-1.49337513220715,eConsult,eConsult,eConsult
CHAWTON HOUSE SURGERY,J82075,7062,50.7574672189467,-1.5461219278558,Rapid Health,eConsult,eConsult
WOOLSTON AND CHARTWELL PARTNERSHIP,J82076,22025,50.8971606069829,-1.37231775319877,Anima,Anima,Anima
CLIFT SURGERY,J82079,7968,51.3314356214304,-1.0668930322833,eConsult,eConsult,eConsult
UNIVERSITY HEALTH SERVICE SOUTHAMPTON,J82080,38436,50.9357102431089,-1.39947900417404,Accurx,Accurx,Accurx
SOUTHAMPTON SEA CITY PARTNERSHIP,J82081,36910,50.9053765632053,-1.39732342667942,Anima,Anima,Anima
SHEPHERDS SPRING MEDICAL CENTRE,J82082,13246,51.221149856796,-1.47019047842294,Rapid Health,Rapid Health,Rapid Health
THE WILLOW GROUP,J82083,47702,50.8004206901981,-1.14330330521385,Klinik,,Klinik
BLOSSOM HEALTH - GOSPORT,J82084,5979,50.7930617361334,-1.14808084172997,eConsult,eConsult,eConsult
ISLAND CITY PRACTICE,J82085,36971,50.8048249871956,-1.07835627279856,Anima,Anima,Anima
STONEHAM LANE SURGERY,J82087,7658,50.9398448345928,-1.37817260481481,eConsult,eConsult,eConsult
THE SHIRLEY HEALTH PARTNERSHIP,J82088,13808,50.9169204999889,-1.42906803651131,eConsult,eConsult,eConsult
ALDERMOOR SURGERY,J82092,8325,50.9402959610404,-1.42807031376041,eConsult,eConsult,eConsult
TADLEY MEDICAL P'SHIP,J82094,19580,51.3570240793097,-1.14553477102355,Accurx,Accurx,Accurx
SWAN MEDICAL GROUP,J82098,37138,51.0043560345147,-0.942604041965592,eConsult,eConsult,eConsult
RICHMOND SURGERY,J82099,15203,51.2693249330606,-0.841093862963457,Accurx,Accurx,Accurx
THE PEARTREE PRACTICE,J82101,19282,50.9005607006564,-1.33986336442587,eConsult,eConsult,eConsult
THE DRAYTON SURGERY,J82102,24282,50.8462809354021,-1.04478143722585,eConsult,eConsult,eConsult
ST MARY'S SURGERY,J82103,12725,51.2099257855306,-1.47773469523845,Silicon Health FootFall,,Silicon Health FootFall
STUBBINGTON MEDICAL PRACTICE,J82104,12696,50.8250083869617,-1.21542165150636,eConsult,eConsult,eConsult
GRATTON SURGERY,J82106,7208,51.1540953071066,-1.33601056479673,eConsult,,eConsult
HART HEALTH PARTNERSHIP,J82110,27808,51.2881927419799,-0.848606681508854,Accurx,Accurx,Accurx
NEW HORIZONS MEDICAL PARTNERSHIP,J82112,22964,50.9168306350365,-1.51406877322972,eConsult,eConsult,eConsult
ATHERLEY HOUSE SURGERY,J82115,5678,50.9133405980379,-1.42157286662453,eConsult,eConsult,eConsult
TWYFORD SURGERY,J82116,10080,51.0194278922327,-1.31424012951529,eConsult; Engage GP,eConsult,eConsult
DENMEAD HEALTH CENTRE,J82119,10580,50.9043856591228,-1.06734724744023,eConsult,eConsult,eConsult
ALEXANDER HOUSE SURGERY,J82120,10582,51.2937494578208,-0.752002098200177,Accurx,HT1,HT1
NORTH BADDESLEY SURGERY,J82121,9743,50.9752453189708,-1.43648643445961,eConsult,,eConsult
ALMA ROAD SURGERY,J82122,10306,50.921723521403,-1.40055529249461,eConsult,eConsult,eConsult
ALRESFORD SURGERY,J82124,10067,51.0889415290579,-1.16156268431838,eConsult,eConsult,eConsult
JENNER HOUSE SURGERY,J82125,7797,51.294372997338,-0.775291649079881,eConsult,eConsult,eConsult
RAYMOND ROAD SURGERY,J82126,4585,50.9191113846619,-1.4192820694302,eConsult,eConsult,eConsult
OLD FIRE STATION SURGERY,J82128,8481,50.8970043815957,-1.37169419514653,eConsult,eConsult,eConsult
NEW FOREST MEDICAL GROUP,J82129,7385,50.8152057182118,-1.57840606498114,eConsult,eConsult,eConsult
FRIARSGATE PRACTICE,J82130,24661,51.0742058055982,-1.33708271895994,Accurx,Accurx,Accurx
FORDINGBRIDGE SURGERY,J82131,12205,50.9281559908968,-1.79352964052919,Anima,Anima,Anima
TESTVALE SURGERY,J82132,14115,50.9197398228217,-1.49037822174076,eConsult,eConsult,eConsult
VINE MEDICAL GROUP,J82134,24328,50.87825144035,-1.03506014770573,Anima,Anima,Anima
CHAWTON PARK SURGERY,J82136,11478,51.1407460717698,-0.989830480196844,Accurx,Accurx,Accurx
WHITEWATER HEALTH,J82138,18009,51.3065528970911,-0.901787447135135,eConsult,eConsult,eConsult
WISTARIA & MILFORD SURGERIES,J82139,15472,50.7594801806004,-1.54671139981908,Klinik,,Klinik
THE BORDER PRACTICE,J82142,11794,51.2414856653363,-0.741024790001163,Klinik,Klinik,Klinik
PARK SURGERY,J82143,16446,50.9852335053808,-1.38539051964381,Rapid Health,Rapid Health,Rapid Health
CROWN HEIGHTS MEDICAL CENTRE,J82144,26850,51.2671832941967,-1.08630980657174,Klinik,Klinik,Klinik
ABBEYWELL SURGERY,J82145,16920,50.9891151766064,-1.50268372762929,Accurx,Accurx,Accurx
LYNDHURST SURGERY,J82146,5697,50.8719441718211,-1.57738739402068,Anima,Anima,Anima
THE CLANFIELD PRACTICE,J82147,7847,50.9356406080932,-1.00069984903865,eConsult,eConsult,eConsult
DERBY ROAD GROUP PRACTICE,J82149,16644,50.8157436274095,-1.08195989572023,eConsult,eConsult,eConsult
CORNERWAYS MEDICAL CENTRE,J82150,11747,50.8540616607835,-1.77101397835758,Anima,Anima,Anima
TWIN OAKS MEDICAL CENTRE,J82151,5564,50.7809653899197,-1.73714800736057,eConsult,eConsult,eConsult
BRIDGEMARY MEDICAL CENTRE,J82152,8288,50.8276281145475,-1.17539475743859,Accurx,Accurx,Accurx
MEON HEALTH PRACTICE,J82154,35817,50.8600681424712,-1.20970442424642,Anima,Patchs,Patchs
PORTSDOWN GROUP PRACTICE,J82155,62223,50.8128759943658,-1.0809515378942,Anima,Anima,Anima
WATERFRONT AND SOLENT SURGERY,J82156,7934,50.8708869613891,-1.40073191658885,Accurx,Accurx,Accurx
WILSON PRACTICE,J82157,17096,51.1537390990665,-0.966973735507294,Accurx,Accurx,Accurx
WESTLANDS MEDICAL CENTRE,J82161,10378,50.8439870645771,-1.13336241830342,,Patchs,Patchs
OAKS HEALTHCARE,J82163,17089,50.8946120959575,-1.0173134274994,Anima,Anima,Anima
BOYATT WOOD SURGERY,J82169,8742,50.9777910416051,-1.36077912854746,eConsult,eConsult,eConsult
LOCKSWOOD SURGERY,J82174,14084,50.8625182259323,-1.27259499771332,eConsult,eConsult,eConsult
PRINCES GARDENS SURGERY,J82178,12912,51.2504070259874,-0.766458345585663,Engage GP; Rapid Health,Rapid Health,Rapid Health
MAYFIELD MEDICAL CENTRE,J82181,9095,51.3057984966692,-0.764672828300895,Rapid Health,Rapid Health,Rapid Health
PINEHILL SURGERY,J82184,4509,51.1084299746212,-0.859892152912777,Anima,Anima,Anima
EAST SHORE PARTNERSHIP,J82194,13674,50.8063454961501,-1.06152285969662,Anima; eConsult; SystmConnect,Anima,Anima
HOMEWELL CURLEW PRACTICE,J82196,15282,50.8510666472863,-0.978019460837684,Anima,Anima,Anima
THE WELLINGTON PRACTICE,J82198,6397,51.2543433681595,-0.765601847924798,Klinik,Klinik,Klinik
THE UNICITY MEDICAL CENTRE,J82199,17928,50.801349704538,-1.08943001916317,SystmConnect,Anima,Anima
THE GRANGE SURGERY,J82201,8153,51.0012379735895,-0.937935236044155,eConsult,Patchs,Patchs
HILL LANE SURGERY,J82207,11254,50.9169803426757,-1.4157095174232,eConsult,eConsult,eConsult
ST. PETERS SURGERY,J82208,7601,50.8978286014281,-1.37279224779893,eConsult,eConsult,eConsult
THE ELMS PRACTICE,J82210,9480,50.7897951080717,-0.97648285923209,eConsult; Silicon Health FootFall,Silicon Health FootFall,Silicon Health FootFall
BROOK HOUSE SURGERY,J82213,6186,50.9216477310755,-1.44528585498059,eConsult,eConsult,eConsult
WHITCHURCH SURGERY,J82214,9937,51.2296421726006,-1.34158399161575,Blinx; Silicon Health FootFall,Silicon Health FootFall,Silicon Health FootFall
SOLENT VIEW MEDICAL PRACTICE,J82215,13341,50.8027275629421,-1.20184417407266,eConsult,eConsult,eConsult
BROOK LANE SURGERY,J82216,13582,50.8709168748381,-1.27397076111912,eConsult,eConsult,eConsult
HOMELESS HEALTHCARE TEAM,J82217,490,50.9139882304806,-1.39497898931573,,,Unknown
CHINEHAM MEDICAL PRACTICE,J82218,18253,51.2888078042462,-1.0583210530807,Accurx,Accurx,Accurx
WALNUT TREE SURGERY,J82605,4796,50.9149205597824,-1.40668824719272,eConsult,eConsult,eConsult
LIVING WELL PARTNERSHIP,J82622,48767,50.8888813116474,-1.36950027620495,Anima,,Anima
BOUNDARIES SURGERY,J82625,4821,51.1134261976958,-1.04059382609329,Accurx,Accurx,Accurx
CRONDALL NEW SURGERY,J82628,6030,51.2369128968944,-0.857630377095301,Accurx,Accurx,Accurx
NORTH CAMP SURGERY,J82630,6229,51.2768183184265,-0.749593460760571,Anima,,Anima
WATERSHIP DOWN HEALTH,J82639,19355,51.3256367026287,-1.24696788857658,,Silicon Health FootFall,Silicon Health FootFall
HORNDEAN SURGERY,J82640,7294,50.9139771477856,-0.996763273959481,eConsult,eConsult,eConsult
BLOSSOM HEALTH,J82646,16944,50.8614475929452,-0.999685729639953,eConsult,eConsult,eConsult
ROWNER HEALTH CENTRE,J82669,9161,50.8134564373998,-1.17423901731603,Anima,Anima,Anima
MERCHISTON SURGERY,J83001,13340,51.5875263855016,-1.74902388271853,SystmConnect,,SystmConnect
WESTROP MEDICAL PRACTICE,J83002,49821,51.6338151974488,-1.71436259733557,Accurx,Accurx,Accurx
HARCOURT MEDICAL CENTRE,J83003,13072,51.0673909171142,-1.80130494566964,Accurx,Accurx,Accurx
WHITEPARISH SURGERY,J83004,7803,51.010387193551,-1.65065557700467,SystmConnect,SystmConnect,SystmConnect
BARCROFT MEDICAL CENTRE,J83005,10740,51.1730890407166,-1.77922388104764,Anima,Silicon Health FootFall,Silicon Health FootFall
PURTON SURGERY,J83006,10951,51.5857614515753,-1.87783198009838,SystmConnect,SystmConnect,SystmConnect
HATHAWAY SURGERY,J83007,15336,51.4673241098145,-2.13976389447922,Rapid Health,Rapid Health,Rapid Health
LOVEMEAD GROUP PRACTICE,J83008,18905,51.3185734243794,-2.20260516080457,eConsult,eConsult,eConsult
RIDGEWAY VIEW FAMILY PRACTICE,J83009,15014,51.5242922611277,-1.7917726374645,SystmConnect,SystmConnect,SystmConnect
PORCH SURGERY,J83010,11619,51.4323538566154,-2.19201793587344,Accurx,Accurx,Accurx
GIFFORDS PRIMARY CARE CTR,J83011,14354,51.3678147554653,-2.13088836637359,eConsult,eConsult,eConsult
BOX SURGERY,J83013,7823,51.4181986865316,-2.25040068627937,Accurx,Accurx,Accurx
CASTLE PRACTICE,J83014,16386,51.2562136839055,-1.61659792267708,,Silicon Health FootFall,Silicon Health FootFall
TROWBRIDGE HEALTH CENTRE,J83016,31859,51.3253738433569,-2.20821111078096,eConsult,eConsult,eConsult
AVENUE SURGERY,J83018,17961,51.206322540022,-2.17853587368884,Accurx,Accurx,Accurx
THE ORCHARD PARTNERSHIP,J83019,12327,51.0782904627989,-1.86520951355135,SystmConnect,SystmConnect,SystmConnect
SALISBURY MEDICAL PRACTICE,J83021,24458,51.0725062933682,-1.80904189706313,Accurx,Accurx,Accurx
OLD TOWN SURGERY,J83022,9224,51.5500439792971,-1.79619557367964,SystmConnect,SystmConnect,SystmConnect
AVON VALLEY PRACTICE,J83023,8922,51.2941052378445,-1.81210374206834,SystmConnect,Patchs,Patchs
PRIORY ROAD MEDICAL CENTRE,J83024,8702,51.5528916758072,-1.74918129299555,SystmConnect,SystmConnect,SystmConnect
THREE CHEQUERS MEDICAL PRACTICE,J83026,23650,51.0722173738145,-1.79474729294591,SystmConnect,SystmConnect,SystmConnect
HAWTHORN MEDICAL CENTRE,J83027,12053,51.5766038321605,-1.77890841589442,SystmConnect,SystmConnect,SystmConnect
TINKERS LANE SURGERY,J83029,8675,51.5435770627804,-1.90061298144373,SystmConnect,SystmConnect,SystmConnect
BRADFORD-ON-AVON AND MELKSHAM HEALTH,J83030,18766,51.3452164539996,-2.25313229772146,eConsult,eConsult,eConsult
WHALEBRIDGE PRACTICE,J83033,21405,51.5622992752408,-1.78159874098694,Anima,Anima,Anima
LANSDOWNE SURGERY,J83034,6678,51.3562085794457,-2.00174585072435,SystmConnect,SystmConnect,SystmConnect
ABBEY MEADS MEDICAL PRACT,J83035,14852,51.5978226161562,-1.79278699616012,SystmConnect,SystmConnect,SystmConnect
ASHINGTON HOUSE SURGERY,J83036,10252,51.5574732011548,-1.82661475403204,Rapid Health; SystmConnect,Rapid Health,Rapid Health
KENNET AND AVON MEDICAL PARTNERSHIP,J83037,16838,51.4178151490843,-1.73020502911158,SystmConnect,SystmConnect,SystmConnect
KINGSWOOD SURGERY,J83038,29212,51.5577838031644,-1.7538135051189,SystmConnect,SystmConnect,SystmConnect
NORTHLANDS SURGERY,J83039,13803,51.4417727163764,-2.00533217550078,Anima,Anima,Anima
WESTBURY GROUP PRACTICE,J83040,24926,51.2526660715551,-2.20344181437717,SystmConnect,SystmConnect,SystmConnect
MALMESBURY MEDICAL PARTNERSHIP,J83041,16662,51.5776404231893,-2.09440062935792,Patchs,Patchs,Patchs
ROWDEN SURGERY,J83042,19970,51.4538534080126,-2.12510077865083,SystmConnect,SystmConnect,SystmConnect
DOWNTON SURGERY,J83043,6658,50.990681040328,-1.74267424122584,SystmConnect,SystmConnect,SystmConnect
RAMSBURY SURGERY,J83045,10344,51.4462586626017,-1.59391489157274,SystmConnect,SystmConnect,SystmConnect
SPA MEDICAL CENTRE,J83046,15806,51.3668676238559,-2.12601226763042,eConsult,eConsult,eConsult
ELDENE SURGERY,J83047,8418,51.5553186993002,-1.73752273218403,SystmConnect,SystmConnect,SystmConnect
ST MELOR HOUSE SURGERY,J83048,6936,51.1716756100277,-1.77832949277915,,Silicon Health FootFall,Silicon Health FootFall
SOUTHBROOM SURGERY,J83049,12516,51.3522877320029,-1.9890372710335,SystmConnect,SystmConnect,SystmConnect
PATFORD HOUSE PARTNERSHIP,J83050,14838,51.4375916361947,-2.00546114309947,Patchs,Patchs,Patchs
SARUM HEALTH GROUP,J83052,16402,51.0716803056843,-1.79755412615055,SystmConnect,SystmConnect,SystmConnect
ST. JAMES SURGERY,J83053,7420,51.3533578223297,-1.98994170924567,SystmConnect,SystmConnect,SystmConnect
NEW COURT SURGERY,J83055,9853,51.543554208843,-1.9051695777185,SystmConnect,SystmConnect,SystmConnect
MARKET LAVINGTON SURGERY,J83056,5420,51.2899189559463,-1.97527071907906,SystmConnect,,SystmConnect
NORTH SWINDON PRACTICE,J83057,19875,51.5923399045049,-1.80810603467816,Rapid Health; SystmConnect,Rapid Health,Rapid Health
TISBURY SURGERY,J83058,4308,51.0653825561626,-2.08013719478308,SystmConnect,SystmConnect,SystmConnect
THE LAWN MEDICAL CENTRE,J83059,9669,51.5477111548219,-1.76142454487291,SystmConnect,SystmConnect,SystmConnect
MERE SURGERY,J83060,5092,51.0901324698182,-2.26582870892359,,,Unknown
RIDGE GREEN MEDICAL PRACTICE,J83064,12272,51.5676794482,-1.83623956603108,Patchs,Patchs,Patchs
BURBAGE SURGERY,J83601,4219,51.3489465833727,-1.66990032355544,SystmConnect,,SystmConnect
JUBILEE FIELD SURGERY,J83603,4854,51.4840914086758,-2.19187541641589,Accurx,Accurx,Accurx
CRICKLADE SURGERY,J83609,3508,51.6402785267493,-1.8564724250802,SystmConnect,,SystmConnect
OLD SCHOOL HOUSE SURGERY,J83615,3473,51.378356331974,-1.6025473314482,,SystmConnect,SystmConnect
THE TOLSEY SURGERY,J83618,3366,51.5716485775021,-2.21348351828684,SystmConnect,SystmConnect,SystmConnect
COURTYARD SURGERY,J83619,3381,51.2803901491094,-1.99602193354894,,Silicon Health FootFall,Silicon Health FootFall
LODGE SURGERY,J83625,8367,51.4479417355253,-2.10162925941805,SystmConnect,SystmConnect,SystmConnect
SILTON SURGERY,J83629,2404,51.0747858799375,-2.31524210298041,,Silicon Health FootFall,Silicon Health FootFall
HINDON SURGERY,J83630,2504,51.0960985075756,-2.13102829556128,,Silicon Health FootFall,Silicon Health FootFall
VICTORIA CROSS SURGERY,J83633,10370,51.5566021483668,-1.77904755090899,SystmConnect,SystmConnect,SystmConnect
PHOENIX SURGERY,J83645,4348,51.5539050548572,-1.82156575908632,SystmConnect,SystmConnect,SystmConnect
PARK LANE PRACTICE,J83646,7682,51.558790436564,-1.79582736108599,SystmConnect,SystmConnect,SystmConnect
VENTNOR MEDICAL PRACTICE,J84003,8185,50.5946192021333,-1.20461966820602,eConsult,eConsult,eConsult
EAST COWES MEDICAL CENTRE,J84004,8756,50.7585891493794,-1.28719338886202,eConsult,,eConsult
ESPLANADE SURGERY,J84005,8374,50.7319427733723,-1.1586974141843,eConsult,,eConsult
ST. HELENS MEDICAL CENTRE,J84007,6581,50.699060861767,-1.10971261477353,eConsult,eConsult,eConsult
ARGYLL HOUSE,J84008,5433,50.7269152658132,-1.16614065558225,eConsult,,eConsult
NEWPORT HEALTH CENTRE,J84011,24757,50.6916904727593,-1.31077417464295,,,Unknown
TOWER HOUSE SURGERY,J84012,14593,50.7272847131528,-1.1549979121393,eConsult,eConsult,eConsult
THE BAY MEDICAL PRACTICE,J84013,27058,50.6505373569739,-1.16221696577846,Rapid Health,Rapid Health,Rapid Health
COWES MEDICAL CENTRE,J84015,15499,50.75107022165,-1.3017521413623,Rapid Health,eConsult,eConsult
SOUTH WIGHT MEDICAL PRACTICE,J84016,6503,50.5877804720213,-1.28591816713771,eConsult,eConsult,eConsult
SOLENT NHS TRUST T/A MEDINA HEALTHCARE,J84017,8472,50.69706756992,-1.29860363385967,eConsult,eConsult,eConsult
WIGHT PRIMARY PARTNERSHIPS LTD,J84019,11022,50.6814799799568,-1.52431279919982,eConsult,eConsult,eConsult
THE WATERFIELD PRACTICE,K81001,15538,51.4092037447847,-0.733922708463828,Klinik,Patchs,Patchs
EASTFIELD HOUSE SURGERY,K81002,15164,51.3955585232025,-1.32325499208796,Anima,Anima,Anima
SWALLOWFIELD MEDICAL PRACTICE,K81003,15657,51.3789384630843,-0.958867358994272,,Patchs,Patchs
THE POTTERIES,K81004,14485,51.4600272729327,-1.02581297743016,Evergreen Health,Evergreen Health,Evergreen Health
LONDON STREET SURGERY,K81007,5434,51.4519728132373,-0.968245585778892,,GP Triage,GP Triage
KINGS CORNER SURGERY,K81010,7117,51.399629300545,-0.650306421637696,eConsult,eConsult,eConsult
THE BOAT HOUSE SURGERY,K81012,12199,51.486092574094,-1.08590545338207,Accurx,Accurx,Accurx
BALMORE PARK SURGERY,K81014,20140,51.469571569269,-0.973564402382244,Accurx,Accurx,Accurx
WOODLANDS PARK SURGERY,K81015,3590,51.502544919121,-0.760398434401607,eConsult,eConsult,eConsult
FALKLAND SURGERY,K81017,14518,51.3822736749707,-1.33576168694776,eConsult,eConsult,eConsult
LINDEN MEDICAL CENTRE,K81018,10147,51.5308132046374,-0.737414858945584,eConsult,eConsult,eConsult
ROSS ROAD MEDICAL CENTRE,K81019,5953,51.5098757045666,-0.732013472746145,eConsult,eConsult,eConsult
CLAREMONT HOLYPORT SURGERY,K81020,18867,51.5249926311789,-0.719730262577239,eConsult,eConsult,eConsult
DATCHET HEALTH CENTRE,K81021,10090,51.4821830839654,-0.575561152663654,eConsult,eConsult,eConsult
WOKINGHAM MEDICAL CENTRE,K81022,28751,51.4110723145032,-0.831604533404071,eConsult,Patchs,Patchs
LANGLEY HEALTH CENTRE,K81024,23395,51.495312903153,-0.541284159220486,eConsult,eConsult,eConsult
FINCHAMPSTEAD PRACTICE,K81025,19671,51.3750017122023,-0.85813155201717,Accurx,Accurx,Accurx
CHATHAM STREET SURGERY,K81026,7963,51.4559228165671,-0.981916058957781,,GP Triage,GP Triage
MORTIMER SURGERY,K81027,11208,51.3775954160698,-1.06854131003915,Accurx,,Accurx
MAGNOLIA HOUSE SURGERY,K81028,8928,51.4000083255786,-0.634122704430452,eConsult,eConsult,eConsult
RINGMEAD MEDICAL GROUP,K81030,40446,51.3908380092675,-0.752007326135078,Rapid Health,Rapid Health,Rapid Health
CROSBY HOUSE SURGERY,K81034,11694,51.5191846165701,-0.59938524004309,eConsult,eConsult,eConsult
THE CEDARS SURGERY,K81036,12002,51.5249895924176,-0.719723716960706,eConsult,eConsult,eConsult
MILMAN & KENNET SURGERY,K81040,19615,51.4437319446146,-0.967754985801267,Accurx,Accurx,Accurx
EMMER GREEN SURGERY,K81041,11631,51.4828809826686,-0.970659058791633,Accurx; Silicon Health FootFall,Accurx,Accurx
COOKHAM MEDICAL CENTRE,K81042,7986,51.5583557619738,-0.725804528295235,eConsult,eConsult,eConsult
HERSCHEL MEDICAL CENTRE,K81043,18704,51.5063689672969,-0.592458351959541,eConsult,eConsult,eConsult
PARKSIDE PRACTICE,K81045,16882,51.4466104175328,-0.935686996990607,Anima,Anima,Anima
LEE HOUSE SURGERY,K81046,8487,51.4758370447837,-0.614795883680834,eConsult,eConsult,eConsult
BROOKSIDE GROUP PRACTICE,K81047,30801,51.4328811372856,-0.911349083030857,Anima; Silicon Health FootFall,Anima,Anima
LONG BARN LANE SURGERY,K81048,9225,51.4361788661642,-0.96674550359066,Accurx,Accurx,Accurx
THE DOWNLAND PRACTICE,K81050,11099,51.4634193112358,-1.31437941287195,Silicon Health FootFall,Silicon Health FootFall,Silicon Health FootFall
WOODLEY PRACTICE,K81051,13804,51.4534027967407,-0.904816445140366,Anima,Patchs,Patchs
LAMBOURN SURGERY,K81052,6181,51.5046956668583,-1.52693316156625,eConsult,eConsult,eConsult
WARGRAVE PRACTICE,K81055,7657,51.5016676222885,-0.861936597503706,Accurx,,Accurx
WESTWOOD ROAD SURGERY,K81056,6585,51.4604031401313,-1.04196959614767,,,Unknown
HUNGERFORD SURGERY,K81057,7193,51.4154492666731,-1.5191115532098,Accurx,Accurx,Accurx
BINFIELD SURGERY,K81060,12635,51.4279734286133,-0.779160365664552,Klinik,Klinik,Klinik
WESTERN ELMS & CIRCUIT LANE SURGERIES,K81062,27049,51.4558348478524,-0.992554256195231,Accurx,Accurx,Accurx
STRAWBERRY HILL MEDICAL CENTRE,K81063,22354,51.4057952224566,-1.32777856155193,Accurx,Accurx,Accurx
THE SYMONS MEDICAL CENTRE,K81066,11213,51.5230728456733,-0.739243304199315,,Anima,Anima
SHEET STREET SURGERY,K81068,8976,51.4796475167807,-0.605507220530269,eConsult,eConsult,eConsult
LODDON VALE PRACTICE,K81069,14601,51.4548794443051,-0.889726518475981,Accurx,Accurx,Accurx
TWYFORD SURGERY,K81070,12146,51.481714723799,-0.861943600791478,Anima,Anima,Anima
THATCHAM HEALTH CENTRE,K81073,18114,51.4040177042874,-1.26238692780565,Anima,Anima,Anima
CLARENCE MEDICAL CENTRE,K81074,14946,51.4793992345585,-0.617956916358144,Accurx,Accurx,Accurx
FARNHAM ROAD PRACTICE,K81075,38028,51.5299241510534,-0.617840490682475,Anima,Anima,Anima
GREEN MEADOWS SURGERY,K81076,9319,51.4086931036773,-0.688147557079378,eConsult,eConsult,eConsult
THEALE MEDICAL CENTRE,K81077,10894,51.4377833283041,-1.08061148936671,Silicon Health FootFall,Silicon Health FootFall,Silicon Health FootFall
GROVELANDS MEDICAL CENTRE,K81078,13316,51.4602437479648,-1.00978773064809,,GP Triage,GP Triage
NEW WOKINGHAM ROAD SURGERY,K81080,9833,51.3703346687146,-0.80273133245432,Accurx,Accurx,Accurx
ABBEY MEDICAL CENTRE,K81081,2460,51.453249506619,-0.98263754206556,Accurx,Accurx,Accurx
THE VILLAGE MEDICAL CENTRE,K81082,10709,51.5129504777865,-0.647435928185963,eConsult,eConsult,eConsult
BHARANI MEDICAL CENTRE,K81083,17846,51.5205394609305,-0.647412930900842,Anima,Anima,Anima
ROSEMEAD SURGERY,K81084,7719,51.5248796890691,-0.704525792333964,eConsult; Silicon Health FootFall,eConsult,eConsult
SHREEJI MEDICAL CENTRE,K81085,10208,51.5185292945348,-0.607029796779578,eConsult,eConsult,eConsult
MANOR PARK MEDICAL CENTRE,K81086,11963,51.5256198915562,-0.601393339221458,eConsult,eConsult,eConsult
EASTHAMPSTEAD SURGERY,K81087,7398,51.4054470917996,-0.754255143942128,,Klinik,Klinik
WOOSEHILL PRACTICE,K81092,15266,51.4137472331858,-0.855096879789078,Accurx,Silicon Health FootFall,Silicon Health FootFall
GREAT HOLLANDS PRACTICE,K81094,4563,51.3986611220402,-0.770726389950822,,Patchs,Patchs
REDWOOD HOUSE SURGERY,K81097,5823,51.5104648123437,-0.761912751995805,eConsult,eConsult,eConsult
PEMBROKE SURGERY,K81100,6439,51.4496277507196,-0.952223884147956,,GP Triage,GP Triage
BURDWOOD SURGERY,K81102,10374,51.3973419020132,-1.2475529094925,Anima,Anima,Anima
CHAPEL ROW SURGERY,K81103,8890,51.4239274371933,-1.17624606762055,Accurx; Silicon Health FootFall,Silicon Health FootFall,Silicon Health FootFall
UNIVERSITY MEDICAL GROUP,K81605,31911,51.4413421311851,-0.954787514942694,Accurx,Accurx,Accurx
CORDWALLIS ROAD SURGERY,K81607,3309,51.5281856807038,-0.72311493554698,eConsult,eConsult,eConsult
DR NABI,K81608,5049,51.5191474554849,-0.632824861085182,eConsult,eConsult,eConsult
FOREST HEALTH GROUP-MOUNT LANE,K81610,31045,51.4138099719541,-0.745845773068664,Klinik,Klinik,Klinik
KUMAR MEDICAL CENTRE,K81616,5689,51.5171528561341,-0.581460702101752,eConsult,eConsult,eConsult
SOUTH MEADOW SURGERY,K81630,14363,51.4887875824856,-0.610399296451062,Accurx; eConsult,Accurx,Accurx
SOUTH READING & SHINFIELD GROUP MED PRAC,K81633,11587,51.4048854058938,-0.946360026449989,Accurx,Accurx,Accurx
COLEY PARK SURGERY,K81636,8803,51.4517425361623,-0.983059600499307,Accurx,Accurx,Accurx
TILEHURST VILLAGE SURGERY,K81644,15076,51.4612328305801,-1.04226890502272,Accurx,Accurx,Accurx
240 WEXHAM ROAD,K81645,7443,51.5168999817735,-0.578398699278402,eConsult,eConsult,eConsult
MELROSE SURGERY,K81651,17332,51.4516919392025,-0.959861689971332,Accurx,Anima,Anima
ASCOT MEDICAL CENTRE,K81655,7181,51.4089325353589,-0.688273561799025,eConsult,eConsult,eConsult
CROWN WOOD MEDICAL CENTRE,K81656,7008,51.3955545531584,-0.737332429116436,Rapid Health,Rapid Health,Rapid Health
EVERGREEN PRACTICE,K81657,6117,51.4172214370741,-0.752914101757771,Rapid Health,Rapid Health,Rapid Health
RECTORY MEADOW SURGERY,K82001,10597,51.669078861962,-0.617499720203705,Klinik,Klinik,Klinik
WOLVERTON HEALTH CENTRE,K82003,15944,52.0546006563647,-0.81578351332577,Accurx,Accurx,Accurx
AMERSHAM HEALTH CENTRE,K82004,14253,51.6750358463537,-0.604186321684524,Accurx,Accurx,Accurx
THE IVERS PRACTICE,K82006,9210,51.5192911762738,-0.509515231719444,Accurx,Accurx,Accurx
THE SWAN PRACTICE,K82007,31093,52.0017156864472,-0.985446362778077,Accurx,Accurx,Accurx
THE HALL PRACTICE,K82008,10497,51.606926428257,-0.561306670973821,,Patchs,Patchs
WATLING STREET PRACTICE,K82009,41319,52.0562652959512,-0.853194097885792,Rapid Health,Rapid Health,Rapid Health
TOWER HOUSE SURGERY,K82010,9808,51.6362693390979,-0.769602652916993,Accurx; Silicon Health FootFall,Accurx,Accurx
MILLBARN MEDICAL CENTRE,K82011,10488,51.5989948082068,-0.654068473757912,Klinik,Klinik,Klinik
HIGHFIELD SURGERY,K82012,7074,51.6503865358991,-0.713396965054123,Klinik,Klinik,Klinik
THE RED HOUSE SURGERY,K82013,14360,51.9962164667265,-0.723215527134616,Silicon Health FootFall,Silicon Health FootFall,Silicon Health FootFall
OAKFIELD SURGERY,K82014,5975,51.8178636811188,-0.789544570196247,Accurx,Patchs,Patchs
PARKSIDE MEDICAL CENTRE,K82015,9955,51.9986200382285,-0.746670749382169,Anima; Silicon Health FootFall,Anima,Anima
NEWPORT PAGNELL MED.CTR.,K82016,28842,52.0864653985962,-0.725297512866674,Accurx,Accurx,Accurx
DESBOROUGH SURGERY,K82017,14094,51.6315876446865,-0.762187159075904,Accurx,Accurx,Accurx
THE MANDEVILLE PRACTICE,K82019,16612,51.8023144453589,-0.821113529694156,Accurx,Accurx,Accurx
CHILTERN HOUSE MED CENTRE,K82020,6366,51.6334709143631,-0.752368260590955,Accurx,Accurx,Accurx
THE CROSS KEYS PRACTICE,K82021,15293,51.7239406988685,-0.831535530343822,Klinik,Klinik,Klinik
KINGSWOOD SURGERY,K82022,10557,51.6353703578186,-0.722462858208858,Accurx,Accurx,Accurx
MARLOW MEDICAL GROUP,K82023,38254,51.5738258402831,-0.770019285817827,Klinik,Klinik,Klinik
THE NEW SURGERY CHESHAM,K82024,11055,51.7129475279285,-0.608348355207936,Accurx,Accurx,Accurx
SOVEREIGN MEDICAL CENTRE,K82025,10761,52.0609371379188,-0.746022754708831,Engage GP,Engage GP,Engage GP
WHADDON HEALTHCARE,K82026,21571,51.9997668072596,-0.766796913495763,SystmConnect,SystmConnect,SystmConnect
PURBECK HEALTH CENTRE,K82027,6064,52.0613654450271,-0.773915464437498,Accurx; Anima,Accurx,Accurx
HADDENHAM MEDICAL CENTRE,K82028,9946,51.7735293531493,-0.919000603615282,Accurx,Accurx,Accurx
WYE VALLEY SURGERY,K82030,11289,51.626441627287,-0.753427876955994,Accurx,Accurx,Accurx
THREEWAYS SURGERY,K82031,6278,51.549748194512,-0.585120220606906,Accurx,Accurx,Accurx
OAKRIDGE PARK MEDICAL CENTRE,K82032,12263,52.0689322350429,-0.778381648873675,Silicon Health FootFall; SystmConnect,SystmConnect,SystmConnect
BURNHAM HEALTH CENTRE,K82033,18847,51.5353016743748,-0.662085717708473,Accurx,,Accurx
THE JOHN HAMPDEN SURGERY,K82035,3874,51.6996542400439,-0.739305724739114,Accurx,Accurx,Accurx
RIVERSIDE SURGERY,K82036,11690,51.6330801496002,-0.760470448539664,Accurx,Accurx,Accurx
WATER MEADOW SURGERY,K82037,13503,51.7025839040363,-0.61306359254125,SystmConnect,SystmConnect,SystmConnect
POPLAR GROVE PRACTICE,K82038,24512,51.8224005710293,-0.794428778058956,eConsult,eConsult,eConsult
BEDFORD STREET SURGERY,K82039,16427,51.995637307036,-0.729524317712062,Silicon Health FootFall,Silicon Health FootFall,Silicon Health FootFall
WHITEHILL SURGERY,K82040,13812,51.8193912973789,-0.818636764116404,Accurx,Accurx,Accurx
CARRINGTON HOUSE SURGERY,K82044,9924,51.6326661995069,-0.749413857727954,Accurx,,Accurx
SOUTHMEAD SURGERY,K82045,6869,51.5525375450249,-0.6169533665761,Accurx,Accurx,Accurx
THE SIMPSON CENTRE,K82046,18977,51.5989953618362,-0.654054019033186,Klinik,Klinik,Klinik
UNITY HEALTH,K82047,22861,51.724878169453,-0.836303653031835,Klinik,Klinik,Klinik
STOKENCHURCH MEDICAL CTRE,K82048,6920,51.6605042020307,-0.90422694456598,Accurx,Accurx,Accurx
HUGHENDEN VALLEY SURGERY,K82049,12081,51.6598713728822,-0.750747075178844,Accurx,Accurx,Accurx
THE MISBOURNE SURGERY,K82051,10982,51.6077856030981,-0.558044667330663,Accurx,Accurx,Accurx
PRIORY SURGERY,K82053,11048,51.6320491803074,-0.74973424747238,Accurx,Accurx,Accurx
ASHFIELD MEDICAL CENTRE,K82054,10264,52.0201487177624,-0.737706789702405,Accurx,Accurx,Accurx
DENHAM MEDICAL CENTRE,K82055,10519,51.5858343606354,-0.501582601613658,Accurx,Accurx,Accurx
COBBS GARDEN SURGERY,K82057,9006,52.1565539659206,-0.70250967283025,Accurx,Accurx,Accurx
GLADSTONE ROAD SURGERY,K82058,5740,51.7129475279285,-0.608348355207936,,Accurx,Accurx
WESTFIELD ROAD SURGERY,K82059,8761,51.9933347449884,-0.727783448242977,Accurx; Silicon Health FootFall,Accurx,Accurx
ASHCROFT SURGERY,K82061,4825,51.898115265873,-0.717699081326872,,Accurx,Accurx
FISHERMEAD MEDICAL CENTRE,K82064,7782,52.0362094022792,-0.747516494415762,Accurx; Silicon Health FootFall,Accurx,Accurx
CENTRAL MILTON KEYNES MEDICAL CENTRE,K82065,20536,52.0419475412703,-0.775059181267302,Accurx; Silicon Health FootFall,Accurx,Accurx
BOURNE END & WOOBURN GREEN MEDICAL CTR,K82066,13607,51.5886738931625,-0.682416614527036,Accurx; Klinik,Klinik,Klinik
WADDESDON SURGERY,K82068,5589,51.8452806064459,-0.917065272817674,Accurx,Accurx,Accurx
3W HEALTH,K82070,19749,51.8979897981065,-0.719099365612581,Accurx,Accurx,Accurx
WESTONGROVE PARTNERSHIP,K82073,33454,51.7656325722209,-0.743308878433654,Klinik,Klinik,Klinik
THE ALLAN PRACTICE,K82078,10341,51.6069858091364,-0.561015973615113,Accurx,Accurx,Accurx
EDLESBOROUGH SURGERY,K82079,8838,51.8679375972198,-0.58865160107624,Accurx,Accurx,Accurx
CRESSEX HEALTH CENTRE,K82603,12265,51.6171140501326,-0.77880147105848,Accurx,Accurx,Accurx
THE GROVE SURGERY,K82610,8436,52.0236511280754,-0.735114481531862,Accurx,Accurx,Accurx
WALNUT TREE HEALTH CENTRE,K82615,15084,52.0219990006113,-0.690870296153209,Engage GP,Engage GP,Engage GP
THE STONEDEAN PRACTICE,K82617,8295,52.0562652959512,-0.853194097885792,Silicon Health FootFall,,Silicon Health FootFall
PROSPECT HOUSE SURGERY,K82618,3463,51.701343189595,-0.705266802935246,Evergreen Health,Evergreen Health,Evergreen Health
LITTLE CHALFONT SURGERY,K82621,4660,51.6677229337087,-0.56664076291642,Accurx,Accurx,Accurx
MILTON KEYNES VILLAGE SURG,K82631,16077,52.0438774629957,-0.697879370144402,Accurx,Accurx,Accurx
WESTCROFT HEALTH CENTRE,K82633,16211,52.0063665470135,-0.79569882627874,Accurx,Accurx,Accurx
LAKESIDE HEALTHCARE,K83002,46216,52.4916317190318,-0.698459744327941,Anima,Anima,Anima
QUEENSVIEW MEDICAL CENTRE,K83003,9765,52.2537366265573,-0.901873620098351,SystmConnect,SystmConnect,SystmConnect
QUEENSWAY MEDICAL CENTRE,K83005,14742,52.3049230966448,-0.717527523296284,Anima,Anima,Anima
HEADLANDS SURGERY,K83006,9591,52.3939882761473,-0.728036867802959,Anima,Anima,Anima
HARBOROUGH FIELD SURGERY,K83007,13940,52.2863018529262,-0.58208227336702,Anima,Anima,Anima
THE PINES SURGERY,K83008,11098,52.2726857659272,-0.902490028964389,Anima,,Anima
MOULTON SURGERY,K83009,14544,52.2859692016308,-0.852785655791154,Anima,Anima,Anima
ELEANOR CROSS HEALTHCARE,K83010,19798,52.2195628906143,-0.902848306127583,Anima,Anima,Anima
THE REDWELL MEDICAL CENTRE,K83011,12349,52.314796403478,-0.701550255235844,Anima; Engage GP,Anima,Anima
KING EDWARD ROAD SURGERY,K83012,11883,52.2427655582166,-0.866422473617623,Accurx,,Accurx
ESKDAILL MEDICAL,K83013,15260,52.4011382881248,-0.733784715394557,Engage GP,Engage GP,Engage GP
LEICESTER TCE HEALTHCARE CTR,K83014,18031,52.2460929294485,-0.897843908918286,Anima; Rapid Health,Anima,Anima
DANETRE MEDICAL PRACTICE,K83015,12849,52.2517608821966,-1.16031183328401,Accurx; SystmConnect,SystmConnect,SystmConnect
WANSFORD,K83017,10700,52.5796696798682,-0.420117438999793,Accurx,Accurx,Accurx
SPRINGFIELD SURGERY,K83018,12539,52.0375460107633,-1.15420120298877,Rapid Health,Rapid Health,Rapid Health
THE LONG BUCKBY PRACTICE,K83019,6587,52.301320663571,-1.08266982593847,Accurx,,Accurx
ROTHWELL MEDICAL CENTRE,K83021,22025,52.4263089249915,-0.811416303447681,Accurx,Accurx,Accurx
TOWCESTER MEDICAL CENTRE,K83022,11728,52.1271594306596,-0.991993376430254,Accurx,Accurx,Accurx
OUNDLE,K83023,10619,52.4853390957799,-0.472879974175271,Anima,Anima,Anima
RUSHDEN MEDICAL CENTRE,K83024,8947,52.2906537974064,-0.604727736298807,Accurx; Anima,Anima,Anima
THE MOUNTS MEDICAL CENTRE,K83025,16690,52.2424955539417,-0.897727979342673,Accurx,Accurx,Accurx
ALBANY HOUSE MEDICAL CENTRE,K83026,20026,52.303490599152,-0.695400910920558,Anima,Anima,Anima
LANGHAM PLACE SURGERY,K83027,10274,52.2474195582205,-0.897415553794727,Accurx; Silicon Health FootFall,Accurx,Accurx
SPINNEY BROOK MEDICAL CENTRE,K83028,11544,52.3243803670571,-0.6140412057671,Accurx; Anima,Accurx,Accurx
ABINGTON PARK SURGERY,K83029,12882,52.2426019336686,-0.869048296395657,Accurx,Accurx,Accurx
THE COTTONS MEDICAL CENTRE,K83030,9313,52.3456702127188,-0.548002537255666,Anima,Accurx,Accurx
BYFIELD MEDICAL CENTRE,K83031,8280,52.1758203343922,-1.24372640964686,Accurx,,Accurx
ABBEY HOUSE MEDICAL PRACTICE,K83032,22057,52.2603193074022,-1.16072487713136,Accurx,Accurx,Accurx
KINGSTHORPE MEDICAL CTR.,K83035,6863,52.2579616964975,-0.892187443375261,,,Unknown
LINDEN MEDICAL GROUP,K83036,16990,52.3970459829769,-0.716132687306425,Accurx; Silicon Health FootFall,Anima,Anima
DR SPENCER & PARTNERS,K83037,13873,52.3585987255275,-0.675924476620371,Anima,Anima,Anima
DRYLAND MEDICAL CENTRE,K83039,12161,52.4025205405664,-0.72937948184633,,,Unknown
WOODVIEW MEDICAL CENTRE,K83040,11058,52.2683248536873,-0.841268272233237,Accurx,Accurx,Accurx
ST LUKES PRIMARY CARE CENTRE,K83041,23876,52.2446982424116,-0.939943894083657,Anima,Anima,Anima
PARK AVE MED CNT & KINGS HEATH PRACTICE,K83042,15360,52.2576060472658,-0.8707764870393,Accurx,Accurx,Accurx
ABINGTON MEDICAL CENTRE,K83043,14716,52.2532240250374,-0.866654013426734,Anima,Patchs,Patchs
PARKLANDS MEDICAL CENTRE,K83044,13693,52.2835401594579,-0.596228494508049,Accurx; Anima,Anima,Anima
ABBEY MEDICAL PRACTICE,K83047,28443,52.2984736457428,-0.682183872770808,Anima,Anima,Anima
BROOK MEDICAL CENTRE,K83048,5699,52.2555429874446,-0.803700678013028,Accurx; Anima,Anima,Anima
BRACKLEY MEDICAL CENTRE,K83049,16234,52.0380559769935,-1.13771105986574,SystmConnect,SystmConnect,SystmConnect
THE CRESCENT MEDICAL CTR.,K83050,7158,52.2500166117642,-0.878190903970679,Accurx; Engage GP,Accurx,Accurx
WEAVERS MEDICAL,K83051,29064,52.4011382881248,-0.733784715394557,Accurx,Accurx,Accurx
THE PARKS MEDICAL PRACTICE,K83052,22879,52.1148796679619,-0.831420149449917,Accurx,Accurx,Accurx
CRICK MEDICAL PRACTICE,K83053,6499,52.3437696461506,-1.1358795049917,Anima; Engage GP,Anima,Anima
WOOTTON MEDICAL CENTRE,K83055,7941,52.2024959181562,-0.886265189486389,Anima,Accurx,Accurx
COUNTY SURGERY,K83056,4196,52.2488387360312,-0.873459958977349,Accurx,Anima,Anima
WOODSEND MEDICAL CENTRE,K83059,31058,52.4845055455676,-0.711909255037484,Rapid Health,Rapid Health,Rapid Health
THE SAXON SPIRES PRACTICE,K83064,16322,52.3531019400519,-1.01737228797659,Accurx,Accurx,Accurx
NENE VALLEY SURGERY,K83065,6921,52.4000600478943,-0.536781679537529,Anima,Anima,Anima
GREENS NORTON & WEEDON MEDICAL PRACTICE,K83066,14568,52.1446893175995,-1.0205476281923,SystmConnect,SystmConnect,SystmConnect
DENTON VILLAGE SURGERY,K83068,6314,52.2138633373161,-0.773270138050588,Accurx,Accurx,Accurx
MARSHALLS ROAD SURGERY,K83069,3191,52.3447852727902,-0.537594248142657,Anima,,Anima
BUGBROOKE MEDICAL PRACTICE,K83070,10771,52.2111214199721,-1.00756940859744,Accurx; Rapid Health,Rapid Health,Rapid Health
MAYFIELD SURGERY,K83076,8784,52.2580847894221,-0.834912766753761,Accurx,Accurx,Accurx
GREENVIEW SURGERY,K83077,9372,52.2577433984881,-0.883328981554338,Anima,Anima,Anima
HIGHAM FERRERS SURGERY,K83080,5540,52.3067974771397,-0.593776906862415,Anima,Anima,Anima
SUMMERLEE MEDICAL CENTRE,K83081,1893,52.3373035990239,-0.653208368049604,SystmConnect,SystmConnect,SystmConnect
EARLS BARTON MEDICAL CENTRE,K83601,8302,52.2649852438301,-0.758515433520474,Accurx,Accurx,Accurx
DANES CAMP MEDICAL CENTRE,K83610,15063,52.2051380139142,-0.90438889831078,Accurx,Accurx,Accurx
THE MEADOWS SURGERY,K83616,6387,52.3994997501551,-0.537749002476881,Accurx; Anima,Accurx,Accurx
DR ABBAS,K83618,12350,52.2580847894221,-0.834912766753761,Accurx,Accurx,Accurx
THE BROOK HEALTH CENTRE,K83620,9139,52.1272922699638,-0.991756649589073,Accurx,Accurx,Accurx
MAPLE ACCESS PARTNERSHIP LLP,K83621,14677,52.2367151537567,-0.891076279133132,Accurx; Silicon Health FootFall,Accurx,Accurx
GREAT OAKLEY MEDICAL CENTRE,K83622,15617,52.4702294488318,-0.721939378086068,Accurx,Accurx,Accurx
THE HART SURGERY,K84001,10356,51.5381903177595,-0.908365345083659,Accurx,Accurx,Accurx
DIDCOT HEALTH CENTRE PRACTICE,K84002,19656,51.6065233346738,-1.24763124098587,Accurx,Accurx,Accurx
ISLIP SURGERY,K84003,6994,51.8250106619495,-1.24039962957105,Accurx,Accurx,Accurx
DONNINGTON MEDICAL PARTNERSHIP,K84004,13100,51.7356448791745,-1.23177594643928,Accurx,Accurx,Accurx
EYNSHAM MEDICAL GROUP,K84006,16229,51.7814622036102,-1.37571055021361,Accurx,Accurx,Accurx
TEMPLE COWLEY HEALTH CENTRE,K84007,8285,51.7348067454402,-1.21245802196791,Accurx,Accurx,Accurx
CHALGROVE & WATLINGTON SURGERIES,K84008,8038,51.6411586844143,-0.996271713015098,Accurx,Accurx,Accurx
HEDENA HEALTH,K84009,26600,51.7624050049447,-1.20637051249941,Accurx,Accurx,Accurx
BAMPTON SURGERY,K84010,9041,51.729606134105,-1.54736674260464,,Silicon Health FootFall,Silicon Health FootFall
SUMMERTOWN HEALTH CENTRE,K84011,18991,51.7743829877244,-1.26327996902696,Accurx,Accurx,Accurx
ELM TREE SURGERY,K84012,8871,51.5991353083976,-1.65400005557474,Rapid Health,Rapid Health,Rapid Health
ST BARTHOLOMEWS & HOLLOW WAY MED CENTRE,K84013,29161,51.7476683879753,-1.23210801977506,Accurx,,Accurx
MORLAND HOUSE SURGERY,K84014,11299,51.7490146096508,-1.13833458595222,Accurx,Accurx,Accurx
NETTLEBED SURGERY,K84015,3940,51.5762797239851,-0.991885584563522,Accurx,,Accurx
BEAUMONT ELMS PRACTICE,K84016,22734,51.7548090771247,-1.26184543593634,Accurx,Accurx,Accurx
WINDRUSH MEDICAL PRACTICE,K84017,21367,51.7874996627159,-1.48862059077659,Accurx; Engage GP,Accurx,Accurx
NEWBURY STREET PRACTICE,K84019,15975,51.5987449051145,-1.4257897320921,Accurx,Accurx,Accurx
SONNING COMMON HEALTH CTR,K84020,9849,51.5156031286881,-0.982114013887709,Accurx,Accurx,Accurx
BANBURY ROAD MEDICAL CENTRE,K84021,9494,51.7747712043389,-1.26353453723822,Accurx,Accurx,Accurx
BERINSFIELD HEALTH CENTRE,K84023,6306,51.6637450922032,-1.17753355333538,Accurx,eConsult,eConsult
WINDRUSH SURGERY,K84024,9029,52.0588994620256,-1.34329358487812,Accurx,Accurx,Accurx
OBSERVATORY MEDICAL PRACTICE,K84026,12124,51.7605432837874,-1.26724337005756,Accurx,Accurx,Accurx
MALTHOUSE SURGERY,K84027,15091,51.6720580338108,-1.28297343530821,Accurx,Anima,Anima
BANBURY CROSS HEALTH CENTRE,K84028,41769,52.057428429451,-1.34068984703177,Accurx; Blinx,Accurx,Accurx
CHIPPING NORTON HEALTH CENTRE,K84030,15222,51.9455865251133,-1.53507909504256,Accurx; Silicon Health FootFall,Accurx,Accurx
THE LEYS HEALTH CENTRE,K84031,12380,51.7178134374734,-1.19655498268144,Accurx,Accurx,Accurx
BARTLEMAS SURGERY,K84032,9645,51.7471853718987,-1.23249281564028,Accurx,Accurx,Accurx
CHURCH STREET PRACTICE,K84033,20491,51.5987631691514,-1.4258472520438,Accurx,Accurx,Accurx
CLIFTON HAMPDEN SURGERY,K84034,3366,51.6586252238951,-1.21145132922538,Accurx,Accurx,Accurx
THE BELL SURGERY,K84035,10927,51.5381830832499,-0.908718634410746,Accurx,Accurx,Accurx
MILL STREAM SURGERY,K84036,6014,51.6204362277349,-1.10688421685494,Accurx,Accurx,Accurx
WALLINGFORD MEDICAL PRACTICE,K84037,19024,51.5946744930451,-1.12829345106079,Accurx,,Accurx
MONTGOMERY HOUSE SURGERY,K84038,16195,51.8969095274774,-1.15802094439363,eConsult,eConsult,eConsult
MARCHAM RD FAMILY HEALTH CENTRE,K84041,14638,51.6695797511298,-1.30295307458745,Blinx,,Blinx
WOODSTOCK SURGERY,K84042,9643,51.8466144509767,-1.3545446256495,Accurx,Accurx,Accurx
WOODLANDS MEDICAL CENTRE,K84043,18920,51.6036367814479,-1.25889819511342,Accurx,Accurx,Accurx
MANOR SURGERY,K84044,26543,51.7614741394658,-1.21503708187786,Accurx,Accurx,Accurx
GOSFORD HILL MEDICAL CENTRE,K84045,7407,51.8155005445539,-1.28085943699126,Accurx,Accurx,Accurx
WYCHWOOD SURGERY,K84046,6228,51.8631760932319,-1.59679629166747,Accurx; Engage GP,Engage GP,Engage GP
BURFORD SURGERY,K84047,7953,51.8084211783327,-1.64131988377589,Accurx,eConsult,eConsult
THE RYCOTE PRACTICE,K84050,13850,51.7450042858081,-0.968566698677255,Accurx,eConsult,eConsult
WHITE HORSE MEDICAL PRACTICE,K84051,19431,51.6515922611409,-1.5800146341525,Engage GP,Engage GP,Engage GP
BICESTER HEALTH CENTRE,K84052,20204,51.8967420947621,-1.1572392880641,eConsult,eConsult,eConsult
THE ABINGDON SURGERY,K84054,19972,51.6720221416702,-1.28151344898461,Accurx,Accurx,Accurx
DEDDINGTON HEALTH CENTRE,K84055,12139,51.9828326065474,-1.32027896248447,Accurx,Accurx,Accurx
CROPREDY SURGERY,K84056,5201,52.1167306999593,-1.32002673070874,Accurx,Accurx,Accurx
BLOXHAM SURGERY,K84058,8057,52.0185572322709,-1.37458818243384,Accurx,Accurx,Accurx
HIGHTOWN SURGERY,K84059,12429,52.0512282398372,-1.33649367521394,Accurx,Accurx,Accurx
ST. CLEMENT'S SURGERY,K84060,6001,51.7479281230994,-1.24164935139226,Accurx,Accurx,Accurx
WOODLANDS SURGERY,K84062,9972,52.0674385499943,-1.32070244545453,Accurx,Accurx,Accurx
COWLEY ROAD MEDICAL PRACTICE,K84063,11886,51.7471853718987,-1.23249281564028,Accurx,,Accurx
SIBFORD SURGERY,K84065,3231,52.0378274782367,-1.47873110493605,Accurx,,Accurx
LUTHER STREET MEDICAL PRACTICE,K84066,494,51.7476365131827,-1.25794994531023,,,Unknown
GORING & WOODCOTE MEDICAL PRACTICE,K84071,10361,51.5343443693765,-1.07700995894098,Accurx,Accurx,Accurx
NUFFIELD HEALTH CENTRE,K84072,11574,51.7864409147186,-1.48679327774739,Accurx; eConsult,eConsult,eConsult
BROADSHIRES HEALTH CENTRE,K84075,12411,51.7651594275109,-1.58665717624321,Accurx,Accurx,Accurx
JERICHO HEALTH CENTRE,K84078,12048,51.7605432837874,-1.26724337005756,Accurx,Accurx,Accurx
LONG FURLONG MEDICAL CENTRE,K84079,9276,51.6883482232689,-1.27675614435858,Accurx,Accurx,Accurx
NORTHGATE HEALTH CENTRE,K84080,13074,51.7530065579151,-1.25769653234758,Accurx,,Accurx
THE KEY MEDICAL PRACTICE,K84082,12570,51.8215575283504,-1.28923614559126,Accurx; Silicon Health FootFall,,Unknown
KES@NORTHGATE,K84605,6328,51.7530065579151,-1.25769653234758,Accurx,Accurx,Accurx
THE CHARLBURY MEDICAL CENTRE,K84610,5194,51.8741321742701,-1.481017235499,Accurx,Accurx,Accurx
ALCHESTER MEDICAL GROUP,K84613,21397,51.8913139985079,-1.13772352412435,eConsult,eConsult,eConsult
COGGES SURGERY,K84618,8544,51.7822654270664,-1.47376522511063,Accurx,Accurx,Accurx
OAK TREE HEALTH CENTRE,K84624,11111,51.6149863593412,-1.24096321631844,Accurx,Accurx,Accurx
PORTISHEAD MEDICAL GROUP,L81004,17366,51.4829144385229,-2.76600540898871,Accurx,Accurx,Accurx
BRIDGE VIEW MEDICAL,L81007,39285,51.4453806774944,-2.5997574462537,Klinik,Klinik,Klinik
SHIREHAMPTON GROUP PRACTICE,L81008,11343,51.4889797597055,-2.67757222735539,eConsult,eConsult,eConsult
STOCKWOOD MEDICAL CENTRE,L81009,10769,51.411285989551,-2.54518220396317,Accurx,Accurx,Accurx
HOPE HOUSE SURGERY,L81010,8338,51.2925982996703,-2.44538772591636,Accurx,Accurx,Accurx
MONTPELIER HEALTH CENTRE,L81012,18795,51.4670632073366,-2.58947789919851,Accurx,Accurx,Accurx
FISHPONDS FAMILY PRACTICE,L81013,12766,51.4796847067353,-2.52656634249945,eConsult,eConsult,eConsult
FROME VALLEY MEDICAL CENTRE,L81014,14349,51.5343426069737,-2.49601283616491,Klinik,Klinik,Klinik
CHARLOTTE KEEL MEDICAL PRACTICE,L81015,18806,51.4654642560445,-2.57171936781959,Accurx,,Accurx
GRAHAM ROAD SURGERY,L81016,9358,51.3438933725366,-2.97515668599245,Evergreen Health,askmyGP,askmyGP
WESTBURY ON TRYM PRIMARY CARE CENTRE,L81017,12627,51.4935042116814,-2.61701157616289,Accurx,Accurx,Accurx
SEVERN VIEW FAMILY PRACTICE,L81018,9026,51.6122704800245,-2.51791080115793,Klinik,,Klinik
CONCORD MEDICAL CENTRE,L81019,18319,51.5294212630971,-2.55487578012008,Anima,Anima,Anima
WIDCOMBE SURGERY,L81020,8877,51.3764427384968,-2.35478264100515,Accurx; SystmConnect,Accurx,Accurx
WINSCOMBE SURGERY,L81021,11515,51.3151998284276,-2.83053109806768,Anima; Evergreen Health,askmyGP,askmyGP
HORFIELD HC,L81022,18312,51.4901201620864,-2.57710540828242,Accurx,Accurx,Accurx
EAST TREES HEALTH CENTRE,L81023,15592,51.4704893628867,-2.56222791160083,Accurx,Accurx,Accurx
COURTSIDE SURGERY,L81024,15372,51.5389870175079,-2.4150595743086,eConsult,eConsult,eConsult
SOMER VALLEY MEDICAL GROUP,L81025,18656,51.2875326983423,-2.47589655132612,Accurx,Accurx,Accurx
THE DOWNEND HEALTH GROUP,L81026,28231,51.4853245453779,-2.50566251415075,eConsult,eConsult,eConsult
BATHEASTON MEDICAL CENTRE,L81027,8811,51.4060324776772,-2.31738685420386,SystmConnect,SystmConnect,SystmConnect
THREE SHIRES MEDICAL PRACTICE,L81029,9581,51.4523136258291,-2.42234640706416,Accurx,Accurx,Accurx
HARPTREE SURGERY,L81030,6626,51.3112723810437,-2.63318584990816,Accurx,Accurx,Accurx
THE ARMADA FAMILY PRACTICE,L81031,16189,51.4134378405376,-2.57186073560846,eConsult,eConsult,eConsult
NIGHTINGALE VALLEY PRACTICE,L81033,14798,51.4460546903649,-2.54695670557224,Klinik,Klinik,Klinik
TYNTESFIELD MEDICAL GROUP,L81034,34915,51.4329049206319,-2.7601192037417,Accurx,Accurx,Accurx
PIONEER MEDICAL GROUP,L81037,23524,51.5103062268959,-2.61762767588981,Accurx,,Accurx
AIR BALLOON SURGERY,L81038,13169,51.4589105754855,-2.53252491782297,Accurx,Accurx,Accurx
HEART OF BATH,L81039,25755,51.376363863232,-2.37394696413583,Accurx,Accurx,Accurx
CLEVEDON MEDICAL CENTRE,L81040,16674,51.4372279436771,-2.84571999583552,Accurx,Accurx,Accurx
HILLVIEW FAMILY PRACTICE,L81041,7415,51.4076254989544,-2.60133349809675,Accurx,Accurx,Accurx
KENNEDY WAY SURGERY,L81042,12386,51.5396204837256,-2.41513065718234,eConsult,eConsult,eConsult
TUDOR LODGE SURGERY,L81044,12212,51.3321932512518,-2.97417389237916,Evergreen Health,askmyGP,askmyGP
ST AUGUSTINE'S MEDICAL PRACTICE,L81045,19678,51.4228795000297,-2.49473272170693,Accurx,Accurx,Accurx
LEAP VALLEY MEDICAL CENTRE,L81046,7850,51.496193352042,-2.48971584078041,eConsult,,eConsult
WEST WALK SURGERY,L81047,15010,51.5399443673527,-2.4145428656101,Klinik,Klinik,Klinik
CLOSE FARM SURGERY,L81050,7432,51.4499913638259,-2.46662743900348,eConsult,eConsult,eConsult
168 MEDICAL GROUP,L81051,24965,51.3460114959042,-2.95711023686053,Evergreen Health,askmyGP,askmyGP
THE LENNARD SURGERY,L81053,8336,51.4245504054778,-2.61369792524265,Accurx,Accurx,Accurx
GRANGE ROAD SURGERY,L81054,12201,51.4134951176875,-2.61965793965734,Accurx,Accurx,Accurx
ORCHARD MEDICAL CENTRE,L81055,12831,51.4620866132222,-2.51065946062412,,Silicon Health FootFall,Silicon Health FootFall
THE MILTON SURGERY,L81058,9012,51.352667046301,-2.94919280296229,Evergreen Health,askmyGP,askmyGP
ELM HAYES SURGERY,L81059,8896,51.2994336124819,-2.49356508604087,Accurx,Accurx,Accurx
THE WELLSPRING SURGERY,L81061,11162,51.4558097448,-2.56147637957123,Accurx,Accurx,Accurx
FIRECLAY HEALTH,L81062,24560,51.4605769228945,-2.52870691233433,Accurx,Accurx,Accurx
KINGSWOOD HEALTH CENTRE,L81063,12734,51.4628960827452,-2.49997130115358,Klinik,Klinik,Klinik
COMBE DOWN SURGERY,L81065,14175,51.3610032160933,-2.34559932947577,Accurx,Accurx,Accurx
STAFFORD MEDICAL GROUP,L81066,10654,51.3532957000279,-2.91425230601877,Accurx,Accurx,Accurx
THE PULTENEY PRACTICE,L81068,12169,51.3853320048727,-2.35255104469629,SystmConnect,SystmConnect,SystmConnect
ST. MICHAEL'S SURGERY,L81069,8289,51.3818543875589,-2.39948252996354,Accurx,Accurx,Accurx
NEWBRIDGE SURGERY,L81070,8997,51.3877051277712,-2.39502103073769,Accurx,Accurx,Accurx
FAIRFIELD PARK HEALTH CENTRE,L81071,14651,51.3949709394502,-2.35259643801777,SystmConnect,SystmConnect,SystmConnect
CHEW MEDICAL PRACTICE,L81072,10626,51.3554767705546,-2.63030975414608,,SystmConnect,SystmConnect
WEST VIEW SURGERY,L81073,8230,51.4126896707424,-2.50161077802831,Accurx,,Accurx
THE OLD SCHOOL SURGERY,L81075,32172,51.4822171938431,-2.5292596494725,Klinik,Patchs,Patchs
GLOUCESTER ROAD MEDICAL CENTRE,L81078,22627,51.4851529218624,-2.58687136253731,Accurx,Accurx,Accurx
HANHAM HEALTH,L81079,21222,51.4435865108076,-2.51200623294338,Anima,,Anima
PEMBROKE ROAD SURGERY,L81081,19897,51.4640410592403,-2.61826940804858,Accurx,Accurx,Accurx
BEDMINSTER FAMILY PRACTICE,L81082,14073,51.4441590650999,-2.59421615596636,Klinik,Klinik,Klinik
HARTWOOD HEALTHCARE,L81083,8729,51.4076254989544,-2.60133349809675,Accurx,,Accurx
PRIORY SURGERY,L81084,11319,51.434219063687,-2.56600640163234,Accurx,Accurx,Accurx
HEYWOOD FAMILY PRACTICE,L81085,6556,51.4804158285165,-2.68998785008398,Accurx,Accurx,Accurx
MENDIP VALE MEDICAL PRACTICE,L81086,46336,51.3414740144737,-2.78836672873085,eConsult,eConsult,eConsult
BEECHWOOD MEDICAL PRACTICE,L81087,12809,51.4796847067353,-2.52656634249945,eConsult,,eConsult
LAWRENCE HILL HEALTH CENTRE,L81089,12023,51.4575852653909,-2.57219660173034,Accurx,Accurx,Accurx
THE FAMILY PRACTICE,L81090,17098,51.462707031925,-2.60336736546149,Accurx,Accurx,Accurx
WHITELADIES MEDICAL GROUP,L81091,16273,51.4651897813512,-2.61183581022319,Accurx,Accurx,Accurx
DOWNTON ROAD SURGERY,L81095,14570,51.4280064877279,-2.59668188766268,Accurx,Accurx,Accurx
GREENWAY COMMUNITY PRACTICE,L81098,12427,51.4993376864606,-2.61053558766221,eConsult,eConsult,eConsult
ST MARY STREET SURGERY,L81103,9071,51.6068383243662,-2.52543750919752,eConsult,Patchs,Patchs
STREAMSIDE SURGERY,L81106,5758,51.6122704800245,-2.51791080115793,eConsult,eConsult,eConsult
STOKES MEDICAL GROUP,L81118,38919,51.5174236323358,-2.5459243035071,Anima,Anima,Anima
BIRCHWOOD MEDICAL PRACTICE,L81120,9070,51.4462458533263,-2.54793818780568,Accurx,Accurx,Accurx
ST. MARY'S SURGERY,L81122,5607,51.3259559707451,-2.48001143084275,SystmConnect,,SystmConnect
HILLCREST SURGERY,L81123,5798,51.3115225941533,-2.43192688977728,SystmConnect,SystmConnect,SystmConnect
WELLS ROAD SURGERY,L81125,10093,51.4381012811086,-2.57201055401104,Accurx,Accurx,Accurx
ALMONDSBURY SURGERY,L81127,10208,51.5538786289183,-2.57377794939273,Anima,Anima,Anima
CADBURY HEATH HEALTHCARE,L81130,13066,51.4473123459723,-2.48865704941673,eConsult,eConsult,eConsult
FALLODON WAY MEDICAL CENTRE,L81131,11335,51.4830680835431,-2.60954055616077,Accurx,Accurx,Accurx
WESTFIELD SURGERY,L81132,5170,51.2847333383469,-2.45860367596431,SystmConnect,SystmConnect,SystmConnect
STUDENT HEALTH SERVICE,L81133,17565,51.462039472665,-2.60379038986711,Accurx,Accurx,Accurx
HARBOURSIDE FAMILY PRACTICE,L81600,11896,51.4844746058563,-2.75826998916279,Accurx,Accurx,Accurx
UNIVERSITY MEDICAL CENTRE,L81617,13542,51.3793273253751,-2.32715920212132,Accurx,Accurx,Accurx
EMERSONS GREEN MEDICAL CENTRE,L81632,10956,51.4927596509157,-2.47702699904043,eConsult,,eConsult
WELLINGTON ROAD SURGERY,L81642,6495,51.5492007929463,-2.41884483092693,eConsult,eConsult,eConsult
THE CEDARS SURGERY,L81643,16941,51.3580628173036,-2.9235989426678,Evergreen Health,askmyGP,askmyGP
RUSH HILL SURGERY,L81644,8952,51.3649889777385,-2.39327414436203,Accurx,Accurx,Accurx
MVMG - MONKS PARK,L81669,38084,51.4977403935582,-2.58341727113949,eConsult,eConsult,eConsult
HORIZON HEALTH CENTRE,L81670,5624,51.3319666916618,-2.96578886158043,Evergreen Health,,Evergreen Health
LANDER MEDICAL PRACTICE,L82001,18748,50.259979455957,-5.05586539116614,Accurx,Accurx,Accurx
PORT ISAAC SURGERY,L82003,8713,50.5899424379596,-4.82536488649822,Klinik; Silicon Health FootFall,Klinik,Klinik
WADEBRIDGE & CAMEL ESTUARY PRACTICE,L82004,7999,50.5148155868511,-4.83572932539963,Klinik; Silicon Health FootFall,Klinik,Klinik
PENRYN SURGERY,L82006,20596,50.1675044095391,-5.10335974337459,Klinik,Klinik,Klinik
CAMELFORD MEDICAL CENTRE,L82007,6637,50.6240273318691,-4.67678935605003,eConsult,eConsult,eConsult
STRATTON MEDICAL CENTRE,L82008,10669,50.8301358458354,-4.51703032577267,Accurx,Accurx,Accurx
BOSVENA HEALTH,L82010,23973,50.4719288502706,-4.72003796678916,Klinik,Klinik,Klinik
BRANNEL SURGERY,L82011,6404,50.3412062520459,-4.89237518338347,Silicon Health FootFall,Silicon Health FootFall,Silicon Health FootFall
TAMAR VALLEY HEALTH,L82012,16999,50.5034763766018,-4.32007320134311,Accurx,Accurx,Accurx
PERRANPORTH SURGERY,L82013,7950,50.3452713920192,-5.15475317009685,Accurx,,Accurx
CHACEWATER HEALTH CENTRE,L82015,7044,50.2559599856022,-5.15577671670909,Accurx,Accurx,Accurx
OAK TREE SURGERY,L82016,17419,50.4604660343881,-4.45071203960536,Accurx; Silicon Health FootFall,Accurx,Accurx
ST MARY'S HEALTH CENTRE,L82017,2267,49.9125981628239,-6.3088565026294,Accurx,Accurx,Accurx
HELSTON MEDICAL CENTRE,L82018,14043,50.0995922504501,-5.27008120598839,Accurx,Accurx,Accurx
OLD BRIDGE SURGERY,L82022,9879,50.3568123904562,-4.4553082777663,Accurx,Accurx,Accurx
PETROC GROUP PRACTICE,L82023,16136,50.537224080936,-4.94358041600278,Klinik,Klinik,Klinik
MEVAGISSEY SURGERY,L82025,4814,50.2708970542048,-4.78795516181115,,,Unknown
MIDDLEWAY SURGERY,L82026,6658,50.3564390070497,-4.7132168269599,Klinik,Klinik,Klinik
THREE SPIRES MEDICAL PRACTICE,L82028,17802,50.2600194173254,-5.05643879031005,Accurx,Accurx,Accurx
NARROWCLIFF SURGERY,L82029,16459,50.418023323212,-5.07031089461689,Accurx,Accurx,Accurx
LAUNCESTON MEDICAL CENTRE,L82030,18624,50.6276680856468,-4.360006828406,Klinik,Klinik,Klinik
FOWEY RIVER PRACTICE,L82035,8436,50.3374014220187,-4.63601270899593,Klinik,Klinik,Klinik
BODRIGGY HEALTH CENTRE,L82036,12308,50.1870791188837,-5.41281785911982,Accurx,Accurx,Accurx
ATLANTIC MEDICAL GROUP,L82038,12015,50.1224081015422,-5.54508526786457,Accurx,Accurx,Accurx
LOSTWITHIEL SURGERY,L82039,5364,50.4081594368598,-4.6685825790288,Klinik,Klinik,Klinik
CARN TO COAST HEALTH CENTRES,L82041,29508,50.2262224916212,-5.26815445083063,Klinik,Klinik,Klinik
LEATSIDE HEALTH CENTRE,L82042,16711,50.2332425534408,-5.23141236217856,Klinik,Klinik,Klinik
QUAY LANE SURGERY,L82043,4656,50.395351860072,-4.30569872578273,Accurx,Accurx,Accurx
VEOR SURGERY,L82044,8819,50.209972885403,-5.29956173332854,Accurx,Accurx,Accurx
PROBUS SURGERY,L82045,9461,50.2901248194508,-4.94854780886124,Silicon Health FootFall,Silicon Health FootFall,Silicon Health FootFall
SALTASH HEALTH CENTRE,L82046,12225,50.4097299246322,-4.2208910931042,Accurx,Accurx,Accurx
MARAZION SURGERY,L82047,7760,50.1269056420573,-5.46314624343274,Accurx,Accurx,Accurx
ROSELAND SURGERIES,L82048,3837,50.1784468765187,-4.97755899933335,Accurx,Patchs,Patchs
FALMOUTH HEALTH CENTRE,L82049,10572,50.1563981739493,-5.08601950771922,Accurx,Accurx,Accurx
ROSEDEAN SURGERY,L82050,8934,50.4536850336926,-4.46598554617985,Accurx,,Accurx
CLAYS PRACTICE,L82051,13218,50.4092314791044,-4.83310514935377,eConsult,eConsult,eConsult
TRESCOBEAS SURGERY,L82052,10511,50.1553099294053,-5.08533330998062,Klinik,Klinik,Klinik
ST. AGNES SURGERY,L82054,9377,50.3110130339858,-5.20184733307539,Accurx,Accurx,Accurx
THE MULLION & CONSTANTINE GROUP PRACTICE,L82056,8518,50.0252079614661,-5.24311513837835,Accurx,Accurx,Accurx
ST KEVERNE HEALTH CENTRE,L82057,2920,50.048600258238,-5.09073211664446,Accurx,Accurx,Accurx
BOTTREAUX SURGERY,L82058,4838,50.684287138728,-4.69143218492493,Accurx; Silicon Health FootFall,Accurx,Accurx
COBER VALLEY HEALTH,L82059,5696,50.0982120958933,-5.2710620819247,Accurx,Accurx,Accurx
CARNON DOWNS SURGERY,L82061,6108,50.2234495035674,-5.0919046203423,Accurx,Accurx,Accurx
PORT VIEW SURGERY,L82066,7097,50.4074299567937,-4.2160405013693,Accurx; Silicon Health FootFall,Accurx,Accurx
GODOLPHIN HEALTH,L82068,9191,50.1741981909158,-5.30987597619081,Klinik,,Klinik
SUNNYSIDE SURGERY,L82070,6680,50.1224081015422,-5.54508526786457,Accurx,Accurx,Accurx
HARRIS MEMORIAL SURGERY,L82620,6323,50.2472096252397,-5.26740022361998,Accurx,Accurx,Accurx
WESTOVER SURGERY,L82622,7227,50.1485845614018,-5.07469430233934,Accurx,Accurx,Accurx
HONITON SURGERY,L83002,17794,50.7945784840396,-3.18804340159889,Accurx,Accurx,Accurx
QUEEN'S MEDICAL CENTRE,L83003,11419,51.0801607021693,-4.05719596206289,,,Unknown
KINGSTEIGNTON MEDICAL PRACTICE,L83004,11578,50.5489803908442,-3.59739514097265,,Accurx,Accurx
BARTON SURGERY,L83005,15552,50.5804317755095,-3.4739071528349,Accurx,Accurx,Accurx
MAYFLOWER MEDICAL GROUP,L83006,32518,50.4049464820904,-4.18855167345487,,eConsult,eConsult
SEATON & COLYTON MEDICAL PRACTICE,L83007,9201,50.7130737939576,-3.07410992537511,Accurx,Accurx,Accurx
PATHFIELDS MEDICAL GROUP,L83008,29621,50.3862619328542,-4.05262601916002,SystmConnect,,SystmConnect
ASHBURTON SURGERY,L83010,7188,50.5176981239108,-3.75085112894479,Accurx,Accurx,Accurx
BUDLEIGH SALTERTON MEDICAL PRACTICE,L83011,8214,50.6300980859986,-3.32765934878423,Accurx,Accurx,Accurx
BRADWORTHY SURGERY,L83012,3205,50.9017916508986,-4.3851822778061,Accurx,Accurx,Accurx
BRUNEL MEDICAL PRACTICE,L83013,15316,50.4793488821762,-3.51694786227418,Patchs,Patchs,Patchs
MAYFIELD MEDICAL CENTRE,L83014,20220,50.433372861513,-3.56984412949868,Klinik,Klinik,Klinik
OAKSIDE SURGERY,L83015,8263,50.4117239629371,-4.16040348895185,SystmConnect,SystmConnect,SystmConnect
ST THOMAS MEDICAL GROUP,L83016,40695,50.7144720578848,-3.54517954352342,Accurx,Accurx,Accurx
ELM SURGERY,L83019,9924,50.4087132342755,-4.09602509338281,SystmConnect,SystmConnect,SystmConnect
AXMINSTER MEDICAL PRACTICE,L83020,12713,50.7808994533419,-2.99922601355666,Accurx,Accurx,Accurx
DEAN CROSS SURGERY,L83021,10256,50.3589394465219,-4.09535517652875,Anima,,Anima
MID DEVON MEDICAL PRACTICE,L83023,5820,50.9150273008041,-3.70557060369122,Accurx,Accurx,Accurx
BARNFIELD HILL SURGERY,L83024,8598,50.7234573570338,-3.51987350513395,Accurx,Accurx,Accurx
WALLINGBROOK HEALTH CENTRE,L83025,7662,50.9143899686331,-3.87503790139891,eConsult,eConsult,eConsult
TORRINGTON HEALTH CENTRE,L83026,5200,50.9520576838436,-4.14005600220259,Accurx,Accurx,Accurx
CROFT HALL MEDICAL PRACTICE,L83027,7361,50.4666719018315,-3.53583240718421,Accurx,,Accurx
ST NEOTS SURGERY,L83028,11428,50.3871838836555,-4.16022167076293,Accurx; Silicon Health FootFall,,Unknown
SOUTHOVER MEDICAL PRACTICE,L83029,8487,50.4744230065168,-3.52637347007025,Evergreen Health,Evergreen Health,Evergreen Health
NORTH ROAD WEST MED.CTR.,L83030,10051,50.3760623373524,-4.14626480093108,Accurx,Accurx,Accurx
KINGSKERSWELL & IPPLEPEN MED PRACTICE,L83031,12250,50.49988328416,-3.58231394154268,Klinik,Klinik,Klinik
ALBANY SURGERY,L83034,9918,50.5286468900224,-3.6084189945792,SystmConnect,SystmConnect,SystmConnect
LITCHDON MEDICAL CENTRE,L83035,16770,51.0695863679524,-4.04171060472775,Accurx,Accurx,Accurx
TOPSHAM SURGERY,L83036,11916,50.6838126923705,-3.46161575270058,Accurx,,Accurx
TAVYSIDE HEALTH CENTRE,L83038,13892,50.547209168288,-4.14458539984246,Accurx,Accurx,Accurx
SOUTHWAY SURGERY,L83039,5623,50.4284734841409,-4.13236778864181,Klinik,Klinik,Klinik
PINHOE SURGERY,L83040,18295,50.7375277073765,-3.46962246027085,Accurx,Accurx,Accurx
WESTBANK PRACTICE,L83041,9089,50.6789990695089,-3.49440313789717,Accurx,Accurx,Accurx
ST LEONARDS PRACTICE,L83042,9883,50.7232305509252,-3.52208538456577,Accurx,Accurx,Accurx
LEATSIDE SURGERY,L83043,14434,50.4344898707768,-3.68354591131916,SystmConnect,SystmConnect,SystmConnect
BLACKDOWN PRACTICE,L83044,8319,50.9131105769347,-3.22912530352779,Accurx,Accurx,Accurx
BOVEY TRACEY & CHUDLEIGH PRACTICE,L83045,14993,50.5921207389836,-3.67372146305058,SystmConnect,SystmConnect,SystmConnect
DEVON SQUARE SURGERY,L83046,9573,50.5304418413329,-3.60478325073911,Accurx,Accurx,Accurx
ROBOROUGH SURGERY,L83048,10860,50.4274697537298,-4.11507844124854,SystmConnect,SystmConnect,SystmConnect
MORETONHAMPSTEAD HEALTH CENTRE,L83049,3278,50.6627962194996,-3.76663605724698,Accurx,Accurx,Accurx
NORTHAM SURGERY,L83050,13232,51.0380777995463,-4.21546332209185,Accurx,Accurx,Accurx
CRICKETFIELD SURGERY,L83051,10333,50.5325259788722,-3.60756320280062,Accurx,Accurx,Accurx
CASTLE PLACE PRACTICE,L83052,12922,50.9088841439228,-3.49286454565422,Accurx,Accurx,Accurx
TOWNSEND HOUSE MEDICAL CENTRE,L83054,5613,50.7086997729955,-3.07357387132542,Accurx,Accurx,Accurx
COMPASS HOUSE MEDICAL CENTRES,L83055,15544,50.3968762229986,-3.50986870206947,Rapid Health,Rapid Health,Rapid Health
ROLLE MEDICAL PARTNERSHIP,L83056,26032,50.6211394972561,-3.40149851200397,Accurx,Accurx,Accurx
FREMINGTON MEDICAL CENTRE,L83057,7919,51.071313726982,-4.12231828948152,Accurx,Accurx,Accurx
SOUTHERNHAY HOUSE SURGERY,L83058,7615,50.7226138594907,-3.52357380778958,Accurx,Accurx,Accurx
NORTON BROOK MEDICAL CENTRE,L83059,10046,50.2887573241486,-3.78209840860704,SystmConnect,SystmConnect,SystmConnect
CHURCH VIEW SURGERY,L83064,12607,50.3568234481849,-4.08598300579769,Anima,,Anima
MOUNT PLEASANT HEALTH CENTRE,L83066,17789,50.7328246292159,-3.51594030830551,eConsult,eConsult,eConsult
SID VALLEY PRACTICE,L83067,14962,50.699490655799,-3.24681806391617,Accurx,Accurx,Accurx
RUBY COUNTRY MEDICAL GROUP,L83069,15140,50.818832336005,-4.35017125881989,Accurx,Accurx,Accurx
BUCKFASTLEIGH MEDICAL CENTRE,L83070,5126,50.4809338405816,-3.78198851293047,Accurx,Accurx,Accurx
STOKE SURGERY,L83071,7902,50.3792492155311,-4.16695881733866,Accurx,Accurx,Accurx
FRIARY HOUSE SURGERY,L83072,11819,50.372660095218,-4.12829236823352,SystmConnect,SystmConnect,SystmConnect
BRANNAM MEDICAL CENTRE,L83073,19492,51.0775784726483,-4.05623907643253,Accurx,Accurx,Accurx
SOUTH BRENT HEALTH CENTRE,L83075,6127,50.4247275694747,-3.83370044568755,Accurx,Accurx,Accurx
WYCLIFFE SURGERY,L83076,11867,50.3686491198896,-4.12285343767376,Accurx,Accurx,Accurx
HEAVITREE PRACTICE,L83077,7960,50.7232016929771,-3.50554233250275,eConsult,eConsult,eConsult
IDE LANE SURGERY,L83079,8912,50.6998764404062,-3.53492885478337,Accurx,Accurx,Accurx
YEALM MEDICAL CENTRE,L83081,6288,50.3485119061574,-3.99744214485403,Anima,Anima,Anima
CHAGFORD HEALTH CENTRE,L83082,3295,50.671538997021,-3.83864654855122,Accurx,Accurx,Accurx
BIDEFORD MEDICAL CENTRE,L83083,15128,51.0176435060578,-4.21383394301056,Accurx,Accurx,Accurx
SOUTH LAWN MEDICAL PRACTICE,L83084,8042,50.7232016929771,-3.50554233250275,Accurx,Accurx,Accurx
AMICUS HEALTH,L83085,18643,50.9049848377468,-3.48764805362603,Accurx,Accurx,Accurx
MODBURY HEALTH CENTRE,L83086,5299,50.3481886622055,-3.88816923752937,Accurx,,Accurx
OKEHAMPTON MEDICAL CENTRE,L83087,15342,50.7387946162209,-3.99759316612326,Accurx,Accurx,Accurx
REDFERN HEALTH CENTRE,L83088,5271,50.2391296906139,-3.77136959845224,Accurx; SystmConnect,SystmConnect,SystmConnect
KNOWLE HOUSE SURGERY,L83089,13970,50.4086299785762,-4.13409825023678,SystmConnect,SystmConnect,SystmConnect
COLLEGE SURGERY PARTNERSHIP,L83092,16365,50.8641807574139,-3.39270762129017,Accurx,Accurx,Accurx
DARTMOUTH MEDICAL PRACTICE,L83094,8549,50.3468122582491,-3.60114205405833,SystmConnect,SystmConnect,SystmConnect
COLERIDGE MEDICAL CENTRE,L83095,15917,50.7517032542477,-3.28356051704182,,,Unknown
COMBE COASTAL PRACTICE,L83096,18076,51.2039144652436,-4.12617048407202,Accurx,Accurx,Accurx
CAEN MEDICAL CENTRE,L83097,12827,51.107424739418,-4.16299232920857,Accurx,Accurx,Accurx
CHERITON BISHOP SURGERY,L83098,5443,50.7250938475884,-3.74124236919444,Accurx,Accurx,Accurx
ISCA MEDICAL PRACTICE,L83099,5537,50.727759988313,-3.51258877423026,eConsult,eConsult,eConsult
BEACON MEDICAL GROUP,L83100,43345,50.3862619328542,-4.05262601916002,SystmConnect,SystmConnect,SystmConnect
ABBEY SURGERY,L83101,15018,50.5479886262002,-4.14816388729507,Accurx; Anima,Anima,Anima
YELVERTON SURGERY,L83102,7493,50.4922328363809,-4.08392052667921,Accurx,Accurx,Accurx
CORNER PLACE SURGERY,L83103,16105,50.4332945203926,-3.56698310682402,Klinik,Klinik,Klinik
CASTLE GARDENS SURGERY,L83105,6726,50.9516363195781,-4.14004205129638,Accurx,Accurx,Accurx
WOODA SURGERY,L83106,9888,51.0177634953561,-4.20073332722702,Accurx,,Accurx
CHILCOTE PRACTICE,L83111,15945,50.4817509447522,-3.52120205764264,Accurx,Accurx,Accurx
WEST HOE SURGERY,L83112,6024,50.3647093834602,-4.14929593209158,Accurx,Accurx,Accurx
BUDSHEAD MEDICAL PRACTICE,L83113,7432,50.4174429582772,-4.15028891170486,SystmConnect,SystmConnect,SystmConnect
WHIPTON SURGERY,L83115,4957,50.7330186049771,-3.48810806045577,Accurx,Accurx,Accurx
WOODBURY SURGERY,L83116,5400,50.6736780398531,-3.39928419879814,Accurx,Accurx,Accurx
CHELSTON HALL SURGERY,L83118,17909,50.4640316922365,-3.54639892914408,Evergreen Health,Evergreen Health,Evergreen Health
CHANNEL VIEW MEDICAL GROUP,L83120,22229,50.546464065003,-3.49361006888177,Accurx,SystmConnect,SystmConnect
REDLANDS PRIMARY CARE,L83127,15845,50.7829225833155,-3.64085974804535,Accurx,Accurx,Accurx
BRAMBLEHAIES SURGERY,L83128,7649,50.8596518633187,-3.39136051021214,Accurx,Accurx,Accurx
HARTLAND SURGERY,L83129,3060,50.9924267693647,-4.48221129095698,Accurx,,Accurx
PEMBROKE MEDICAL GROUP,L83131,25112,50.4459102326313,-3.55980820571922,Klinik,Klinik,Klinik
WYNDHAM HOUSE SURGERY,L83134,4038,50.8170202268363,-3.48226694151395,Accurx,Accurx,Accurx
HALDON HOUSE SURGERY,L83136,6074,50.6200746275582,-3.41592846253533,Accurx,Accurx,Accurx
SOUTH MOLTON MEDICAL CENTRE,L83137,12739,51.0182742800838,-3.83251570833993,Accurx,Accurx,Accurx
HILL BARTON SURGERY,L83143,4626,50.7231482570995,-3.48163991021391,eConsult,eConsult,eConsult
CATHERINE HOUSE SURGERY,L83146,4993,50.4294174998056,-3.68353492595687,Accurx,Accurx,Accurx
LISSON GROVE MEDICAL CTR.,L83147,14456,50.3821785976588,-4.13306512748266,SystmConnect,SystmConnect,SystmConnect
CHILLINGTON HEALTH CENTRE,L83148,3738,50.2726744179666,-3.69318365921455,Accurx,Accurx,Accurx
OLD FARM SURGERY,L83607,5706,50.4380921215525,-3.58461778002243,Accurx,Accurx,Accurx
Sampford Peverell Surgery,L83616,2468,50.919706837957,-3.37846905375754,,,Unknown
DEVONPORT HEALTH CENTRE,L83624,7679,50.3700012967153,-4.16784930047116,Klinik,Klinik,Klinik
IMPERIAL SURGERY,L83628,6757,50.6198557732048,-3.4161763442734,Accurx,Accurx,Accurx
WEMBURY SURGERY,L83639,2915,50.322517142535,-4.0725106187463,Accurx,,Accurx
ST. LEVAN SURGERY,L83646,9287,50.3843620874898,-4.17733250723465,Klinik,Klinik,Klinik
PEVERELL PARK SURGERY,L83648,22862,50.392994904022,-4.14695923606847,Accurx; SystmConnect,SystmConnect,SystmConnect
ADELAIDE STREET SURGERY,L83651,4481,50.3707664091434,-4.15540595961704,,Klinik,Klinik
WONFORD GREEN SURGERY,L83655,7648,50.7143459751508,-3.49934961662138,Accurx,Accurx,Accurx
BLACK TORRINGTON SURGERY,L83663,2972,50.8277136190864,-4.17896024106188,Accurx,Accurx,Accurx
BUCKLAND SURGERY,L83666,3953,50.5299845897013,-3.58828754219957,Accurx,Accurx,Accurx
INCLUSION HEALTH DEVON CIC,L83673,733,50.727345229569,-3.5257808107541,,,Unknown
UNDERWOOD SURGERY,L84003,11475,51.901674182406,-2.08980423301096,Silicon Health FootFall,,Silicon Health FootFall
WINCHCOMBE MEDICAL CENTRE,L84004,7906,51.960556834881,-1.96346846106886,Anima,Anima,Anima
MINCHINHAMPTON SURGERY,L84005,8520,51.7059229240026,-2.18789337144578,Silicon Health FootFall,,Silicon Health FootFall
STAUNTON & CORSE SURGERY,L84006,6894,51.9594712233607,-2.30277192709814,Silicon Health FootFall,Silicon Health FootFall,Silicon Health FootFall
ROWCROFT MEDICAL CENTRE,L84007,12390,51.7457259530496,-2.21938800453076,Silicon Health FootFall,Silicon Health FootFall,Silicon Health FootFall
ST. GEORGE'S SURGERY,L84008,12207,51.9067061258371,-2.08149976011848,Silicon Health FootFall,Silicon Health FootFall,Silicon Health FootFall
HADWEN HEALTH,L84009,19458,51.8414777933501,-2.20432242422806,Rapid Health; Silicon Health FootFall,Silicon Health FootFall,Silicon Health FootFall
UPPER THAMES MEDICAL GROUP,L84010,10825,51.7136685527022,-1.97531778178207,Accurx; Anima,Accurx,Accurx
LYDNEY PRACTICE,L84011,8218,51.7279131557795,-2.52986679521927,Silicon Health FootFall,Silicon Health FootFall,Silicon Health FootFall
PHOENIX HEALTH GROUP,L84012,24625,51.7098026924442,-1.97695527865946,Silicon Health FootFall,Silicon Health FootFall,Silicon Health FootFall
HUCCLECOTE SURGERY,L84014,9002,51.8571608482726,-2.19366358931288,Silicon Health FootFall,Silicon Health FootFall,Silicon Health FootFall
SIXWAYS CLINIC,L84015,10875,51.8893338272635,-2.05374442339584,eConsult; Silicon Health FootFall,eConsult,eConsult
FRITHWOOD SURGERY,L84016,6852,51.730058851641,-2.16122155114582,Silicon Health FootFall,Silicon Health FootFall,Silicon Health FootFall
CIRENCESTER HEALTH GROUP,L84018,12635,51.7135400578752,-1.96492559384976,Accurx; Silicon Health FootFall,Accurx,Accurx
YORKLEY HEALTH CENTRE(WG),L84021,9056,51.7607543227492,-2.52465851729862,Silicon Health FootFall,Silicon Health FootFall,Silicon Health FootFall
YORKLEIGH SURGERY(CT),L84022,7580,51.8999429224874,-2.08445236133349,Accurx,Silicon Health FootFall,Silicon Health FootFall
CHURCH STREET PRACTICE,L84023,13125,51.9922803298275,-2.15343951928255,Accurx,Accurx,Accurx
DRYBROOK SURGERY,L84024,4104,51.8518058168159,-2.51680290908501,Silicon Health FootFall,Silicon Health FootFall,Silicon Health FootFall
HOYLAND HOUSE,L84025,4628,51.7904943705826,-2.19268161928468,eConsult,Silicon Health FootFall,Silicon Health FootFall
ASPEN MEDICAL PRACTICE,L84026,32543,51.8650954564571,-2.22630073809152,eConsult; Silicon Health FootFall,eConsult,eConsult
CULVERHAY SURGERY,L84027,18108,51.638921478317,-2.3486486158735,Silicon Health FootFall,Silicon Health FootFall,Silicon Health FootFall
FOREST HEALTH CARE,L84028,11857,51.8268781716279,-2.50770865401193,Silicon Health FootFall,Silicon Health FootFall,Silicon Health FootFall
DEAN MEDICAL PRACTICE,L84029,16779,51.7601089670474,-2.47782287868939,Silicon Health FootFall,Silicon Health FootFall,Silicon Health FootFall
BERKELEY PLACE SURGERY,L84030,18205,51.9108721918869,-2.05533577255121,Accurx; Silicon Health FootFall,Accurx,Accurx
STOW SURGERY,L84031,5776,51.9276375784367,-1.71586228538011,Silicon Health FootFall,Silicon Health FootFall,Silicon Health FootFall
WESTON HOUSE PRACTICE,L84033,19183,51.9067061258371,-2.08149976011848,Silicon Health FootFall,Silicon Health FootFall,Silicon Health FootFall
"PARTNERS IN HEALTH, PAVILION FAMILY DRS",L84034,12020,51.8533927360208,-2.24259007343876,Silicon Health FootFall,Silicon Health FootFall,Silicon Health FootFall
CLEEVELANDS MEDICAL CENTRE,L84036,11098,51.952984167329,-2.06941938253217,Anima; Silicon Health FootFall,Anima,Anima
THE HOLTS HEALTH CENTRE,L84037,12005,51.9315551351122,-2.40696610724731,Silicon Health FootFall,Silicon Health FootFall,Silicon Health FootFall
COTSWOLD MEDICAL PRACTICE,L84038,11331,51.886935653943,-1.75582804782156,Silicon Health FootFall,,Silicon Health FootFall
BEECHES GREEN SURGERY,L84039,8982,51.7472977809764,-2.22025022541943,Silicon Health FootFall,Silicon Health FootFall,Silicon Health FootFall
THE LECKHAMPTON SURGERY,L84040,12597,51.8839019356562,-2.08622374428785,Silicon Health FootFall; SystmConnect,SystmConnect,SystmConnect
OVERTON PARK SURGERY,L84041,13095,51.8995824781385,-2.08557077100179,SystmConnect,SystmConnect,SystmConnect
CHIPPING CAMPDEN SURGERY,L84043,4887,52.0523964995524,-1.78069656824295,SystmConnect,SystmConnect,SystmConnect
MITCHELDEAN SURGERY,L84045,7225,51.8658954268296,-2.48875013075012,Accurx; Silicon Health FootFall,Accurx,Accurx
DOCKHAM SURGERY,L84046,5832,51.8268781716279,-2.50770865401193,Silicon Health FootFall; SystmConnect,Silicon Health FootFall,Silicon Health FootFall
CHURCHDOWN SURGERY,L84047,16712,51.8829480136,-2.17230801739817,Accurx; Silicon Health FootFall,Silicon Health FootFall,Silicon Health FootFall
"THE STOKE ROAD SURGERY,",L84048,10352,51.9466391932583,-2.06487599494371,Anima; Silicon Health FootFall,Silicon Health FootFall,Silicon Health FootFall
THE ROYAL WELL SURGERY,L84049,8478,51.9067061258371,-2.08149976011848,Silicon Health FootFall,Silicon Health FootFall,Silicon Health FootFall
ROSEBANK SURGERY,L84050,40630,51.8177120349781,-2.27332773534543,Rapid Health; Silicon Health FootFall,SystmConnect,SystmConnect
CHIPPING SURGERY,L84051,9935,51.636066854982,-2.35609699088922,Silicon Health FootFall,Silicon Health FootFall,Silicon Health FootFall
SEVERNSIDE MEDICAL PRACTICE,L84052,10056,51.8661947258319,-2.25161991162635,Silicon Health FootFall,Silicon Health FootFall,Silicon Health FootFall
HILARY COTTAGE SURGERY,L84053,7686,51.7073591034177,-1.77443628620968,Accurx; Silicon Health FootFall,Silicon Health FootFall,Silicon Health FootFall
MYTHE MEDICAL PRACTICE,L84054,13996,51.9922803298275,-2.15343951928255,Silicon Health FootFall,Silicon Health FootFall,Silicon Health FootFall
ST. CATHERINE'S SURGERY,L84058,9352,51.9067061258371,-2.08149976011848,Accurx,Accurx,Accurx
ROYAL CRESCENT SURGERY,L84059,8084,51.9108721918869,-2.05533577255121,Accurx; Silicon Health FootFall,Accurx,Accurx
CAM & ULEY FAMILY PRACTICE,L84060,11097,51.700150927769,-2.36376265785854,Silicon Health FootFall; SystmConnect,SystmConnect,SystmConnect
RENDCOMB SURGERY,L84063,4989,51.7836737105688,-1.97842571142198,Silicon Health FootFall,Silicon Health FootFall,Silicon Health FootFall
PRICES MILL SURGERY,L84065,8971,51.6936062228998,-2.22314313629581,Anima; Silicon Health FootFall,Anima,Anima
LONGLEVENS SURGERY,L84067,10059,51.8760183630198,-2.21241064342403,Rapid Health; Silicon Health FootFall,Silicon Health FootFall,Silicon Health FootFall
MANN COTTAGE SURGERY,L84068,5926,51.9835543209963,-1.70595195297518,Silicon Health FootFall,Silicon Health FootFall,Silicon Health FootFall
WHITE HOUSE SURGERY,L84072,5118,51.9835543209963,-1.70595195297518,SystmConnect,SystmConnect,SystmConnect
MAY LANE SURGERY,L84075,9378,51.6806247175261,-2.35702518750058,Anima; Silicon Health FootFall,Anima,Anima
FIVE VALLEYS MEDICAL PRACTICE,L84077,14491,51.7456639998432,-2.21866755048124,Anima; Silicon Health FootFall,Anima,Anima
THE WILLOW TREE PRACTICE,L84080,11543,51.7432947486715,-2.28398681287584,Silicon Health FootFall,Silicon Health FootFall,Silicon Health FootFall
KINGSHOLM SURGERY,L84081,4387,51.869372751444,-2.24106397878456,Silicon Health FootFall,Silicon Health FootFall,Silicon Health FootFall
BROCKWORTH SURGERY,L84084,11575,51.844574726257,-2.15669557660562,eConsult; Silicon Health FootFall,eConsult,eConsult
SEVERNBANK SURGERY,L84085,3814,51.7263021767437,-2.52591120798663,Silicon Health FootFall,Silicon Health FootFall,Silicon Health FootFall
THE ALNEY PRACTICE,L84606,12019,51.8797074847333,-2.30158164327004,Silicon Health FootFall,Silicon Health FootFall,Silicon Health FootFall
STONEHOUSE HEALTH CLINIC,L84613,3672,51.747055663603,-2.28222446011788,Silicon Health FootFall,Silicon Health FootFall,Silicon Health FootFall
QUEDGELEY MEDICAL CENTRE,L84617,7766,51.8286505982756,-2.27481606235185,Silicon Health FootFall,Silicon Health FootFall,Silicon Health FootFall
FRENCH WEIR HEALTH CENTRE,L85001,17611,51.0191937547949,-3.11289495702726,Accurx,Accurx,Accurx
WELLS HEALTH CENTRE,L85002,11798,51.2032477019093,-2.65519159952176,Engage GP,Engage GP,Engage GP
EXMOOR MEDICAL CENTRE,L85003,3908,51.0389061794743,-3.54386843794695,Evergreen Health,askmyGP,askmyGP
"CREWKERNE HEALTH CENTRE, CREWKERNE",L85004,12392,50.8806309796467,-2.798173546269,Anima,askmyGP,askmyGP
CROWN MEDICAL CENTRE,L85006,10143,51.0302011616078,-3.07989671036853,,,Unknown
"CHURCH STREET SURGERY, MARTOCK",L85007,10224,50.9690122247539,-2.76691804715322,Anima,askmyGP,askmyGP
FROME MEDICAL CENTRE,L85008,29162,51.2373147705539,-2.31157345061746,Klinik,Klinik,Klinik
WEST SOMERSET HEALTHCARE,L85009,10697,51.1614191910498,-3.31867585715935,Accurx,Accurx,Accurx
CHEDDAR MEDICAL CENTRE,L85011,8427,51.2755089150019,-2.77495833218211,Accurx,,Accurx
WELLINGTON MEDICAL CENTRE,L85012,22511,50.974927772171,-3.23403146944216,Accurx,Accurx,Accurx
QUANTOCK MEDICAL CENTRE,L85013,4204,51.1495942042727,-3.15428922103024,Accurx,Accurx,Accurx
TAUNTON VALE HEALTHCARE,L85014,13380,51.0145053459656,-3.07970934352645,Accurx,Accurx,Accurx
"PRESTON GROVE MEDICAL CENTRE, YEOVIL",L85015,15990,50.942157082159,-2.64563525312159,Accurx,Accurx,Accurx
SYMPHONY NORTH HEALTHCARE,L85016,28296,51.2381111169363,-2.99294915656873,Evergreen Health,askmyGP,askmyGP
"PENN HILL SURGERY, YEOVIL",L85017,10396,50.9398963448822,-2.63316466374554,Evergreen Health,askmyGP,askmyGP
CANNINGTON HEALTH CENTRE,L85018,5141,51.1496792790054,-3.06398919800316,Accurx,Accurx,Accurx
MINEHEAD MEDICAL CENTRE,L85019,11150,51.2039325337217,-3.47696307411997,Accurx,,Accurx
BECKINGTON FAMILY PRACTICE,L85020,11544,51.266950441796,-2.28135373084378,Accurx,Accurx,Accurx
COLLEGE WAY SURGERY,L85021,15026,51.004736710689,-3.12104354980646,Accurx,Accurx,Accurx
DIAMOND HEALTH GROUP,L85022,13409,50.9380376994378,-2.63760825975978,eConsult,,eConsult
ST JAMES MEDICAL CENTRE,L85023,17659,51.0181208489223,-3.10180592896818,Accurx,Accurx,Accurx
POLDEN MEDICAL PRACTICE,L85024,11135,51.1502159021776,-2.87579017534187,Blinx; Rapid Health,Rapid Health,Rapid Health
CRANLEIGH GARDENS MEDICAL CENTRE,L85025,14009,51.1268509121917,-2.99541280803166,Accurx,Accurx,Accurx
"HAMDON MEDICAL CENTRE, STOKE-SUB-HAMDON",L85026,6011,50.9512402905416,-2.7521473029142,Anima,askmyGP,askmyGP
WINCANTON HEALTH CENTRE,L85027,8683,51.0529188521471,-2.42029883922255,Evergreen Health,askmyGP,askmyGP
VINE SURGERY PARTNERSHIP,L85029,13077,51.1258480835508,-2.73747580562348,Rapid Health,Rapid Health,Rapid Health
ARIEL HEALTHCARE,L85030,18116,50.8733179608221,-2.96180436724601,Klinik,Klinik,Klinik
MILBORNE PORT SURGERY,L85031,7539,50.9675052315661,-2.47196925563156,Evergreen Health,askmyGP,askmyGP
BRUTON SURGERY,L85032,5053,51.1124029157364,-2.45139500852218,Evergreen Health,,Evergreen Health
LANGPORT SURGERY,L85033,13954,51.0386179649769,-2.82853870145409,Accurx,Accurx,Accurx
WELLS CITY PRACTICE,L85034,8472,51.2032477019093,-2.65519159952176,Rapid Health,Rapid Health,Rapid Health
EAST QUAY MEDICAL CENTRE,L85035,17394,51.1356762093807,-3.00046350934175,Accurx,,Accurx
QUANTOCK VALE SURGERY,L85036,6154,51.0569159614632,-3.18678978828462,Accurx,,Accurx
NORTH CURRY,L85037,4201,51.0210592525424,-2.97264742186312,Accurx,Accurx,Accurx
LISTER HOUSE PARTNERSHIP,L85038,6877,51.0409534560724,-3.31333770129328,Accurx,Accurx,Accurx
GLASTONBURY SURGERY,L85039,13942,51.1484620047086,-2.72185259727114,Accurx,Accurx,Accurx
"MILLBROOK SURGERY, CASTLE CARY",L85040,7012,51.0885971214167,-2.51776966107421,Evergreen Health,askmyGP,askmyGP
TAUNTON ROAD MEDICAL CENTRE,L85042,15553,51.1246812792491,-3.00163084399672,Accurx,Accurx,Accurx
PARK MEDICAL PRACTICE,L85043,11002,51.1860367725953,-2.54671999005758,Accurx,Accurx,Accurx
QUEEN CAMEL MEDICAL CENTRE,L85044,6146,51.0181694342877,-2.57968660217802,Accurx,Accurx,Accurx
MENDIP COUNTRY PRACTICE,L85046,6010,51.2420888081998,-2.45062968436126,Accurx,Accurx,Accurx
GLASTONBURY HEALTH CENTRE,L85047,5947,51.1487351743657,-2.71289965226427,Evergreen Health,askmyGP,askmyGP
REDGATE MEDICAL CENTRE,L85051,7317,51.1263851383246,-2.98765885732366,Accurx,Accurx,Accurx
WARWICK HOUSE MEDICAL PRACTICE,L85052,7782,51.0074479329985,-3.07854768709903,Accurx,Accurx,Accurx
GROVE HOUSE SURGERY,L85053,6416,51.187324556369,-2.55773854934269,Accurx,Accurx,Accurx
SUMMERVALE SURGERY,L85054,8917,50.9250884803777,-2.9199314960392,Accurx,Accurx,Accurx
AXBRIDGE SURGERY,L85055,9192,51.2859292058263,-2.82097532788135,Accurx,Accurx,Accurx
NORTH PETHERTON SURGERY,L85056,7315,51.0916000186194,-3.01446450712782,Accurx,Accurx,Accurx
THE MEADOWS SURGERY,L85061,4075,50.9248987664944,-2.91947117068924,Accurx,Accurx,Accurx
LYNGFORD PARK,L85062,6362,51.0357925399258,-3.09015920322861,Accurx,Accurx,Accurx
OAKLANDS SURGERY,L85064,16686,50.954212600132,-2.61630341219252,Evergreen Health,askmyGP,askmyGP
DUNSTER & PORLOCK SURGERIES,L85065,8192,51.1815772926745,-3.44690298014072,Accurx,,Accurx
BUTTERCROSS HEALTH CENTRE,L85066,7832,51.0554613211237,-2.73107830554852,Anima,askmyGP,askmyGP
BRENT AREA MEDICAL CENTRE,L85601,3571,51.2637247125231,-2.93620109547953,Klinik,Klinik,Klinik
SOMERSET BRIDGE MEDICAL CENTRE,L85607,5562,51.1144591417952,-2.99568390682365,Accurx,,Accurx
CREECH,L85609,5352,51.0277220565035,-3.04475646619245,Accurx,Accurx,Accurx
OAKHILL SURGERY,L85611,3159,51.221974202344,-2.5239341685473,Accurx,Accurx,Accurx
CHURCH VIEW MEDICAL CENTRE,L85624,5219,50.935967919139,-2.95874168261043,Engage GP,Engage GP,Engage GP
ST STEPHEN'S MEDICAL PARTNERSHIP,M81001,17633,52.3076281637692,-1.94330270895783,Accurx,Accurx,Accurx
ELGAR HOUSE,M81002,14346,52.3083922148094,-1.94286949797433,Accurx,Accurx,Accurx
RIVERSIDE SURGERY,M81004,15749,52.0866375242487,-1.94787975935165,Accurx,Accurx,Accurx
NORTHUMBERLAND HOUSE SURGERY,M81005,13943,52.3841860609903,-2.26109602327333,Accurx,Accurx,Accurx
SEVERN VALLEY MEDICAL PRACTICE,M81006,21966,52.1904128557434,-2.23504936386017,Accurx,Accurx,Accurx
BREDON HILL SURGERY,M81007,5616,52.0307050985946,-2.10396751130086,Accurx,Accurx,Accurx
SPRING GARDENS GROUP MEDICAL PRACTICE,M81008,20186,52.1916641295992,-2.21637119197318,Accurx,Accurx,Accurx
GOLDEN VALLEY PRACTICE,M81009,5749,51.9521413843792,-2.8913852528622,Accurx,Accurx,Accurx
KIDDERMINSTER MEDICAL CENTRE,M81010,14701,52.3893159704172,-2.24560775374326,Accurx,Accurx,Accurx
OMBERSLEY MEDICAL CENTRE,M81011,7407,52.2774415825161,-2.22895147887158,Accurx,Accurx,Accurx
LEDBURY HEALTH PARTNERSHIP,M81012,13723,52.0361589534592,-2.42584671457079,Klinik,Klinik,Klinik
STANMORE HOUSE SURGERY,M81015,9601,52.3910112457527,-2.23282208298549,Accurx,Accurx,Accurx
RYELAND SURGERY,M81016,19396,52.2261572222003,-2.74419137141469,Accurx,Accurx,Accurx
ELBURY MOOR MEDICAL CENTRE,M81017,12387,52.2068805145385,-2.1930020394157,Accurx,Accurx,Accurx
WEOBLEY & STAUNTON ON WYE SURGERIES,M81018,6533,52.1592389789998,-2.87155910222071,Accurx,Accurx,Accurx
WINYATES HEALTH CENTRE,M81019,16967,52.3029725388698,-1.8958285067345,Accurx,,Accurx
THE DOW SURGERY,M81020,11960,52.3076817739899,-1.94242820222919,Accurx,Accurx,Accurx
NEW ROAD SURGERY BROMSGROVE,M81021,13108,52.330309318451,-2.05552717952611,Accurx,Accurx,Accurx
HARESFIELD HOUSE SURGERY,M81022,18297,52.1950304554296,-2.20409853714204,Klinik,,Klinik
MUCH BIRCH SURGERY,M81024,5146,51.9713836750178,-2.72354859874037,Accurx,Accurx,Accurx
NEW ROAD SURGERY,M81025,5104,52.3923172273455,-2.02188302651974,Accurx,Accurx,Accurx
HEREFORD MEDICAL GROUP,M81026,46860,52.0617907370573,-2.71127683137752,Klinik,Klinik,Klinik
HAGLEY SURGERY,M81027,9891,52.4207828301344,-2.14410279986056,Accurx,,Accurx
NEW BARN CLOSE SURGERY,M81029,8067,52.039124737801,-1.86963368366461,Accurx,,Accurx
CANTILUPE SURGERY,M81032,12532,52.0547950234582,-2.71120127147789,Accurx,Accurx,Accurx
GREAT WITLEY SURGERY,M81033,7468,52.2895897789356,-2.35603946828084,Accurx,,Accurx
SALTERS MEDICAL PRACTICE,M81034,8808,52.2670644411219,-2.15364106469365,Accurx,Accurx,Accurx
ST MARTIN'S GATE SURGERY,M81035,14310,52.1949408559576,-2.20392256920911,Accurx,Accurx,Accurx
THORNELOE LODGE SURGERY,M81037,11700,52.2029454371108,-2.22681503891841,Accurx,Accurx,Accurx
UPTON SURGERY,M81038,12358,52.0590202537715,-2.22478643147754,Accurx,Accurx,Accurx
WHITEACRES MEDICAL CENTRE,M81039,11990,52.1248791234798,-2.30013863679713,Accurx,Accurx,Accurx
STOURPORT MEDICAL CENTRE,M81040,21691,52.3349668927487,-2.28532839612724,Accurx,Accurx,Accurx
HILLVIEW MEDICAL CENTRE,M81041,11223,52.3055978586921,-1.94979698043497,Accurx,Accurx,Accurx
TENBURY SURGERY,M81042,9756,52.3122258811716,-2.59339610261929,Accurx,,Accurx
THE MORTIMER MEDICAL PRAC,M81043,8904,52.2498038533513,-2.81515425784727,Anima,Accurx,Accurx
ALTON STREET SURGERY,M81044,11700,51.9121480492767,-2.58327928743098,Accurx,Accurx,Accurx
KNIGHTWICK SURGERY,M81045,5082,52.2005359265972,-2.39414462316175,Accurx,Accurx,Accurx
ABBOTTSWOOD MEDICAL CENTRE,M81046,12047,52.1061481878695,-2.07633328443026,Accurx,Accurx,Accurx
SPA MEDICAL PRACTICE,M81047,10797,52.2670623350218,-2.15360149303103,Accurx,Accurx,Accurx
NUNWELL SURGERY,M81048,9648,52.1879309002345,-2.50717712204462,Accurx,Accurx,Accurx
BARBOURNE HEALTH CENTRE,M81049,11452,52.2090449294929,-2.22472414730548,Accurx,Accurx,Accurx
KINGTON MEDICAL PRACTICE,M81054,7221,52.1965259685802,-3.02140358481081,Accurx,Accurx,Accurx
CORNHILL SURGERY,M81055,5805,52.3922801651305,-2.02339408360374,Accurx,Accurx,Accurx
THE CHURCH STREET PRACTICE,M81056,12331,52.3886088564706,-2.25071811645661,Accurx,Accurx,Accurx
BEWDLEY MEDICAL CENTRE,M81057,15254,52.3770350116114,-2.31744471865757,Accurx,Accurx,Accurx
MERSTOW GREEN MEDICAL PRACTICE,M81058,10190,52.0910430649848,-1.95101171203264,Accurx,Accurx,Accurx
PENDEEN SURGERY,M81061,8747,51.9113540362267,-2.58399078663669,Accurx,Accurx,Accurx
ST JOHNS HOUSE SURGERY,M81063,14038,52.1886919600984,-2.25912817326603,Accurx,Accurx,Accurx
HOLLYWOOD MEDICAL CENTRE,M81064,8328,52.3896514340306,-1.88069905068464,Accurx,Accurx,Accurx
WARGRAVE HOUSE SURGERY,M81066,8238,52.0554370943498,-2.71228109051174,Accurx,Accurx,Accurx
THE SURGERY KINGSTONE,M81067,5679,52.0230519687665,-2.84034698722237,Accurx,Accurx,Accurx
AYLMER LODGE COOKLEY PARTNERSHIP,M81068,15740,52.3841860609903,-2.26109602327333,Accurx,Accurx,Accurx
DAVENAL HOUSE SURGERY PARTNERSHIP,M81069,9565,52.3380673301762,-2.05660835685811,Accurx,Accurx,Accurx
CHURCHFIELDS SURGERY,M81070,11602,52.3376791695156,-2.05980739872872,Accurx,Accurx,Accurx
ALBANY HOUSE SURGERY,M81072,6924,52.2005722758158,-2.22665662751541,eConsult,,eConsult
PERSHORE MEDICAL PRACTICE,M81074,11041,52.1140470369519,-2.07777735421114,Accurx,Accurx,Accurx
MALVERN HEALTH CENTRE,M81075,12815,52.1135377000257,-2.30878046658634,Accurx,,Accurx
COLWALL SURGERY,M81076,3088,52.0814179399811,-2.3583195075386,Accurx,Accurx,Accurx
THE RIDGEWAY SURGERY,M81077,4901,52.2603265833391,-1.93850778876566,Accurx,Accurx,Accurx
BARNT GREEN SURGERY,M81078,6659,52.3592974871299,-1.9912479883349,Accurx,Accurx,Accurx
ST SAVIOURS SURGERY,M81081,5695,52.1303251784235,-2.30796165011931,Accurx,Accurx,Accurx
ST. JOHNS SURGERY,M81082,15655,52.3376791396546,-2.05986610584105,Accurx,Accurx,Accurx
HOLLYOAKS MEDICAL CENTRE,M81083,5092,52.3782120657475,-1.86847816130967,Accurx,Accurx,Accurx
CATSHILL VILLAGE SURGERY,M81084,5822,52.3666031027068,-2.05444203816854,Accurx,,Accurx
CHADDESLEY SURGERY,M81090,3443,52.3626627512202,-2.15745293650287,Accurx,Accurx,Accurx
CORBETT MEDICAL PRACTICE,M81091,14179,52.2634530875787,-2.14969105406736,Accurx,Accurx,Accurx
THE BRIDGE SURGERY,M81092,5602,52.2943675082125,-1.94626129434921,Accurx,Accurx,Accurx
BELMONT MEDICAL CENTRE,M81093,10761,52.0412777085075,-2.73950121101933,Accurx,Accurx,Accurx
ABBEY MEDICAL PRACTICE,M81094,9511,52.0910430649848,-1.95101171203264,Accurx,Accurx,Accurx
CRADLEY SURGERY,M81600,3993,52.1188173471346,-2.40063776569264,Accurx,Accurx,Accurx
FOWNHOPE MEDICAL CENTRE,M81604,6738,52.0071075151912,-2.60974301520006,Accurx,,Accurx
THE GLEBELAND SURGERY,M81605,5558,52.3899042911675,-2.11764080228845,Accurx,,Accurx
WOLVERLEY SURGERY,M81608,4124,52.4113103192342,-2.25466075406596,Accurx,Accurx,Accurx
CRABBS CROSS MEDICAL CENTRE,M81616,3382,52.2818840121644,-1.9430051655273,Accurx,Accurx,Accurx
CRABBS CROSS SURGERY,M81617,5384,52.2818840121644,-1.9430051655273,Accurx,Accurx,Accurx
DEMONTFORT MEDICAL CENTRE,M81627,8435,52.0922597742713,-1.93886363764768,Accurx,Accurx,Accurx
NEW COURT SURGERY,M81629,10035,52.1135377000257,-2.30878046658634,Accurx,,Accurx
MYTTON OAK MEDICAL PRACT.,M82002,9988,52.7076669182485,-2.79776161363468,Accurx,Accurx,Accurx
STIRCHLEY MEDICAL PRACTICE,M82003,24596,52.6551703114989,-2.43374693710325,Accurx,Accurx,Accurx
BRIDGNORTH MEDICAL PRACTICE,M82004,19182,52.5378739298425,-2.42294708465089,Accurx,Accurx,Accurx
PLAS FFYNNON MEDICAL CTRE,M82005,9664,52.8574934236642,-3.0502149399221,Accurx,Accurx,Accurx
RIVERSIDE MED PRACTICE,M82006,11480,52.7086062283033,-2.75797363389412,Accurx,Accurx,Accurx
CHARLTON MEDICAL PRACTICE,M82007,15428,52.6935880251106,-2.44939725768222,Accurx,Accurx,Accurx
CHURCH STRETTON MEDICAL CENTRE,M82008,7045,52.5378018177933,-2.80572468770803,eConsult,eConsult,eConsult
DAWLEY MEDICAL PRACTICE,M82009,11446,52.6644860127212,-2.46626522544732,Accurx,Accurx,Accurx
MARKET DRAYTON MEDICAL PRACTICE,M82010,17624,52.9094870225734,-2.48660267011759,Accurx,Accurx,Accurx
SHAWBURY MEDICAL PRACTICE,M82011,4531,52.7820323126626,-2.65343960324221,Accurx,,Accurx
DONNINGTON MEDICAL PRACTICE,M82012,14068,52.7150264657493,-2.43694151756378,Accurx,Accurx,Accurx
WESTBURY MEDICAL CENTRE,M82013,2701,52.6784454863289,-2.95737320754955,Accurx,,Accurx
STATION DRIVE SURGERY,M82014,9563,52.3701324049472,-2.71514071872276,Accurx,Accurx,Accurx
RADBROOK GREEN SURGERY,M82016,10648,52.6969905567397,-2.77615642663395,Accurx,Accurx,Accurx
CLIVE MEDICAL PRACTICE,M82017,4581,52.8144651770416,-2.71901665158726,Accurx,,Accurx
BEECHES MEDICAL PRACTICE,M82018,7209,52.6740890781089,-2.77208119299043,Accurx,Accurx,Accurx
MUCH WENLOCK & CRESSAGE MEDICAL PRACTICE,M82019,8529,52.5954157718244,-2.56028152910447,Accurx,Accurx,Accurx
KNOCKIN MEDICAL CENTRE,M82020,4223,52.7931916029378,-2.99357072606082,Accurx,Accurx,Accurx
ALBRIGHTON MEDICAL PRACT,M82021,8522,52.6364513072183,-2.27152099610622,Accurx,,Accurx
THE CAXTON SURGERY,M82022,13941,52.8614305526113,-3.05127550655779,Accurx,Accurx,Accurx
PRESCOTT SURGERY,M82023,7688,52.7835455532679,-2.85262919842567,Accurx,Accurx,Accurx
BROWN CLEE MEDICAL CENTRE,M82024,3852,52.4991124883154,-2.57366684425487,eConsult,,eConsult
CHURCHMERE MEDICAL GROUP,M82025,21252,52.9078376511024,-2.89644946274243,Anima,Anima,Anima
CAMBRIAN MEDICAL PRACTICE,M82026,13229,52.8628056015349,-3.04778077290141,Anima,Anima,Anima
WELLINGTON ROAD SURGERY,M82028,14833,52.7642412243326,-2.37890029917196,Accurx,Accurx,Accurx
PONTESBURY & WORTHEN MEDICAL PRACTICE,M82030,10386,52.6503981558057,-2.88672425794293,Accurx,Accurx,Accurx
SEVERN FIELDS MEDICAL PRACTICE,M82032,16577,52.728031345049,-2.72162119050148,Accurx,,Accurx
BISHOPS CASTLE MEDICAL PRACTICE,M82033,5665,52.4953554264428,-2.99516411092329,Accurx,Accurx,Accurx
CLAREMONT BANK SURGERY,M82034,7930,52.7081845930695,-2.75862201500716,Accurx,Accurx,Accurx
WEM AND PREES MEDICAL PRACTICE,M82035,12093,52.8588875513072,-2.72267684502253,Accurx,Accurx,Accurx
SHIFNAL & PRIORSLEE MEDICAL PRACTICE,M82038,14049,52.6747162208287,-2.3718411199946,Anima,Klinik,Klinik
WELLINGTON MEDICAL PRACTICE,M82039,15305,52.6998780216405,-2.51420365969393,Accurx,Accurx,Accurx
MARYSVILLE MEDICAL PRACT,M82040,6421,52.6964759522392,-2.74649242721763,Accurx,,Accurx
CLEOBURY MORTIMER SURGERY,M82041,7100,52.3781145555427,-2.48730341074744,Accurx,Accurx,Accurx
WOODSIDE MEDICAL PRACTICE,M82042,6420,52.6379485536794,-2.46617496477482,Accurx,Accurx,Accurx
LUDLOW - PORTCULLIS,M82043,7470,52.3689047731628,-2.71595806857524,Accurx,,Accurx
CRAVEN ARMS SURGERY,M82046,3957,52.441614139132,-2.83521387453558,Accurx,,Accurx
MARDEN MEDICAL PRACTICE,M82047,11155,52.6987243266976,-2.73047506192178,Accurx,Accurx,Accurx
BELVIDERE MEDICAL PRACT.,M82048,6930,52.7074418485139,-2.72943661768838,Accurx,Accurx,Accurx
BROSELEY MEDICAL PRACTICE,M82051,4669,52.6113755858306,-2.48166504963332,Accurx,Accurx,Accurx
LINDEN HALL SURGERY,M82056,16288,52.7636765168226,-2.37556096599656,Accurx,Accurx,Accurx
HOLLINSWOOD SURGERY,M82057,7604,52.6739362594494,-2.43745273790225,Accurx,Accurx,Accurx
HODNET MEDICAL PRACTICE,M82058,4119,52.8549340547324,-2.57423563947924,Accurx,Accurx,Accurx
SHAWBIRCH MEDICAL CENTRE,M82059,17086,52.7163732140313,-2.53806353166318,Accurx,Accurx,Accurx
SOUTH HERMITAGE SURGERY,M82060,9138,52.7000983969341,-2.75225163107061,Accurx,Accurx,Accurx
ALVELEY MEDICAL PRACTICE,M82601,2387,52.4553495248475,-2.3533583736456,Accurx,Accurx,Accurx
IRONBRIDGE MEDICAL PRACTICE,M82606,5615,52.6324980340806,-2.49346621597299,Accurx,Accurx,Accurx
COURT STREET MEDICAL PRACTICE,M82616,8463,52.6393154525434,-2.44978630403348,Accurx,Accurx,Accurx
THE MEADOWS MEDICAL PRACTICE,M82620,2936,52.4217485869928,-3.02393060825252,Accurx,Accurx,Accurx
HORSEFAIR PRACTICE,M83001,12134,52.7671943743824,-1.94770736267199,Accurx,Accurx,Accurx
MAYFIELD SURGERY,M83004,9206,52.9827095259916,-2.13456423856826,Accurx,Accurx,Accurx
HEATHCOTE STREET SURGERY,M83005,5417,53.0429530433214,-2.25133989910628,Accurx,Accurx,Accurx
THE WESTGATE PRACTICE,M83006,31187,52.6835366853741,-1.82117550680511,Accurx; Silicon Health FootFall,Accurx,Accurx
THE VILLAGE SURGERY,M83007,8228,53.0338017534892,-2.21977742835218,Accurx,Accurx,Accurx
BREWOOD MEDICAL PRACTICE,M83009,10721,52.6768454879072,-2.17979002790325,eConsult,eConsult,eConsult
GORDON STREET SURGERY,M83010,10673,52.8118135848646,-1.64370131746761,Accurx; Engage GP,,Unknown
WERRINGTON VILLAGE SURGERY,M83011,7949,53.0225147318189,-2.09529650080817,Accurx,Accurx,Accurx
LEEK HEALTH CENTRE,M83012,8213,53.1056913810751,-2.01934742672537,Accurx,Accurx,Accurx
YOXALL,M83013,4699,52.7685067220864,-1.79369036837702,Accurx,Accurx,Accurx
TRENT VALE MEDICAL PRACTICE,M83014,10058,52.9883102929635,-2.20046539049108,Accurx,Patchs,Patchs
MADELEY PRACTICE,M83015,8709,53.0002792164617,-2.34533765495374,eConsult,eConsult,eConsult
HIGH STREET SURGERY,M83016,7373,52.6605543017465,-2.03215814198592,Accurx,,Accurx
ASHLEY SURGERY,M83017,5142,52.9261609441697,-2.35508529971982,Accurx,Accurx,Accurx
GRAVEL HILL SURGERY,M83018,8817,52.5336214655973,-2.18529329004107,eConsult,Patchs,Patchs
CUMBERLAND HOUSE,M83020,9485,52.9015492467043,-2.14584420266059,Accurx,,Accurx
FURLONG MEDICAL CENTRE,M83021,10263,53.0629915739204,-2.21012080269534,Accurx,Accurx,Accurx
HAZELDENE HOUSE SURGERY,M83022,7901,52.8013173898792,-2.00467448726336,Accurx,Accurx,Accurx
KIDSGROVE MEDICAL CENTRE,M83023,9305,53.0902299923194,-2.22260351371078,Accurx,Accurx,Accurx
CASTLEFIELDS,M83024,11373,52.8013996456595,-2.12925198681733,,Archvale,Archvale
MILLER STREET SURGERY,M83025,5883,53.0138033995811,-2.21842365728967,Accurx,Accurx,Accurx
CARLTON STREET SURGERY,M83026,17050,52.8205923173897,-1.64839290307473,Accurx,Accurx,Accurx
TRENT MEADOWS,M83027,10945,52.7867818296993,-1.67197015969643,Accurx,Accurx,Accurx
GLEBEDALE MEDICAL PRACTICE,M83028,10991,52.9987881999343,-2.16212415674805,Accurx,Accurx,Accurx
THE LANGTON MEDICAL GROUP,M83030,13527,52.6965048392012,-1.83720677880606,,,Unknown
RUSSELL HOUSE SURGERY,M83031,6298,52.6256665695197,-2.19196084248146,Accurx,Accurx,Accurx
THE ALDERGATE MED.PRACT.,M83032,14212,52.638968752397,-1.69483249027846,Accurx; Silicon Health FootFall,Accurx,Accurx
HEDNESFORD MEDICAL PRACTICE,M83033,7091,52.711945502074,-2.00121269782365,eConsult,Patchs,Patchs
SILVERDALE MEDICAL CENTRE,M83034,11869,53.0155111633879,-2.26692074614473,Accurx,Accurx,Accurx
ALREWAS,M83035,7715,52.7328490027129,-1.74479573476157,Accurx,,Accurx
RISING BROOK,M83036,8897,52.7872778067875,-2.12010588970595,Accurx,Accurx,Accurx
TUTBURY HEALTH CENTRE,M83037,8493,52.8579446815701,-1.68741876704327,Accurx,Accurx,Accurx
ORCHARD SURGERY,M83038,10275,53.0642861645114,-2.16242110708472,Accurx,Accurx,Accurx
BRIDGE SURGERY,M83042,9735,52.7949997246018,-1.62221601274172,Accurx,Accurx,Accurx
STAFFORD HEALTH AND WELLBEING,M83044,13334,52.817719530418,-2.12329422857198,Accurx,Accurx,Accurx
PENKRIDGE MEDICAL PRACTICE,M83045,10693,52.7254475112756,-2.12033534977927,eConsult,,eConsult
BIDDULPH VALLEY SURGERY,M83046,9698,53.1155109162092,-2.17750898853251,Accurx,Accurx,Accurx
MEIR PARK & WESTON COYNEY MEDICAL PRACT,M83047,6814,52.9658654581939,-2.09465043055725,Accurx,Accurx,Accurx
THE NILE PRACTICE,M83048,9891,52.6599867517027,-2.03628259876428,eConsult,eConsult,eConsult
HOLMCROFT,M83049,8980,52.8221795782887,-2.13259328935435,Patchs,,Patchs
WOLVERHAMPTON ROAD SURGERY,M83050,9871,52.8024862004914,-2.11280564588891,Accurx,Accurx,Accurx
WETMORE ROAD SURGERY,M83051,12520,52.8080467038192,-1.62606389239414,Accurx,Patchs,Patchs
WEEPING CROSS HEALTH CENTRE,M83052,22523,52.7915199384949,-2.07828481555067,eConsult,eConsult,eConsult
AUDLEY HEALTH CENTRE,M83054,10443,53.0541919865327,-2.3005787810158,Accurx,Accurx,Accurx
WOLSTANTON MEDICAL CENTRE,M83056,10961,53.031382824259,-2.21755422807804,Accurx,Accurx,Accurx
MILL BANK,M83057,10183,52.8046115507601,-2.11809189083481,eConsult,eConsult,eConsult
ABBOTS BROMLEY SURGERY,M83059,3752,52.8204503619152,-1.88077180816567,eConsult,,eConsult
MILLRISE MEDICAL PRACTICE,M83061,8044,53.0499763673891,-2.14063222715998,Accurx,Accurx,Accurx
LAUREL HOUSE SURGERY,M83062,12821,52.6365719510439,-1.69269176087568,Accurx,Silicon Health FootFall,Silicon Health FootFall
NORTON CANES HEALTH CENTRE,M83063,3843,52.6706589146003,-1.96648114375568,eConsult,Patchs,Patchs
BARTON,M83065,7234,52.7612938548527,-1.72546891848846,Accurx,,Accurx
HARTSHILL MEDICAL CENTRE,M83066,7797,53.0101293983034,-2.21113764492882,Accurx,Accurx,Accurx
LYME VALLEY MEDICAL CENTRE,M83067,7977,53.0065405420511,-2.22305148468793,Accurx,Accurx,Accurx
BELGRAVE MEDICAL CENTRE,M83068,14742,52.9789447987366,-2.13220982653316,Accurx,Accurx,Accurx
MANSION HOUSE,M83069,15929,52.8999427057794,-2.14375755134054,Accurx,Accurx,Accurx
GNOSALL,M83070,8295,52.7899916055535,-2.25652128664339,eConsult,eConsult,eConsult
PARK MEDICAL CENTRE,M83071,11512,53.1072552697666,-2.02051325757787,Accurx,Accurx,Accurx
SALTERS MEADOW HEALTH CTR,M83072,11508,52.6821601098718,-1.93302342717295,Accurx; Rapid Health,Rapid Health,Rapid Health
STAPENHILL MEDICAL CENTRE,M83073,9064,52.7855242965543,-1.62490759632303,Rapid Health,Patchs,Patchs
BALANCE STREET,M83074,14255,52.8971171388191,-1.86353015380779,Accurx,Accurx,Accurx
NORFOLK STREET SURGERY,M83075,20375,53.0157069731596,-2.1835566401624,Accurx,,Accurx
HARLEY STREET MEDICAL CTR,M83076,8482,53.0224176280563,-2.17072839318268,Accurx,Accurx,Accurx
DR J GREIG & PARTNERS,M83079,9571,53.1068418042853,-2.02034874817715,Accurx,Accurx,Accurx
MOUNT ROAD PRACTICE,M83084,6609,53.0902299923194,-2.22260351371078,Accurx,Accurx,Accurx
HOLLIES PRACTICE,M83088,15012,52.636822761358,-1.69512846398866,Silicon Health FootFall,Silicon Health FootFall,Silicon Health FootFall
BIDDULPH DOCTORS,M83089,10747,53.1155109162092,-2.17750898853251,eConsult,eConsult,eConsult
DUNROBIN STREET MEDICAL CENTRE,M83090,5359,52.9811841934641,-2.13123367711528,Accurx,Accurx,Accurx
CROWN SURGERY,M83092,8661,52.8595148588845,-2.25289165769336,Accurx,Accurx,Accurx
DALE MEDICAL PRACTICE,M83093,6538,52.5332737496575,-2.1946824350405,eConsult,eConsult,eConsult
BROOK MEDICAL CENTRE,M83094,14620,53.0563767882792,-2.17438687027046,Accurx; Anima,Anima,Anima
TARDIS SURGERY,M83096,5189,52.9883576401269,-1.98658179437375,Accurx,,Accurx
BILBROOK MEDICAL CENTRE,M83097,9206,52.6247747327113,-2.1817490296915,Accurx,,Accurx
DR RAJU AND PARTNERS,M83100,4181,52.9779306315721,-2.10343383168817,Accurx,Accurx,Accurx
POTTERIES MEDICAL CENTRE,M83102,7389,53.019567858372,-2.13920641018308,Accurx,Accurx,Accurx
ALLEN STREET CLINIC,M83103,4845,52.9841590813336,-1.9819060601407,Accurx,Accurx,Accurx
ALDERWOOD MEDICAL PRACTICE,M83107,6670,52.6839758115999,-2.03974929706786,eConsult,Patchs,Patchs
WELL STREET MEDICAL CENTRE,M83108,7868,52.9855974627392,-1.98266513481426,SystmConnect,SystmConnect,SystmConnect
DR MANICKAM & PARTNER,M83109,3959,52.7107299196461,-2.00176313014665,eConsult,eConsult,eConsult
HEATHVIEW MEDICAL PRACTICE,M83110,17314,52.6215148952133,-1.66313428204684,Rapid Health,Rapid Health,Rapid Health
RIVERSIDE SURGERY,M83111,2414,52.6328404448739,-1.69941114181726,eConsult,,eConsult
DR KHARE'S SURGERY,M83113,1720,52.6174505293643,-1.65043498636962,eConsult,eConsult,eConsult
CROWN MEDICAL PRACTICE,M83117,8216,52.6368263264253,-1.69511647005991,Anima,eConsult,eConsult
TEAN SURGERY,M83121,5854,52.9547021382009,-1.98744044325646,Accurx,Accurx,Accurx
WATERHOUSES MEDICAL PRACT,M83122,3085,53.057948332371,-1.88244624153223,Accurx,Accurx,Accurx
BIRCHES HEAD MEDICAL CTR.,M83123,10250,53.0355670847332,-2.154876053853,Accurx,Accurx,Accurx
CLAVERLEY,M83125,3484,52.5397338481408,-2.30666309103768,eConsult,,eConsult
LONGTON HALL SURGERY,M83126,9216,52.9870537963413,-2.14093833242171,Accurx,,Accurx
COBRIDGE SURGERY,M83127,6933,53.0358458576643,-2.18611182637935,Accurx,,Accurx
HEATH HAYES HEALTH CENTRE,M83129,10774,52.691527362642,-1.98643445996802,Accurx,Accurx,Accurx
RED LION SURGERY,M83130,4166,52.6926998105362,-2.03107672170959,eConsult,Patchs,Patchs
LAKESIDE,M83132,5661,52.5965382830924,-2.20357004471312,Accurx,Accurx,Accurx
HANFORD GP,M83138,6884,52.9745147591696,-2.19603672215421,Accurx,Accurx,Accurx
MOSS STREET SURGERY,M83139,4968,52.7032577134452,-2.01331971412297,eConsult,Patchs,Patchs
HIGHERLAND SURGERY,M83140,4920,53.0090560193731,-2.2326855951701,Accurx,Accurx,Accurx
KINGSBRIDGE MEDICAL CENTRE,M83141,9399,52.9934912108368,-2.22623777744738,Accurx,,Accurx
GOLDENHILL MEDICAL CENTRE,M83143,5338,53.0763014526583,-2.22067320509264,Accurx,,Accurx
THE MOORCROFT MEDICAL CTR,M83146,13058,53.0219835242286,-2.16879162131747,Patchs,Patchs,Patchs
THE PEEL MEDICAL PRACTICE,M83148,14346,52.6346060968558,-1.69731563574911,Accurx,Accurx,Accurx
BRINSLEY AVENUE PRACTICE,M83601,5895,52.9659553627595,-2.19210008511367,Accurx,Accurx,Accurx
QUINTON PRACTICE,M83608,5398,52.6571233470602,-2.01749033394982,Accurx,,Accurx
DR I RASIB & PARTNERS,M83616,5224,52.6931668614256,-2.03058347126874,eConsult,eConsult,eConsult
DARWIN MEDICAL CENTRE,M83617,24392,52.6758645755689,-1.90151107769649,Rapid Health,Rapid Health,Rapid Health
HONEYWALL MEDICAL PRACTICE,M83619,3600,53.0054410791327,-2.18832348420547,Accurx,,Accurx
CAMBRIDGE HOUSE,M83624,4204,53.0134762202615,-2.12857438242782,Accurx,Accurx,Accurx
PRIMA CARE SURGERIES,M83625,11480,53.0271947884914,-2.17049680041253,Accurx,Accurx,Accurx
APSLEY SURGERY,M83627,8171,53.0358458576643,-2.18611182637935,Accurx,Accurx,Accurx
TRINITY MEDICAL CENTRE,M83632,5407,52.9684084570657,-2.07016273305794,Accurx,Accurx,Accurx
CHADSMOOR MEDICAL PRACTICE,M83637,4924,52.7076352497585,-2.02289824751552,Accurx,Accurx,Accurx
THE COLLIERY PRACTICE,M83638,14071,52.689727856915,-2.02321425074158,eConsult,eConsult,eConsult
ALTON SURGERY,M83640,2721,52.9755804852388,-1.89158968384987,Accurx,Accurx,Accurx
MILL VIEW SURGERY,M83641,1967,52.9508248179482,-1.83695460516259,Accurx,,Accurx
TUNSTALL PRIMARY CARE CENTRE,M83650,13750,53.0581420793743,-2.20594481372136,Accurx,Accurx,Accurx
ADDERLEY GREEN SURGERY,M83661,6873,52.9919916658134,-2.1354408195801,Accurx,Accurx,Accurx
TAMAR MEDICAL CENTRE,M83668,5306,52.5943272678507,-2.20329406057865,eConsult,eConsult,eConsult
KEELE PRACTICE,M83670,6816,53.0030696919822,-2.27371649303384,Patchs,,Patchs
NORTHGATE SURGERY,M83680,7272,52.8989836276794,-1.86689525323125,Accurx,Accurx,Accurx
ALL SAINTS SURGERY,M83681,10985,52.7943007829596,-1.64415901830171,Accurx,Accurx,Accurx
LUCIE WEDGEWOOD SURGERY LTD,M83682,5975,53.0451507138394,-2.19494194158406,Accurx,Accurx,Accurx
BETLEY SURGERY,M83691,546,53.0237489080943,-2.36943643159862,Accurx,,Accurx
TRI-LINKS MEDICAL PRACTICE,M83693,7160,52.634982782244,-1.66362345322669,Accurx,Accurx,Accurx
MILEHOUSE MEDICAL PRACTICE,M83697,3690,53.0216968622569,-2.24115338435359,Accurx; Engage GP,Patchs,Patchs
SOUTHFIELD WAY SURGERY,M83698,3163,52.6583907002012,-2.01873270049245,Accurx,Accurx,Accurx
TALKE PITS CLINIC,M83701,4531,53.0700495415605,-2.25816908599872,Accurx,Accurx,Accurx
BRERETON SURGERY,M83703,5731,52.7466370683354,-1.92394782473668,eConsult,eConsult,eConsult
BADDELEY GREEN SURGERY,M83709,6003,53.0608859746188,-2.13402332010796,Accurx,Accurx,Accurx
TRENTHAM MEWS MEDICAL CENTRE,M83711,4284,52.9705157338276,-2.18977958150235,Accurx,Accurx,Accurx
MEIR MEDICAL PRACTICE,M83713,5460,52.9779306315721,-2.10343383168817,Accurx,Accurx,Accurx
FEATHERSTONE,M83715,4988,52.6457726026936,-2.08956639163157,eConsult,eConsult,eConsult
NORTON CANES SURGERY,M83717,3564,52.6706589146003,-1.96648114375568,eConsult,eConsult,eConsult
PEEL CROFT,M83718,3875,52.7998743890397,-1.63445468241613,Accurx,Accurx,Accurx
RAWNSLEY SURGERY,M83719,4370,52.7079753738227,-1.96994145901622,eConsult,Patchs,Patchs
LOOMER MEDICAL PARTNERSHIP,M83723,23436,53.0359029340278,-2.24831629953443,Accurx,,Accurx
BLURTON MEDICAL PRACTICE,M83725,4092,52.9725694099994,-2.15677233361693,Accurx,Accurx,Accurx
NORTON CANES PRACTICE,M83727,4320,52.6706589146003,-1.96648114375568,eConsult,eConsult,eConsult
AELFGAR SURGERY,M83738,6979,52.7636262581192,-1.93762644624755,Accurx,Accurx,Accurx
RED ROOFS SURGERY,M84001,13217,52.5193281814934,-1.4675125456834,Rapid Health,Rapid Health,Rapid Health
POOL MEDICAL CENTRE,M84002,8323,52.2714451507799,-1.89634496151637,Accurx,Accurx,Accurx
ARBURY MEDICAL CENTRE,M84003,9733,52.5163353677925,-1.49859829544465,Accurx; Rapid Health,Rapid Health,Rapid Health
WHITEHALL MEDICAL PRACTICE,M84004,20960,52.3705865324321,-1.25142175530773,Accurx,Accurx,Accurx
CHAPEL END SURGERY,M84005,5168,52.5373490596923,-1.51751179977687,Rapid Health,,Rapid Health
PEAR TREE SURGERY,M84006,10581,52.5641418308278,-1.67940435568259,Accurx,Accurx,Accurx
DORDON & POLESWORTH GROUP PRACTICE,M84007,13417,52.6031775016287,-1.6136792158542,Rapid Health,Patchs,Patchs
SPRING HILL MEDICAL CENTRE,M84008,7893,52.5103420075981,-1.5853634362502,Accurx; Rapid Health,Accurx,Accurx
FENNY COMPTON SURGERY,M84009,5248,52.170116546532,-1.3889741449982,Accurx,Accurx,Accurx
AVONSIDE HEALTH CENTRE,M84010,10450,52.2892676759794,-1.56059688337057,Accurx,Accurx,Accurx
BEDWORTH HEALTH CENTRE,M84011,21550,52.4786263794655,-1.47265653063116,Rapid Health,Rapid Health,Rapid Health
PARK LEYS MEDICAL PRACTICE,M84012,17219,52.4376308799848,-1.53072930795396,Accurx; Anima,Accurx,Accurx
CASTLE MEDICAL CENTRE,M84013,12838,52.3421661208037,-1.57566599896886,Accurx,Accurx,Accurx
BRIDGE HOUSE MEDICAL CENTRE,M84014,9373,52.1905652429622,-1.71079693863057,Accurx,Accurx,Accurx
CROFT MEDICAL CENTRE,M84015,14592,52.2773834342194,-1.51213247131879,Accurx,Accurx,Accurx
WOLSTON SURGERY,M84016,4552,52.3764370341629,-1.39416708583395,Accurx; Engage GP,Accurx,Accurx
CLARENDON LODGE MEDICAL CENTRE,M84017,14502,52.2940232598222,-1.53172608128981,Rapid Health,Rapid Health,Rapid Health
BIDFORD HEALTH CENTRE,M84018,14336,52.1719688292466,-1.83438104791414,Accurx,Accurx,Accurx
THE ATHERSTONE SURGERY,M84019,17012,52.5784891741647,-1.54236808318871,Rapid Health,Rapid Health,Rapid Health
CLIFTON ROAD SURGERY,M84020,14443,52.3717994564883,-1.25267870732392,Accurx,Accurx,Accurx
ROTHER HOUSE MEDICAL CENTRE,M84021,17069,52.1937280674853,-1.71374619685192,Accurx,Accurx,Accurx
MANOR COURT SURGERY,M84022,8478,52.5270638589755,-1.47857721861156,Accurx; Engage GP; Rapid Health,Rapid Health,Rapid Health
CENTRAL SURGERY,M84023,20145,52.3717428939878,-1.26547339203256,Accurx,Accurx,Accurx
HENLEY-IN-ARDEN MED CTR,M84024,6578,52.2906666184671,-1.77871691539577,Accurx,Accurx,Accurx
SHIPSTON MEDICAL CENTRE,M84025,11961,52.0677774570904,-1.62330229488648,Accurx,Accurx,Accurx
SOUTHAM SURGERY,M84026,7143,52.2515338234673,-1.38538099229569,Accurx,Accurx,Accurx
PRIORY MEDICAL CENTRE,M84028,18889,52.2838718779819,-1.58857039508192,Accurx,Accurx,Accurx
VALLEY ROAD MEDICAL PRACTICE,M84029,8072,52.3058789295789,-1.51853933568662,Accurx,Accurx,Accurx
HASTINGS HOUSE SURGERY,M84030,13296,52.1963219045841,-1.59381401736636,eConsult,eConsult,eConsult
REVEL SURGERY,M84031,7876,52.4124266746726,-1.3620212824618,Accurx,Accurx,Accurx
WATERSIDE MEDICAL CENTRE,M84032,14748,52.2825159385797,-1.53012493156288,Accurx,Accurx,Accurx
WHITESTONE SURGERY,M84034,2218,52.5018516524253,-1.43644850226865,,,Unknown
WESTSIDE MEDICAL CENTRE,M84035,12114,52.3734793958988,-1.26569430607285,Accurx,Accurx,Accurx
ABBEY MEDICAL CENTRE,M84036,15922,52.3432516050851,-1.57734880564044,Accurx,Accurx,Accurx
THE GRANGE MEDICAL CENTRE,M84037,11967,52.5268196664806,-1.45822428779417,Rapid Health,Rapid Health,Rapid Health
SHERBOURNE MEDICAL CENTRE,M84040,10319,52.2927022337862,-1.53300123277109,Accurx,Accurx,Accurx
RIVERSLEY ROAD SURGERY,M84041,7239,52.5193032001434,-1.46795496952207,Rapid Health,Rapid Health,Rapid Health
HAZELWOOD GROUP PRACTICE,M84042,10312,52.4979314729826,-1.70732800762742,Accurx,Accurx,Accurx
TRINITY COURT SURGERY,M84043,21313,52.1948261215368,-1.71273145376465,Accurx,Accurx,Accurx
HARBURY SURGERY,M84044,5744,52.2376222582317,-1.46011077630171,Accurx,Accurx,Accurx
DUNCHURCH SURGERY,M84046,8096,52.3378744958308,-1.29019305927623,Accurx,Accurx,Accurx
TANWORTH-IN-ARDEN MED CTR,M84047,5351,52.3420968719064,-1.84474763328566,Accurx,Accurx,Accurx
ALCESTER HEALTH CENTRE,M84049,6054,52.2174172303691,-1.86314363288149,Accurx,,Accurx
MARKET QUARTER MEDICAL PRACTICE,M84050,8353,52.3777316176546,-1.25407290629392,Accurx,Accurx,Accurx
OLD MILL SURGERY,M84051,13568,52.5188852290623,-1.47501916195424,Accurx; Rapid Health,Accurx,Accurx
STOCKINGFORD MEDICAL CENTRE,M84055,2188,52.5209074544696,-1.49347642682977,Accurx,Accurx,Accurx
SPA MEDICAL CENTRE,M84059,3658,52.2845938966581,-1.52444474143291,Accurx,Accurx,Accurx
THE ARROW SURGERY,M84060,6788,52.2174172303691,-1.86314363288149,Accurx,Accurx,Accurx
BULKINGTON SURGERY,M84061,6209,52.4770376625418,-1.42308748947512,Accurx; Rapid Health,,Unknown
VALE OF RED HORSE,M84062,7568,52.157693309571,-1.51086564198111,Rapid Health,,Rapid Health
CHASE MEADOW HEALTH CENTRE,M84063,7414,52.2689007132459,-1.6093034179896,Accurx,Accurx,Accurx
WHITNASH MEDICAL CENTRE,M84064,6971,52.2625211968685,-1.52577704021321,Accurx,,Accurx
BEECH TREE MEDICAL PRACTICE,M84065,8278,52.3777045031363,-1.25390765567318,Accurx,,Accurx
MEON MEDICAL CENTRE,M84066,7078,52.1195591545607,-1.74216064095736,Accurx,Accurx,Accurx
BENNFIELD SURGERY,M84067,7687,52.3717428666148,-1.26546898597255,Accurx,Accurx,Accurx
BUDBROOKE MEDICAL CENTRE,M84069,6700,52.2830785620425,-1.62244798331666,Accurx,Accurx,Accurx
WARWICK GATES FAM.HTH.CTR,M84070,12549,52.2679709642077,-1.53904047502402,Accurx,Accurx,Accurx
WOODLANDS SURGERY,M84609,4913,52.4794213525355,-1.48994780155653,Anima,,Anima
STATION STREET SURGERY,M84612,9155,52.5767516750242,-1.54876101986792,Accurx; Rapid Health,,Unknown
HARTSHILL HEALTH CENTRE,M84615,8763,52.5407408872627,-1.52197068909573,Accurx,Accurx,Accurx
BROOKSIDE SURGERY,M84616,4451,52.3509406992209,-1.39946320872929,Accurx,Accurx,Accurx
RUGBY ROAD SURGERY,M84618,3927,52.4763503881532,-1.41844324664029,Accurx,,Accurx
LAPWORTH SURGERY,M84620,2968,52.3381501986556,-1.72910061015256,Accurx,Accurx,Accurx
QUEENS ROAD SURGERY,M84621,2737,52.5220843866072,-1.47473049312672,Rapid Health,Rapid Health,Rapid Health
THE OLD COLE HOUSE PRACTICE,M84627,3750,52.4772254859646,-1.47502900351932,Accurx; Rapid Health,Rapid Health,Rapid Health
ST WULFSTAN SURGERY,M84629,12028,52.2483831836841,-1.39857797525119,Accurx,Accurx,Accurx
SHAH ZAMAN SURGERY,M85001,4815,52.5168317538403,-1.79447177440591,Accurx,Accurx,Accurx
THE PARK MEDICAL CENTRE,M85005,7247,52.466480254201,-1.84908028986839,Accurx,,Accurx
GREEN RIDGE SURGERY,M85006,10623,52.4273318664049,-1.8714827498418,Accurx,Accurx,Accurx
WEST HEATH SURGERY,M85007,17257,52.4017970164341,-1.96202010685204,Accurx,,Accurx
HAMSTEAD ROAD SURGERY,M85009,6393,52.5055564714259,-1.91964868891433,Accurx,,Accurx
THE SWAN MEDICAL CENTRE,M85011,7120,52.4624451609981,-1.81808269628293,Accurx,Accurx,Accurx
CHURCH LANE - KHAN,M85013,4424,52.4872175218824,-1.7936818864329,Accurx; Silicon Health FootFall,Silicon Health FootFall,Silicon Health FootFall
KINGSBURY ROAD MEDICAL CENTRE,M85014,4545,52.515580764059,-1.83720156642656,Accurx; Silicon Health FootFall,Accurx,Accurx
HILLCREST SURGERY,M85016,5162,52.5442705834443,-1.864370715068,Rapid Health,,Rapid Health
YARDLEY WOOD HEALTH CENTRE,M85018,10778,52.419016560355,-1.85978663527855,Accurx,Accurx,Accurx
TOWER HILL PARTNERSHIP,M85019,18283,52.5304355262289,-1.91124663901092,Accurx,,Accurx
RAYDOCS NEWTOWN,M85020,20758,52.5001060894633,-1.90329633579798,Accurx,Patchs,Patchs
MOSELEY MEDICAL CENTRE,M85021,4375,52.4465138854922,-1.89035936296121,Accurx,Patchs,Patchs
MILLENNIUM MEDICAL CENTRE,M85023,9078,52.4381529023457,-1.96862187866963,Accurx; Rapid Health,,Unknown
THE LIMES MEDICAL CENTRE,M85024,7052,52.4666647955887,-1.85967045579235,Accurx,Accurx,Accurx
BATH ROW MEDICAL PRACTICE,M85025,16800,52.4726233271381,-1.9084695429524,Accurx,,Accurx
ASHFIELD SURGERY,M85026,14814,52.5398640864114,-1.79984919039189,Rapid Health,Patchs,Patchs
LEACH HEATH MEDICAL CENTRE,M85027,7810,52.3924345188035,-2.01387184364956,Accurx,Accurx,Accurx
LORDSWOOD HOUSE GROUP MEDICAL PRACTICE,M85028,24955,52.4590523074643,-1.96121680462767,Accurx,Patchs,Patchs
COLLEGE GREEN MEDICAL PRACTICE,M85029,20113,52.4294878054343,-1.95222261787326,SystmConnect,SystmConnect,SystmConnect
ST HELIERS MEDICAL PRACTICE,M85030,17596,52.4123189220325,-1.97546305061997,Accurx,Accurx,Accurx
THE HARLEQUIN SURGERY,M85031,10447,52.4952897411884,-1.77799258023234,Accurx; Silicon Health FootFall,,Unknown
THE MANOR PRACTICE,M85033,17586,52.5581602443555,-1.8236172379301,Blinx,Patchs,Patchs
OMNIA PRACTICE,M85034,16260,52.4757087982876,-1.83908152008914,Silicon Health FootFall,Silicon Health FootFall,Silicon Health FootFall
WOODGATE VALLEY HEALTH CENTRE,M85035,5484,52.4426651974444,-1.9914276407202,Accurx,Accurx,Accurx
KINGSFIELD MEDICAL CENTRE,M85037,9354,52.4267652162283,-1.89301127440847,Accurx,Accurx,Accurx
BOURNBROOK VARSITY MEDICAL CENTRE,M85041,14433,52.4462452920246,-1.93022139513296,Accurx,Accurx,Accurx
SELLY PARK SURGERY,M85042,5024,52.4439185520898,-1.91575882643452,Accurx,Accurx,Accurx
HAWKESLEY MEDICAL PRACTICE,M85043,4349,52.3954396516068,-1.93749800035247,Accurx,Accurx,Accurx
SUTTON COLDFIELD GROUP PRACTICE,M85046,53542,52.578079467721,-1.80495842021516,Rapid Health,Patchs,Patchs
WOODLAND ROAD SURGERY,M85047,6036,52.4105171081372,-1.96116001426981,Accurx,Accurx,Accurx
CHURCH ROAD SURGERY,M85048,11109,52.4585142008573,-1.78115372783502,Accurx; Silicon Health FootFall,,Unknown
FIRSTCARE PRACTICE,M85051,7870,52.4574244492478,-1.88684450269064,Accurx,,Accurx
THE ST.CLEMENTS SURGERY,M85053,6698,52.4980863595156,-1.86791496427571,Accurx,Accurx,Accurx
SELLY OAK HEALTH CENTRE,M85055,6789,52.4385293948554,-1.9382757920165,Accurx; eConsult,eConsult,eConsult
WEOLEY PARK SURGERY,M85056,7124,52.4381553699353,-1.95500851787671,Accurx; Rapid Health,,Unknown
HARBORNE MEDICAL PRACTICE,M85058,15394,52.4591085230957,-1.94626120813572,Blinx,Blinx,Blinx
THE OAKS MEDICAL CENTRE,M85060,16056,52.5513246718464,-1.89848170602468,Anima,Patchs,Patchs
YARDLEY GREEN MEDICAL CENTRE,M85061,12427,52.4758401619416,-1.83869957587545,Blinx,Patchs,Patchs
SHENLEY GREEN SURGERY,M85062,4897,52.4265767620662,-1.97367575872604,Accurx,Accurx,Accurx
MIDLANDS MEDICAL PARTNERSHIP,M85063,55725,52.5206272169284,-1.8117414072867,Blinx,Patchs,Patchs
POPLARS SURGERY,M85065,14290,52.5295131922411,-1.83234040500926,,Silicon Health FootFall,Silicon Health FootFall
WARD END MEDICAL CENTRE,M85066,7244,52.4931585169122,-1.82648397682111,Accurx,Accurx,Accurx
RESERVOIR ROAD SURGERY,M85070,13686,52.523879566302,-1.85733226169042,Accurx,Accurx,Accurx
WYCHALL LANE SURGERY,M85071,7767,52.4099665842909,-1.93556645560853,Accurx,Accurx,Accurx
WAKE GREEN SURGERY,M85074,7837,52.4461029169912,-1.88335193792006,Accurx,Accurx,Accurx
GREAT PARK MEDICAL GROUP,M85076,11040,52.4045606262147,-1.99747166788158,Accurx,Accurx,Accurx
NORTHWOOD MEDICAL CENTRE,M85077,9409,52.4154850453711,-1.93297078754003,Accurx,Accurx,Accurx
OAKWOOD SURGERY,M85078,11106,52.4445581485742,-1.85864318870052,Accurx,Accurx,Accurx
EDEN COURT MEDICAL PRACTICE,M85079,10838,52.5181039275179,-1.79401195056801,Accurx; Silicon Health FootFall,Accurx,Accurx
THE DOVE MEDICAL PRACTICE,M85081,9214,52.5351551200652,-1.86460514436091,Accurx,Accurx,Accurx
HANDSWORTH MEDICAL PRACT.,M85082,5531,52.5050115958714,-1.94095281227209,Accurx,Accurx,Accurx
THE WAND MEDICAL CENTRE,M85084,6681,52.4641866620016,-1.88868177790605,Accurx,,Accurx
COFTON MEDICAL CENTRE,M85086,10602,52.3927462394399,-1.96680400615396,Accurx,Accurx,Accurx
COLLEGE ROAD SURGERY,M85087,11154,52.5365889512728,-1.87487044306065,Accurx,Accurx,Accurx
KARIS MEDICAL CENTRE,M85088,17270,52.4743263043719,-1.93078547699125,Accurx,Accurx,Accurx
YARDLEY MEDICAL CENTRE,M85094,2582,52.4631887397048,-1.82839730926564,Accurx,,Accurx
CRANES PARK ROAD SURGERY,M85097,2209,52.4563474783706,-1.77958069532025,Accurx,Accurx,Accurx
ROTTON PARK MEDICAL CENTRE,M85098,5342,52.482162057985,-1.94707934854126,Accurx,Accurx,Accurx
VICTORIA ROAD SURGERY,M85105,5369,52.4446018153488,-1.8192742348457,Accurx,,Accurx
FIRS SURGERY,M85107,3830,52.5066029306001,-1.80073675717385,Accurx,Accurx,Accurx
SMALL HEATH MEDICAL PRACTICE,M85108,6048,52.4725551113714,-1.86188208237369,Accurx,Accurx,Accurx
SALTLEY AND FERNBANK MEDICAL PRACTICE,M85110,9840,52.491382448494,-1.85163165376724,Blinx,Patchs,Patchs
BUCKLANDS END LANE SURGERY,M85113,6099,52.4987858384001,-1.80219603957336,Accurx; Silicon Health FootFall,Silicon Health FootFall,Silicon Health FootFall
SUTTON ROAD SURGERY,M85115,3036,52.5337878101441,-1.82913985700096,Accurx,Accurx,Accurx
FERNLEY MEDICAL CENTRE,M85116,8275,52.4517757058287,-1.86458399113003,Accurx,Accurx,Accurx
BARTLEY GREEN MEDICAL PRACTICE,M85117,5914,52.4354526968472,-2.00457465116221,Accurx,Patchs,Patchs
BALDWINS LANE SURGERY,M85118,3001,52.4145139295682,-1.8459935253029,Accurx,Accurx,Accurx
AL-SHAFA MEDICAL CENTRE,M85123,8879,52.5056829998335,-1.89214843105056,Accurx,Accurx,Accurx
BELLEVUE MEDICAL CENTRE,M85124,12641,52.4651994358344,-1.90144074636181,Rapid Health,Patchs,Patchs
DR WALJI AND COLLEAGUES,M85128,5031,52.4574244492478,-1.88684450269064,Accurx,,Accurx
DRUIDS HEATH SURGERY,M85136,10531,52.4049427319491,-1.89914937157981,Accurx,Accurx,Accurx
ALPHA MEDICAL PRACTICE,M85139,5697,52.4912408200899,-1.85656876247077,Accurx,,Accurx
SCHOOLACRE ROAD SURGERY,M85141,3060,52.498376887776,-1.78515982111562,Accurx; Silicon Health FootFall,,Unknown
JIGGINS LANE MEDICAL CENTRE,M85143,7193,52.4360604760069,-1.99645348369723,Accurx,Accurx,Accurx
THE SLIEVE SURGERY,M85145,10009,52.5194415343256,-1.92682997508036,Accurx,Accurx,Accurx
THE KHATTAK MEMORIAL SURGERY,M85146,6751,52.4664625798582,-1.86419737221911,Accurx,,Accurx
ALUM ROCK MEDICAL CENTRE,M85149,5823,52.4899011287241,-1.85066447285788,Accurx,Accurx,Accurx
WEATHER OAK MEDICAL CENTRE,M85153,4108,52.456873527891,-1.86708179683896,Accurx,Accurx,Accurx
FINCH ROAD PRIMARY CARE CENTRE,M85154,4490,52.5031680668597,-1.90981436856346,Accurx,Accurx,Accurx
KINGSTANDING CIRCLE SURGERY,M85155,6653,52.5537114234426,-1.88263013788475,Accurx,Accurx,Accurx
RIVER BROOK MEDICAL CENTRE,M85156,9717,52.4316114642558,-1.91612050287479,Accurx,Accurx,Accurx
APOLLO SURGERY,M85158,2130,52.5544040518349,-1.89255437011919,Accurx,Accurx,Accurx
NEWPORT MEDICAL GROUP,M85164,13582,52.4519958375584,-1.87910370229665,Accurx,Accurx,Accurx
UNIVERSITY MEDICAL PRACTICE,M85167,15323,52.4563564701268,-1.93805966447188,Accurx,Accurx,Accurx
GATE MEDICAL CENTRE,M85170,5365,52.4942420639262,-1.85586086748501,Accurx,Accurx,Accurx
ROWLANDS ROAD SURGERY,M85171,2933,52.4620191919866,-1.80463208813985,Accurx,Accurx,Accurx
RIDGACRE HOUSE SURGERY,M85172,13950,52.4608397602611,-1.98838692701107,Accurx,,Accurx
THE BROOK SURGERY,M85174,4581,52.4631021565432,-1.87098819761574,Accurx,,Accurx
THE HAWTHORNS SURGERY,M85175,10287,52.5399314261219,-1.82581807058455,Accurx,Patchs,Patchs
KIRPAL MEDICAL PRACTICE,M85176,5327,52.5029293657157,-1.93561606313468,Accurx,Accurx,Accurx
SWANSWELL MEDICAL CENTRE,M85177,6258,52.4325149906588,-1.81652903245535,Accurx,Patchs,Patchs
MODALITY BIRMINGHAM,M85178,40801,52.501280598311,-1.92140151835055,Rapid Health,Patchs,Patchs
MAYPOLE HEALTH SURGERY Y,M85179,5094,52.4102152963908,-1.88602862414455,Accurx,Accurx,Accurx
REA VALLEY HEALTH PARTNERSHIP,M85600,16082,52.4043442292216,-1.93114554043462,Accurx,Accurx,Accurx
PERRY PARK SURGERY,M85624,6440,52.5265240761283,-1.905600515265,Accurx,Accurx,Accurx
HEATHFIELD FAMILY CENTRE,M85634,10217,52.5063407265032,-1.91008560954169,Accurx,Accurx,Accurx
CAVENDISH MEDICAL PRACTICE,M85642,5931,52.4876861499559,-1.93735315182215,Accurx,Accurx,Accurx
TUDOR PRACTICE STOCKLAND GREEN,M85669,7193,52.523879566302,-1.85733226169042,Accurx,Accurx,Accurx
GREENFIELD MEDICAL CENTRE,M85670,3680,52.4918225586617,-1.85597480542458,Accurx,,Accurx
VICTORIA ROAD MEDICAL CTR,M85676,6450,52.5018521911155,-1.88719550920435,Accurx,Accurx,Accurx
CHARLES ROAD SURGERY,M85679,5595,52.4723615797329,-1.85056180659453,Accurx,,Accurx
COTTERILS LANE SURGERY,M85680,2743,52.485854234555,-1.82961987666056,Accurx,Accurx,Accurx
CITY ROAD MEDICAL CENTRE,M85684,4093,52.4859890657501,-1.94130214757215,Accurx; Silicon Health FootFall,Accurx,Accurx
DR KULSHRESTHA FAMILY PRACTICE,M85686,1484,52.4876869566436,-1.93734858541394,Accurx,,Accurx
FEATHERSTONE MEDICAL CENTRE,M85693,2381,52.426117854825,-1.89292460090262,Accurx,,Accurx
GARRETTS GREEN LANE SURGERY,M85694,3834,52.4684466438213,-1.78869106118866,Accurx,,Accurx
CHURCH ROAD SURGERY,M85697,5012,52.5037058890535,-1.87540294478981,Accurx,Accurx,Accurx
COVENTRY ROAD MEDICAL CENTRE,M85699,5155,52.4703469061929,-1.85966509718102,Accurx,,Accurx
BURBURY MEDICAL CENTRE,M85701,4862,52.502637262202,-1.91059402013517,Accurx,Accurx,Accurx
DRUID GROUP - EMC SURGERY,M85706,14037,52.4863506823199,-1.9430492290234,Silicon Health FootFall,Silicon Health FootFall,Silicon Health FootFall
CITY HEALTH CENTRE,M85711,4143,52.4769701014109,-1.95767144713966,Accurx,,Accurx
HIGHGATE MEDICAL CENTRE,M85713,5599,52.4643653081411,-1.88745966058074,Accurx,Accurx,Accurx
SOHO ROAD PRIMARY CARE CENTRE,M85715,11206,52.5029293657157,-1.93561606313468,Accurx,Accurx,Accurx
DR KHUROO'S PRACTICE,M85716,5353,52.523879566302,-1.85733226169042,Accurx; Silicon Health FootFall,Accurx,Accurx
DOWNSFIELD MEDICAL CENTRE,M85717,4225,52.4669379047603,-1.77968977992171,Accurx,,Accurx
HOLYHEAD PRIMARY HEALTH CARE CENTRE,M85721,11338,52.5059766954037,-1.94774333586413,Accurx,Accurx,Accurx
NASEBY MEDICAL CENTRE,M85722,5104,52.4891213326991,-1.84546842264599,Accurx,,Accurx
DOSKI MEDICAL PRACTICE,M85730,5635,52.421347720344,-1.98327150388075,Accurx,Accurx,Accurx
BLOOMSBURY SURGERY,M85732,2465,52.4932432572526,-1.87189171568192,Accurx,Accurx,Accurx
MOOR GREEN LANE MEDICAL CENTRE,M85733,7239,52.4381790933177,-1.91053292138794,Accurx,Accurx,Accurx
GREET MEDICAL PRACTICE,M85735,6675,52.4531948074143,-1.85777814901387,Accurx,Accurx,Accurx
ACOCKS GREEN MEDICAL CENTRE,M85736,5283,52.4500659937321,-1.83024335991772,Accurx,Accurx,Accurx
PAK HEALTH CENTRE,M85739,5362,52.4912408200899,-1.85656876247077,Accurx,Accurx,Accurx
MIRFIELD SURGERY,M85746,5310,52.4690724064089,-1.77695584649219,Rapid Health,Accurx,Accurx
AUBREY ROAD MEDICAL CENTRE,M85749,3013,52.4665046577567,-1.84707833980085,Accurx,,Accurx
SPRINGFIELD MEDICAL PRACT,M85756,2560,52.4455633919385,-1.85991291341941,Accurx,,Accurx
SOHO ROAD HEALTH CENTRE,M85757,4149,52.5029293657157,-1.93561606313468,Accurx,,Accurx
NECHELLS PRACTICE,M85759,7283,52.4923317885655,-1.8770934225342,Accurx,Accurx,Accurx
BALSALL HEATH HEALTH CENTRE (S),M85766,4431,52.4574244492478,-1.88684450269064,Accurx,Accurx,Accurx
THE SHELDON MEDICAL CENTRE,M85770,2061,52.460461342451,-1.77767632244576,Accurx,Accurx,Accurx
SPRINGFIELD SURGERY,M85774,7447,52.4445581485742,-1.85864318870052,Accurx,Accurx,Accurx
HALCYON MEDICAL,M85778,17791,52.4805852209084,-1.89574688156131,Accurx,Accurx,Accurx
AYLESBURY SURGERY,M85779,2898,52.5428539760865,-1.8760532154789,Accurx; Silicon Health FootFall,Accurx,Accurx
BORDESLEY GREEN SURGERY,M85781,3915,52.4768139765162,-1.85492126207926,Accurx,Accurx,Accurx
STRENSHAM ROAD SURGERY,M85783,5733,52.4543460111694,-1.89235598978471,Accurx,Patchs,Patchs
COTMORE SURGERY,M85792,3346,52.5438087740502,-1.89444326595059,Accurx; Silicon Health FootFall,Accurx,Accurx
"THE BALAJI SURGERY, THE SPARKBROOK CHC",M85794,4222,52.4631021565432,-1.87098819761574,Accurx,Accurx,Accurx
HOCKLEY MEDICAL PRACTICE,M85797,12793,52.4867265703758,-1.91673261569193,Accurx,Accurx,Accurx
PEARL MEDICAL CENTRE,M85803,10655,52.4933535639168,-1.83341433032407,Accurx,Accurx,Accurx
WILLENHALL PRIMARY CARE CENTRE - 1,M86001,7224,52.3883106406557,-1.46319722605786,Accurx,Accurx,Accurx
LONGFORD PRIMARY CARE CENTRE,M86002,8359,52.4493385972131,-1.485732523413,Accurx,Accurx,Accurx
SKY BLUE MEDICAL GROUP,M86003,17048,52.381114794131,-1.52682474392459,Accurx,Accurx,Accurx
ALLESLEY PARK MEDICAL CTR,M86004,20929,52.4133318158733,-1.55601654511387,Accurx,Accurx,Accurx
HILLFIELDS HEALTH CENTRE - 1,M86005,6140,52.4146514202734,-1.50526484868318,Accurx,Accurx,Accurx
JUBILEE HEALTHCARE,M86006,10169,52.4032670412816,-1.51803329111363,Accurx,Accurx,Accurx
PHOENIX FAMILY CARE,M86007,5788,52.3900048990756,-1.51542984811432,Accurx,Accurx,Accurx
THE GABLES MEDICENTRE,M86008,10312,52.4421234751838,-1.50861861468822,Accurx; Anima,Anima,Anima
ENGLETON HOUSE SURGERY,M86009,25514,52.4236740273395,-1.522310770061,Accurx,Accurx,Accurx
FORREST MEDICAL CENTRE,M86010,13068,52.3950211605421,-1.55779721816956,Accurx,Accurx,Accurx
PRIORY GATE PRACTICE,M86012,11009,52.4146514202734,-1.50526484868318,Anima,Anima,Anima
THE FORUM HEALTH CENTRE,M86014,21376,52.4167142101731,-1.45930938487974,Accurx,Accurx,Accurx
KENYON MEDICAL CENTRES,M86015,13666,52.3847351856505,-1.47304079444178,Accurx,Accurx,Accurx
GODIVA GROUP PRACTICE,M86016,21348,52.4122123859202,-1.48273125267742,Accurx,Accurx,Accurx
MANSFIELD MEDICAL CENTRE,M86017,10492,52.4059758775405,-1.48457693530764,Engage GP; Patchs,Patchs,Patchs
MOSELEY AVENUE SURGERY,M86018,11562,52.4186348105509,-1.52560002968114,Accurx,Accurx,Accurx
WESTWOOD MEDICAL H/CENTRE,M86019,4117,52.4043225231859,-1.56051663986795,Accurx,,Accurx
WOOD END HEALTH CENTRE,M86020,7839,52.4356442136447,-1.4641908501354,Accurx,Accurx,Accurx
SPRINGFIELD MEDICAL PRACTICE,M86021,7275,52.4376073057874,-1.53033900535005,Accurx,Accurx,Accurx
CHEYLESMORE SURGERY,M86027,14354,52.3913277756283,-1.50392910112034,Accurx,Accurx,Accurx
CENTRAL MEDICAL CENTRE,M86028,3492,52.4249612971989,-1.49881155486191,Accurx,Accurx,Accurx
BROOMFIELD PARK MED.CTR.,M86029,18717,52.4078278435339,-1.52764163392264,Accurx,Accurx,Accurx
KENSINGTON ROAD SURGERY,M86030,5241,52.4025695352675,-1.53240126075304,Accurx,,Accurx
HOLBROOKS HEALTH TEAM,M86032,12554,52.4484957668807,-1.51131613105356,Accurx,Accurx,Accurx
WILLENHAL OAK MEDICAL CENTRE,M86033,4616,52.3887029708108,-1.46175276408963,Accurx,Accurx,Accurx
WOODSIDE MEDICAL CENTRE,M86034,9907,52.4068317130756,-1.57856516124861,Accurx,Accurx,Accurx
HENLEY GREEN MEDICAL CENTRE,M86035,8334,52.4283693399128,-1.45428410861123,Accurx,Accurx,Accurx
QUINTON PARK MEDICAL CENTRE,M86037,3631,52.3912226021489,-1.50339627497178,Accurx,Accurx,Accurx
BREDON AVENUE SURGERY,M86038,2631,52.4000550745039,-1.44563836768492,Accurx,Accurx,Accurx
ALLESLEY VILLAGE SURGERY,M86039,4794,52.4247238163227,-1.56857856258745,Accurx,Anima,Anima
WALSGRAVE HEALTH CENTRE,M86040,3633,52.4225574053445,-1.44370932553408,Accurx,,Accurx
CLAY LANE MEDICAL PRACTICE,M86041,10369,52.4122123859202,-1.48273125267742,Accurx,Accurx,Accurx
PARK HOUSE,M86044,4497,52.4058150968603,-1.49104660443543,Accurx,Accurx,Accurx
PARADISE MEDICAL CENTRE,M86045,7393,52.4265043440991,-1.49382329630876,Accurx,Accurx,Accurx
COPSEWOOD MEDICAL CENTRE,M86046,5335,52.4064353647076,-1.46654968885846,Accurx,,Accurx
WINDMILL SURGERY,M86048,8057,52.4492226142873,-1.48554391602025,Accurx,Accurx,Accurx
LIMBRICK WOOD SURGERY,M86605,3046,52.4068317130756,-1.57856516124861,Accurx,Accurx,Accurx
ST GEORGES ROAD SURGERY,M86610,8478,52.4047270248255,-1.49098562373319,,,Unknown
GEORGE ELIOT MEDICAL CENTRE,M86612,4018,52.4191494842832,-1.506929603037,Accurx,Accurx,Accurx
HILLFIELDS - DR BANO,M86617,4704,52.4146498033529,-1.50526516081703,Accurx,Accurx,Accurx
GOVIND HEALTH CENTRE,M86622,3265,52.4002269172221,-1.53336666131001,Accurx,Anima,Anima
COVENTRY GP GROUP OF PRACTICES,M86624,13062,52.4313515743057,-1.51787424254559,Rapid Health,Rapid Health,Rapid Health
STOKE ALDERMOOR MED CTRE,M86627,6700,52.3973426407719,-1.47578595823432,Accurx,Accurx,Accurx
EDGWICK MEDICAL CENTRE,M86633,5679,52.4317517024975,-1.49736671293611,Accurx,,Accurx
WOODWAY MEDICAL CENTRE,M86638,6972,52.4379433101086,-1.44835534679644,Accurx,,Accurx
MEADOWBROOK SURGERY,M87001,6426,52.4468308076969,-2.07076985399049,Accurx,Accurx,Accurx
MOSS GROVE SURGERY,M87003,18684,52.4987652754101,-2.17026470131982,Accurx; Silicon Health FootFall,Accurx,Accurx
THREE VILLAGES MEDICAL PRACTICE,M87005,13185,52.4644066638261,-2.14793990968968,Silicon Health FootFall,Silicon Health FootFall,Silicon Health FootFall
EVE HILL MEDICAL PRACTICE,M87006,8841,52.5129064984604,-2.09681012196124,Silicon Health FootFall,Silicon Health FootFall,Silicon Health FootFall
THE RIDGEWAY SURGERY,M87007,12071,52.5363571218342,-2.12068643980514,Accurx,Accurx,Accurx
KINGSWINFORD MEDICAL PRACTICE,M87008,8784,52.498461323938,-2.16116433626884,Silicon Health FootFall,Silicon Health FootFall,Silicon Health FootFall
AW SURGERIES,M87009,16767,52.4826670232574,-2.12292459083497,Silicon Health FootFall,Silicon Health FootFall,Silicon Health FootFall
THE WATERFRONT SURGERY,M87010,9140,52.4823671028044,-2.11728411744152,Silicon Health FootFall,Silicon Health FootFall,Silicon Health FootFall
LION HEALTH,M87011,26968,52.4607546722159,-2.15650806059761,Accurx; Anima,Accurx,Accurx
THE GREENS HEALTH CENTRE,M87012,7317,52.5290054440344,-2.09917461024052,Accurx,Accurx,Accurx
TANDON MEDICAL CENTRE (ORAM & PARTNERS),M87013,11377,52.5263321903674,-2.0460618302144,Accurx,Accurx,Accurx
LAPAL MEDICAL PRACTICE,M87014,8110,52.4581692837556,-2.01702756695753,Accurx,Accurx,Accurx
LOWER GORNAL MEDICAL PRACTICE,M87015,7870,52.5161623405968,-2.13233151794855,Accurx,,Accurx
WOODSETTON MEDICAL CENTRE,M87016,7128,52.5377949518047,-2.1022168700089,Accurx,Accurx,Accurx
STEPPINGSTONES MEDICAL PRACTICE,M87017,8430,52.5092578578704,-2.08998722177149,Silicon Health FootFall,Silicon Health FootFall,Silicon Health FootFall
THE SUMMERHILL SURGERY,M87018,7385,52.4965137685146,-2.17161524133877,Silicon Health FootFall,Silicon Health FootFall,Silicon Health FootFall
THE LIMES SURGERY MEDICAL CENTRE,M87019,5616,52.4569879446738,-2.11388707933329,Silicon Health FootFall,Silicon Health FootFall,Silicon Health FootFall
FELDON LANE PRACTICE,M87020,9180,52.4670489929892,-2.02916014270319,Accurx,Accurx,Accurx
COSELEY MEDICAL CENTRE,M87021,9978,52.542302369833,-2.08636210524163,Accurx,Accurx,Accurx
WORDSLEY GREEN HEALTH CENTRE,M87023,10027,52.4800909709691,-2.16398302506733,Accurx,Accurx,Accurx
WYCHBURY MEDICAL GROUP,M87024,22846,52.4410598918132,-2.11115627566605,Silicon Health FootFall,Silicon Health FootFall,Silicon Health FootFall
LIMESTONE SURGERY,M87025,4652,52.5102314150048,-2.08922524754183,Silicon Health FootFall,Silicon Health FootFall,Silicon Health FootFall
ST JAMES MEDICAL PRACTICE2,M87026,5979,52.5135454908262,-2.09594214652154,Silicon Health FootFall,,Silicon Health FootFall
QUARRY BANK MEDICAL CENTRE,M87027,4500,52.471835747318,-2.10237274069107,Accurx; Engage GP,Accurx,Accurx
ANCHOR MEDICAL PRACTICE,M87028,9718,52.4891312021365,-2.08079353607933,Silicon Health FootFall,Silicon Health FootFall,Silicon Health FootFall
PEDMORE MEDICAL PRACTICE,M87030,4544,52.4569335227525,-2.11821709548206,Silicon Health FootFall,,Silicon Health FootFall
CLEMENT ROAD MEDICAL PRACTICE,M87034,5819,52.4721539892645,-2.03402163582632,Accurx,Accurx,Accurx
BEAN MEDICAL PRACTICE,M87036,3613,52.5059793882619,-2.07568528853251,Silicon Health FootFall,Silicon Health FootFall,Silicon Health FootFall
NORTHWAY MEDICAL CENTRE,M87037,8274,52.5478860639469,-2.13092454887508,Accurx,Accurx,Accurx
RANGEWAYS ROAD SURGERY,M87041,6273,52.4878774326044,-2.14956509251587,Accurx,Accurx,Accurx
KEELINGE HOUSE,M87601,6744,52.5009411901891,-2.10965300161004,Accurx,Accurx,Accurx
HALESOWEN MEDICAL PRACTICE,M87602,10003,52.4440413252357,-2.0591428006151,Accurx,Accurx,Accurx
CENTRAL CLINIC,M87605,4669,52.5079774302034,-2.07577462851181,Silicon Health FootFall,,Silicon Health FootFall
ST JAMES MEDICAL PRACTICE1,M87612,2457,52.5135454908262,-2.09594214652154,Silicon Health FootFall,,Silicon Health FootFall
LINKS MEDICAL PRACTICE,M87617,6243,52.4891312021365,-2.08079353607933,Silicon Health FootFall,Silicon Health FootFall,Silicon Health FootFall
QUINCY RISE SURGERY,M87618,3006,52.4670537854066,-2.12915162878003,Silicon Health FootFall,,Silicon Health FootFall
CASTLE MEADOWS SURGERY,M87620,6787,52.515718667789,-2.11837514847082,Accurx,Accurx,Accurx
ALEXANDRA MEDICAL CENTRE,M87623,3189,52.4536334900945,-2.06327996577861,Accurx,,Accurx
CHAPEL STREET MEDICAL CENTRE,M87628,3804,52.456325560528,-2.11481601951848,Silicon Health FootFall,Silicon Health FootFall,Silicon Health FootFall
THORNS ROAD SURGERY,M87638,3827,52.4706598207773,-2.1103929436599,Silicon Health FootFall,Silicon Health FootFall,Silicon Health FootFall
THE VILLAGE MEDICAL CENTRE,M88001,10544,52.5521331304365,-1.99615148722573,Accurx,,Accurx
THE SMETHWICK MEDICAL CENTRE,M88002,8878,52.4948633159828,-1.96797944867273,Rapid Health,Patchs,Patchs
WARLEY MEDICAL CENTRE,M88003,11765,52.4679514450343,-2.00669790530486,Accurx,Accurx,Accurx
REGIS MEDICAL CENTRE,M88004,39966,52.4748116998491,-2.04402018905083,Anima; SystmConnect,SystmConnect,SystmConnect
CAPE HILL MEDICAL CENTRE,M88006,12005,52.4884040608579,-1.95425862481333,Accurx,Accurx,Accurx
OAKESWELL HEALTH CENTRE,M88007,9753,52.5542000167962,-2.01377628185527,Accurx,Accurx,Accurx
STONE CROSS MEDICAL CENTRE,M88008,4979,52.5454435070322,-1.9826889452971,Accurx,,Accurx
NORVIC FAMILY PRACTICE,M88009,9527,52.4893322746765,-1.96054618862034,Accurx,Accurx,Accurx
SWANPOOL MEDICAL CENTRE,M88010,8911,52.5409440441323,-2.05883118639834,Accurx,Accurx,Accurx
BLACK COUNTRY FAMILY PRACTICE,M88013,13863,52.5288458517102,-2.07118216830701,Rapid Health,Patchs,Patchs
DR GUDI PV & PARTNER,M88014,6805,52.5367059971795,-2.01154449881197,Accurx,Accurx,Accurx
GREAT BARR PRACTICE,M88015,10485,52.5509607030242,-1.91240376936978,Accurx; SystmConnect,Accurx,Accurx
OLD HILL MEDICAL CENTRE,M88016,3820,52.4743220835245,-2.06552103666298,Evergreen Health,Evergreen Health,Evergreen Health
OLDBURY HEALTH CENTRE,M88018,22069,52.5037306099966,-2.01397543174196,Accurx; Engage GP,Accurx,Accurx
BEARWOOD ROAD SURGERY,M88019,2875,52.4821340504981,-1.96988811587504,Accurx,Accurx,Accurx
SHERWOOD HOUSE MEDICAL PRACTICE,M88020,12409,52.4737609904189,-1.9585431060625,Accurx,Accurx,Accurx
SCOTT ARMS MEDICAL CENTRE,M88021,10942,52.5463733274962,-1.92611042075568,Accurx; Engage GP,Accurx,Accurx
JUBILEE HEALTH CENTRE,M88022,3605,52.5515112261229,-2.01955664822994,Accurx,Accurx,Accurx
TAME VALLEY MEDICAL CENTRE,M88023,6686,52.5541373145886,-1.98775919864658,Accurx,Accurx,Accurx
PORTWAY FAMILY PRACTICE,M88026,8392,52.4988012808194,-2.03006515773176,Accurx,Accurx,Accurx
CHURCH VIEW SURGERY,M88030,6044,52.4744237035919,-2.06626510298178,Accurx,Accurx,Accurx
NEW STREET SURGERY,M88035,3422,52.5368767320187,-2.01225221426599,Accurx,Accurx,Accurx
LINKWAY MEDICAL PRACTICE,M88038,13730,52.5167310237124,-1.99686171482248,Accurx,Accurx,Accurx
ST PAUL'S MEDICAL PRACTICE,M88040,6511,52.5007824218177,-1.98853971705265,Accurx,,Accurx
HAWTHORNS MEDICAL CENTRE,M88041,3784,52.5015066813444,-1.96726756036879,Accurx,Accurx,Accurx
BEARWOOD MEDICAL CENTRE,M88042,6511,52.4773252849441,-1.97352800179615,Accurx,Accurx,Accurx
HADEN VALE SURGERY,M88043,8589,52.4655362832974,-2.07514214586829,Accurx,Accurx,Accurx
THE VICTORIA SURGERY,M88600,4619,52.5230639049099,-2.05734807880524,Accurx,Accurx,Accurx
SAREPHED MEDICAL CENTRE,M88610,4804,52.4903060413245,-1.97039804788183,Accurx,Accurx,Accurx
GLEBEFIELDS SURGERY,M88612,3788,52.5405872600737,-2.05290347361768,Accurx,,Accurx
GREAT BRIDGE PSHIP FOR HEALTH,M88616,16585,52.5290518312948,-2.03189907298053,Accurx,Accurx,Accurx
"WALFORD STREET, TIVIDALE",M88618,2162,52.5132188140039,-2.05966336453468,Accurx,Accurx,Accurx
DR ARORA RK,M88619,11275,52.5160208437724,-1.99801117978817,SystmConnect,SystmConnect,SystmConnect
CAUSEWAY GREEN ROAD SURGERY,M88620,3667,52.4846343750884,-2.01464222687701,Accurx,Accurx,Accurx
ST PAUL'S PARTNERSHIP - LYNG MEDICAL,M88625,3420,52.5167954850276,-1.99701924268261,Accurx,Accurx,Accurx
DR UI HAQUE N,M88626,3621,52.5124688457699,-1.98436675691578,Accurx,,Accurx
DR SINGH M,M88628,3533,52.5147018479352,-2.00125352639906,Accurx,Accurx,Accurx
CLIFTON LANE MEDICAL CENTRE,M88630,5284,52.5439512221651,-1.98291070572433,Accurx,Accurx,Accurx
LODGE ROAD SURGERY,M88633,7286,52.5000716797476,-1.98384077138142,Accurx,Accurx,Accurx
DOG KENNEL LANE SURGERY,M88635,2159,52.4902916234267,-1.99552323303025,Accurx,,Accurx
ST PAULS PARTNERS,M88639,3547,52.5124688457699,-1.98436675691578,Accurx,Accurx,Accurx
WARLEY ROAD SURGERY,M88640,4321,52.4899948686147,-1.99354978493438,Accurx,,Accurx
THE SPIRES HEALTH CENTRE,M88643,5516,52.5533797596333,-2.02437764337389,Accurx,Accurx,Accurx
HILL TOP MEDICAL CENTRE,M88645,9036,52.4772112946684,-1.99737960148861,Accurx,Accurx,Accurx
DR DEWAN VK,M88646,2755,52.5160208437724,-1.99801117978817,Accurx,Accurx,Accurx
ROOD END MEDICAL PRACTICE,M88647,6294,52.4942562607163,-2.00017717386047,Accurx,Accurx,Accurx
PARKFIELD MEDICAL CENTRE,M89001,3644,52.5084850499296,-1.77730176683474,Accurx,Accurx,Accurx
KINGSHURST MEDICAL PRACTICE,M89002,6491,52.4940445090652,-1.74897746893486,Evergreen Health,Evergreen Health,Evergreen Health
GPS HEALTHCARE,M89003,39107,52.3939434984064,-1.8257265002224,Blinx,Patchs,Patchs
ST. MARGARETS MEDICAL PRACTICE,M89005,8690,52.4379933634875,-1.80737133195328,Accurx,,Accurx
RICHMOND MEDICAL CENTRE,M89007,6907,52.4467189661861,-1.79971197942758,Accurx,Accurx,Accurx
BOSWORTH MEDICAL GROUP,M89008,13632,52.4806486456715,-1.75286724423075,Accurx,Accurx,Accurx
MANOR HOUSE LANE SURGERY,M89009,11186,52.4613057916781,-1.8027071989957,Accurx,,Accurx
DORRIDGE SURGERY,M89010,10875,52.3727572677107,-1.75207382337849,Accurx,Accurx,Accurx
CROFT MEDICAL CENTRE,M89012,11311,52.4778645742692,-1.72775082375359,Accurx,Accurx,Accurx
ARRAN MEDICAL CENTRE,M89013,6272,52.5038473641773,-1.74878085321742,Accurx; SystmConnect,SystmConnect,SystmConnect
NORTHBROOK HEALTH CENTRE,M89015,12392,52.4196574808407,-1.82127290607137,Accurx; Blinx,,Unknown
BALSALL COMMON & MERIDEN GROUP PRACTICE,M89016,12548,52.3949563640289,-1.6438617319296,Accurx,Accurx,Accurx
SOLIHULL HEALTHCARE PARTNERSHIP,M89017,56678,52.4196419678098,-1.77523471855286,Accurx; Blinx,Blinx,Blinx
HOBS MOAT MEDICAL CENTRE,M89019,11402,52.4440274053994,-1.7873659833952,Accurx,Accurx,Accurx
COVENTRY ROAD PRACTICE,M89021,4905,52.4516827035309,-1.77535141319393,Accurx,Accurx,Accurx
GRAFTON ROAD SURGERY,M89024,4037,52.4077711783802,-1.8681846425537,Accurx,Accurx,Accurx
THE CASTLE PRACTICE,M89026,10573,52.501323175646,-1.76001602447425,Accurx,Accurx,Accurx
GREEN LANE SURGERY,M89027,8595,52.5038488924493,-1.74878084451437,Accurx,Accurx,Accurx
ARDEN MEDICAL CENTRE,M89030,6155,52.3794716522624,-1.74306025804352,Accurx,Accurx,Accurx
HAMPTON SURGERY,M89608,3846,52.4238499703514,-1.70221561826848,Accurx,Accurx,Accurx
SINA HEALTH CENTRE,M91003,6915,52.618097045333,-2.04778382184001,Accurx,Accurx,Accurx
ST PETER'S SURGERY,M91004,9659,52.5941514761934,-1.98501533996326,Accurx,Accurx,Accurx
PARKSIDE MEDICAL PRACTICE,M91006,4422,52.6491228762043,-1.93563730504375,Accurx,Accurx,Accurx
ST JOHN'S MEDICAL CENTRE,M91007,8488,52.625453788048,-1.93421764911283,Accurx,,Accurx
LITTLE LONDON SURGERY,M91008,9525,52.5751995017758,-1.97876914138108,Accurx,Accurx,Accurx
STREETS CORNER SURGERY,M91009,5654,52.6308083548984,-1.92583448217216,Accurx,Accurx,Accurx
PORTLAND MEDICAL PRACTICE,M91010,8852,52.6024670858459,-1.92122231312793,Accurx,Accurx,Accurx
LOCKFIELD SURGERY,M91013,10522,52.5854573849097,-2.05716905600468,Accurx,,Accurx
BRACE STREET HEALTH CENTRE,M91014,3089,52.5771999010327,-1.98322970969845,Accurx,Accurx,Accurx
UMBRELLA MEDICAL,M91015,22046,52.5870023520821,-1.9795603980485,Accurx,Accurx,Accurx
NEW INVENTION HEALTH CENTRE,M91016,7051,52.6090982451076,-2.0402367112768,Accurx,Accurx,Accurx
NORTHGATE MEDICAL CENTRE,M91017,10252,52.6025135459823,-1.92119668634866,Accurx,Accurx,Accurx
SADDLERS HEALTH CENTRE,M91018,5169,52.5870023520821,-1.9795603980485,Accurx,,Accurx
RUSHALL MEDICAL CENTRE,M91019,14690,52.6082353764024,-1.95940702875359,Accurx,Accurx,Accurx
LOCKSTOWN PRACTICE,M91021,7750,52.5854445461785,-2.05713464979585,Accurx,Accurx,Accurx
CHAPEL STREET SURGERY,M91024,2566,52.6281170576278,-1.96781452622248,Accurx,Accurx,Accurx
DARLASTON FAMILY PRACTICE,M91026,5664,52.5655760652198,-2.03773128100625,Accurx,Accurx,Accurx
MODALITY KINGFISHER DARLASTON PRACTICE,M91028,12916,52.5888459415169,-2.03121395416304,Accurx,Accurx,Accurx
MOSSLEY & DUDLEY FIELDS MEDICAL PRACTICE,M91029,5865,52.6205390036885,-2.01673002582413,Accurx,Accurx,Accurx
COLLINGWOOD FAMILY PRACTICE,M91032,4828,52.5566064503516,-1.90451679157327,Accurx,Accurx,Accurx
WILLENHALL MEDICAL CENTRE,M91033,6692,52.5854434674035,-2.05713464838659,Accurx,Accurx,Accurx
BLOXWICH MEDICAL PRACTICE,M91034,5121,52.6131761752106,-2.00080323304498,Accurx,Accurx,Accurx
HARDEN HEALTH CENTRE,M91036,3957,52.6084368858396,-1.98768458361527,Accurx,,Accurx
KHAN MEDICAL PRACTICE,M91602,2352,52.6133264817799,-2.00101708866788,Accurx,Accurx,Accurx
NEW ROAD MEDICAL CENTRE,M91609,2254,52.6487038712099,-1.93923790509869,Accurx,Accurx,Accurx
BEECHDALE CENTRE,M91611,3103,52.6008667021694,-2.00733907096731,Accurx,Accurx,Accurx
ST MARY'S SURGERY,M91612,3527,52.6131118957348,-2.00107261275583,Accurx,Accurx,Accurx
FORRESTER STREET MEDICAL CENTRE,M91613,9815,52.5859190821922,-1.99487202882684,Accurx,Accurx,Accurx
STROUD PRACTICE,M91614,9386,52.5888459415169,-2.03121395416304,Accurx,Accurx,Accurx
PLECK HEALTH CENTRE,M91616,8002,52.5742504032074,-1.99803279987912,Accurx; Engage GP,Accurx,Accurx
BROADWAY MEDICAL CENTRE,M91619,6433,52.5676742852277,-1.97969452532331,Accurx,Accurx,Accurx
PALFREY HEALTH CENTRE,M91621,5035,52.5747058386568,-1.9917327922811,Accurx,Accurx,Accurx
LOWER FARM HEALTH CENTRE,M91623,1946,52.6278036588398,-1.99908556040483,Accurx,Accurx,Accurx
MOXLEY MEDICAL CENTRE,M91624,3751,52.5600297696144,-2.05111999245588,Accurx,Accurx,Accurx
HOLLAND PARK SURGERY,M91626,4706,52.6491228762043,-1.93563730504375,Accurx,Accurx,Accurx
BRACE STREET HC- KUMAR,M91628,3237,52.5771999010327,-1.98322970969845,Accurx,Accurx,Accurx
BIRCHILLS HEALTH CENTRE,M91629,7091,52.5910648021035,-1.99640013900665,Accurx,Accurx,Accurx
BLACKWOOD HEALTH CENTRE,M91637,4233,52.5795914413137,-1.89171508704868,Rapid Health,,Rapid Health
WALSALL WOOD HEALTH CENTRE,M91639,1717,52.6306735827758,-1.92580870588325,Accurx,,Accurx
ROUGH HAY SURGERY,M91640,3939,52.5729263715954,-2.04308742905789,Accurx,Accurx,Accurx
DARLASTON MEDICAL CENTRE,M91641,3984,52.567915224696,-2.03093900948313,Accurx,Accurx,Accurx
QUESLETT MEDICAL CENTRE,M91642,1683,52.5575013921256,-1.89803383591672,Accurx,Accurx,Accurx
PILLAI,M91647,5428,52.613274161178,-2.00103850184991,Accurx; Engage GP,Accurx,Accurx
PINFOLD MEDICAL,M91650,9389,52.6131761752106,-2.00080323304498,Accurx,Accurx,Accurx
HIGH STREET SURGERY,M91654,3467,52.6305803762529,-1.96934456331302,Accurx,Accurx,Accurx
BRACE STREET HC- MAHBUB (M91659),M91659,3516,52.5771999010327,-1.98322970969845,Accurx,Accurx,Accurx
POPLARS MEDICAL CENTRE,M92001,3514,52.6099290390463,-2.11235334292331,Accurx,,Accurx
PRIMROSE LANE PRACTICE,M92004,2958,52.6124920994948,-2.10132784280724,Accurx,Accurx,Accurx
COALWAY ROAD SURGERY,M92006,4657,52.5691295891604,-2.15535982113621,Accurx,,Accurx
CASTLECROFT MEDICAL PRACTICE,M92008,12752,52.5795171292286,-2.18941249104732,Accurx,Accurx,Accurx
PRESTBURY MEDICAL PRACTICE,M92009,13259,52.6230165997292,-2.11570044904373,Accurx,Accurx,Accurx
TETTENHALL MEDICAL PRACTICE,M92010,11279,52.6007232423021,-2.15950248452567,Accurx,Accurx,Accurx
RWT PRACTICES PENN MANOR MEDICAL CENTRE,M92011,36941,52.5602148665144,-2.15290911677823,Accurx,Accurx,Accurx
DUNCAN STREET PRIMARY CARE CENTRE,M92012,11647,52.5734700163722,-2.12660215817745,Accurx,Accurx,Accurx
DR SINHA & TAHIR,M92013,7139,52.5933218024815,-2.11003194066172,Accurx,Accurx,Accurx
IMPROVING HEALTH (IH) MEDICAL,M92015,3965,52.5683082447062,-2.07610023307318,Accurx,Accurx,Accurx
TUDOR MEDICAL CENTRE,M92016,23607,52.5946575272807,-2.13600801784921,Accurx,Accurx,Accurx
KEATS GROVE SURGERY,M92019,6015,52.6140491912371,-2.09913086104068,Accurx,,Accurx
ASHMORE PARK MEDICAL CENTRE,M92022,4162,52.6138421880813,-2.05928373901697,Accurx,Accurx,Accurx
GRIFFITHS DRIVE MEDICAL PRACTICE,M92026,5058,52.6128243857279,-2.06306312386427,Accurx,,Accurx
THORNLEY STREET SURGERY,M92028,8962,52.5886545768408,-2.12587845646728,Accurx,,Accurx
NEWBRIDGE SURGERY,M92029,5965,52.5942610791429,-2.15602443259874,Accurx,Accurx,Accurx
DR ST PIERRE-LIBBERTON,M92039,6894,52.6104340290082,-2.10064376035713,Accurx,Accurx,Accurx
MAYFIELD MEDICAL PRACTICE,M92040,12412,52.5830293174957,-2.09329183823296,Accurx,,Accurx
PROBERT ROAD SURGERY,M92041,4636,52.6181771803912,-2.13389501486431,Accurx,Accurx,Accurx
PENN SURGERY,M92043,6960,52.5685674009853,-2.14500069470156,Accurx,Accurx,Accurx
WHITMORE REANS MEDICAL PRACTICE,M92607,18171,52.5957195856161,-2.14256602848668,Accurx,Accurx,Accurx
ASHFIELD ROAD SURGERY,M92609,6262,52.6267639066029,-2.13254735261298,Accurx,Accurx,Accurx
HEALTH AND BEYOND,M92612,37337,52.576142708669,-2.1151589886282,Accurx,Accurx,Accurx
BILSTON FAMILY PRACTICE,M92627,4385,52.5683082447062,-2.07610023307318,Accurx,Accurx,Accurx
FORDHOUSES MEDICAL CENTRE,M92629,4232,52.6229597105113,-2.13390963704051,Accurx,Accurx,Accurx
EAST PARK MEDICAL PRACTICE,M92630,5745,52.5860477165768,-2.09710447515116,Accurx,Accurx,Accurx
DR MUDIGONDA,M92649,4475,52.5683082447062,-2.07610023307318,Accurx,Accurx,Accurx
BAGARY'S MEDICAL PRACTICE,M92654,6801,52.6097025119996,-2.11421347572008,Accurx,,Accurx
AUDLEM MEDICAL PRACTICE,N81001,5041,52.9898900217611,-2.50961356203693,eConsult,Patchs,Patchs
KENMORE MEDICAL CENTRE,N81002,12002,53.3231711936971,-2.23612432488894,Accurx,Accurx,Accurx
HELSBY HEALTH CENTRE,N81005,9830,53.2699725103833,-2.77192214291972,Patchs,,Patchs
BUNBURY MEDICAL PRACTICE,N81006,5469,53.116808888919,-2.64937629717189,Blinx; Patchs,,Unknown
HOLES LANE MEDICAL LTD.,N81007,10071,53.3999513459704,-2.54510052736085,Patchs,Patchs,Patchs
THE CEDARS MEDICAL CENTRE,N81008,11871,53.0934654381847,-2.3009526783631,Patchs,Patchs,Patchs
HEATH LANE MEDICAL CENTRE,N81009,7564,53.1889588771768,-2.86384757936865,Patchs,Patchs,Patchs
NANTWICH HEALTH CENTRE,N81010,8826,53.0681424350196,-2.51851312346822,Accurx,Accurx,Accurx
BEVAN GROUP PRACTICE,N81011,14420,53.3797298525109,-2.72425137965885,Blinx,,Blinx
GUARDIAN STREET MED/CTR,N81012,12283,53.3918990954389,-2.60629729449827,SystmConnect,SystmConnect,SystmConnect
HIGH STREET SURGERY,N81013,6817,53.2584463684872,-2.12293704248326,Accurx; Blinx,,Unknown
BROOKFIELD SURGERY,N81014,9337,53.3823025718996,-2.4812309189887,Patchs; SystmConnect,Patchs,Patchs
MILLCROFT MEDICAL CENTRE,N81016,31824,53.0985074307953,-2.45250934625186,Accurx,Accurx,Accurx
TARPORLEY HEALTH CENTRE,N81018,8159,53.1589795392585,-2.6655230084571,Patchs,Patchs,Patchs
CASTLEFIELDS HEALTH CENTRE,N81019,15338,53.3389559419405,-2.69114113000242,Accurx; Blinx,Accurx,Accurx
PENKETH HEALTH CENTRE,N81020,12320,53.3858357021409,-2.65646281244208,SystmConnect,SystmConnect,SystmConnect
MIDDLEWOOD PARTNERSHIP,N81022,33838,53.2965349324374,-2.10802206814355,Patchs,Patchs,Patchs
SWANLOW MEDICAL CENTRE,N81024,10619,53.191317963117,-2.53028942231562,Accurx,Accurx,Accurx
FIRDALE MEDICAL CENTRE,N81025,11539,53.257161337224,-2.52839067547802,Accurx; Blinx,Accurx,Accurx
READESMOOR MEDICAL GROUP PRACTICE,N81027,14719,53.163761674609,-2.21679200599101,Accurx,Accurx,Accurx
CAUSEWAY MEDICAL CENTRE,N81028,9193,53.3800868244706,-2.58925250661625,SystmConnect,SystmConnect,SystmConnect
SOUTH PARK SURGERY,N81029,12311,53.2584463684872,-2.12293704248326,Blinx,Patchs,Patchs
PRINCEWAY SURGERIES,N81030,16675,53.2935242197731,-2.72570869566972,Patchs,,Patchs
DRS ADEY AND DANCY,N81031,6229,53.1589795392585,-2.6655230084571,Patchs,Patchs,Patchs
ASHFIELDS PRIMARY CARE CENTRE,N81032,28629,53.1446410224064,-2.36739615651814,Blinx,Patchs,Patchs
ALDERLEY EDGE MEDICAL CENTRE,N81033,8675,53.3033357690436,-2.23290076556693,Accurx,Accurx,Accurx
BOUGHTON MEDICAL GROUP,N81034,13187,53.1928502260077,-2.87591805138979,Patchs,Patchs,Patchs
FIR PARK MEDICAL CENTRE,N81035,12157,53.3815725568411,-2.74603735123748,Blinx,Patchs,Patchs
SPRINGFIELDS MEDICAL CENTRE,N81036,8658,53.389849805062,-2.59780642052763,SystmConnect,SystmConnect,SystmConnect
THE BEECHES MEDICAL CTR,N81037,8306,53.3635478082316,-2.76483705168359,Blinx; Engage GP,Blinx,Blinx
LAUREL BANK SURGERY,N81038,7783,53.0175497655365,-2.76264444534488,Patchs,Patchs,Patchs
OAKLANDS,N81039,11760,53.1904577660767,-2.44631684022247,Accurx,Accurx,Accurx
HIGH STREET PRACTICE WINSFORD,N81040,6867,53.191317963117,-2.53028942231562,Accurx,Accurx,Accurx
HELSBY STREET MED/CTR,N81041,8642,53.394982348435,-2.57631794137376,SystmConnect,SystmConnect,SystmConnect
HASLINGTON SURGERY,N81043,6171,53.0976839600088,-2.39493761656848,Accurx,Accurx,Accurx
HUNGERFORD MEDICAL CENTRE,N81044,10829,53.098286117944,-2.42872481473248,Accurx,Accurx,Accurx
PEELHOUSE MEDICAL PLAZA,N81045,13738,53.3720989981918,-2.72255978551564,Blinx; Patchs,Patchs,Patchs
PARK MEDICAL CENTRE,N81046,10002,53.2020962717764,-2.874759237141,Blinx,Blinx,Blinx
THE KILTEARN MEDICAL CTR.,N81047,12003,53.0681424350196,-2.51851312346822,eConsult,eConsult,eConsult
FEARNHEAD CROSS MED.CTR.,N81048,12835,53.4112225985574,-2.55784336645607,Patchs,Patchs,Patchs
KNUTSFORD MEDICAL PARTNERSHIP,N81049,23852,53.3061913118822,-2.37783547041596,Accurx,,Accurx
GREAT SUTTON MEDICAL CENTRE,N81050,19728,53.2769880853308,-2.93748062967459,Blinx,,Blinx
THE WEAVERHAM SURGERY,N81051,6883,53.2627469836293,-2.5779773173824,Blinx; Patchs,Patchs,Patchs
LAWTON HOUSE SURGERY,N81052,13210,53.1630441128256,-2.20579512364497,Accurx,Accurx,Accurx
EARNSWOOD MEDICAL CENTRE,N81053,16914,53.0985074307953,-2.45250934625186,Accurx,Accurx,Accurx
WEAVER VALE PRACTICE,N81054,8769,53.3247922085809,-2.69662721787752,Blinx; Patchs,,Unknown
WATLING STREET SURGERY,N81055,6851,53.2602387902188,-2.51408177729553,Patchs,,Patchs
FOLLY LANE MEDICAL CENTRE,N81056,9627,53.3981197913234,-2.60686926446772,SystmConnect,SystmConnect,SystmConnect
TOWER HOUSE PRACTICE,N81057,12692,53.3411709854249,-2.73246011975245,Blinx; Patchs,Patchs,Patchs
CULCHETH MEDICAL CENTRE,N81059,12650,53.4522132875833,-2.52203689736931,SystmConnect,SystmConnect,SystmConnect
NESTON SURGERY,N81060,9018,53.2869845711151,-3.05320160195443,Blinx,Blinx,Blinx
WITTON STREET SURGERY,N81061,10413,53.2623804953415,-2.50427358783048,Blinx,Patchs,Patchs
CUMBERLAND HOUSE SURGERY,N81062,14955,53.2584463684872,-2.12293704248326,Accurx; Blinx,Accurx,Accurx
YORK ROAD GROUP PRACTICE,N81063,12182,53.2788596482747,-2.89930735619974,Blinx,Patchs,Patchs
NEWTOWN SURGERY,N81064,6715,53.3621609637237,-2.735710716748,Blinx,Patchs,Patchs
LATCHFORD MEDICAL CENTRE,N81065,8287,53.3808125182764,-2.56337459267551,eConsult; SystmConnect,SystmConnect,SystmConnect
GROVE HOUSE PRACTICE,N81066,14463,53.3411709854249,-2.73246011975245,Blinx; Patchs,Blinx,Blinx
OAKWOOD MEDICAL CENTRE,N81067,9143,53.2718918732902,-2.54485688678985,Accurx; Blinx,Patchs,Patchs
GROSVENOR MEDICAL CENTRE,N81068,15564,53.1023458506911,-2.45385743443922,Silicon Health FootFall,Silicon Health FootFall,Silicon Health FootFall
CHELFORD SURGERY,N81069,4762,53.2725349704363,-2.28241989655112,Accurx,Accurx,Accurx
HANDFORTH HEALTH CENTRE,N81070,10348,53.3476493158094,-2.21449721423523,Accurx,Accurx,Accurx
GREENMOSS MEDICAL CENTRE,N81071,4412,53.1069691938822,-2.25022781632314,Blinx,Patchs,Patchs
MURDISHAW,N81072,7902,53.3241940158483,-2.66279231479686,Blinx; Patchs,Patchs,Patchs
LAUNCESTON CLOSE SURGERY,N81074,5488,53.1837127750734,-2.54237639171942,Accurx,Accurx,Accurx
STOCKTON HEATH MED.CENTRE,N81075,16449,53.3719496234709,-2.5821603222426,eConsult,eConsult,eConsult
THE HEALTH CENTRE (HOLMES CHAPEL),N81077,13013,53.2002098436058,-2.35585073015188,Accurx,Accurx,Accurx
THE ELMS MEDICAL CENTRE,N81079,9908,53.1913769901521,-2.89682766101771,Blinx; Patchs,Blinx,Blinx
NORTHGATE MEDICAL CENTRE,N81080,8706,53.1913769901521,-2.89682766101771,Blinx; Patchs,Patchs,Patchs
GARDEN LANE MEDICAL CTR.,N81081,9704,53.1944834645094,-2.89546648663556,Patchs,Patchs,Patchs
CITY WALLS MEDICAL CENTRE,N81082,14988,53.1913782191437,-2.89683157813454,Patchs,Patchs,Patchs
PARKVIEW MEDICAL CENTRE,N81083,5097,53.4045894299828,-2.5883001500884,SystmConnect,,SystmConnect
ROPE GREEN MEDICAL CENTRE,N81084,21771,53.0709074488146,-2.45981856581257,Accurx,Accurx,Accurx
PARK LANE SURGERY,N81085,10346,53.2584463684872,-2.12293704248326,Accurx; Blinx,Accurx,Accurx
WILMSLOW HEALTH CENTRE,N81086,16770,53.3223542529,-2.23818132308858,,,Unknown
DANEBRIDGE MEDICAL CENTRE,N81087,24108,53.2582028911696,-2.51218418568447,Blinx,Patchs,Patchs
PARK GREEN SURGERY,N81088,12711,53.2584463684872,-2.12293704248326,Accurx; Blinx,,Unknown
GREENBANK SURGERY,N81089,7981,53.3966407696239,-2.57145606074791,eConsult,eConsult,eConsult
TUDOR SURGERY,N81090,5406,53.0681424350196,-2.51851312346822,Patchs,Patchs,Patchs
HOPE FARM MEDICAL CENTRE,N81092,15115,53.2651919667127,-2.9234427836601,Blinx,Patchs,Patchs
WHITBY HEALTH PARTNERSHIP,N81093,15866,53.2675082889807,-2.91063465377173,Blinx,Blinx,Blinx
BROOKVALE PRACTICE,N81096,8719,53.325545885491,-2.69686470688534,Accurx,Accurx,Accurx
DALLAM LANE MEDICAL CENTRE,N81097,4883,53.3928055842722,-2.59551870414122,SystmConnect,SystmConnect,SystmConnect
UPTON VILLAGE SURGERY,N81100,8058,53.2132851129303,-2.88477023575119,Blinx,,Blinx
THE HANDBRIDGE MED.CTR.,N81101,8052,53.1836580930111,-2.88942766040358,Patchs,,Patchs
FOUNTAINS MEDICAL PRACTICE,N81102,4388,53.1947941621139,-2.89269588476743,Blinx; Patchs,Patchs,Patchs
MANCHESTER ROAD SURGERY,N81107,3617,53.3965750375498,-2.5710292821077,Patchs,,Patchs
THE LAKESIDE SURGERY,N81108,10825,53.3786938207543,-2.4825605649035,eConsult; SystmConnect,eConsult,eConsult
PADGATE MEDICAL CENTRE,N81109,6890,53.4065126225697,-2.55618784265664,SystmConnect,SystmConnect,SystmConnect
MEREPARK MEDICAL CENTRE,N81111,7487,53.0934654381847,-2.3009526783631,Blinx,Patchs,Patchs
MIDDLEWICH ROAD SURGERY,N81113,7390,53.2578682986674,-2.48912554973869,Blinx,Patchs,Patchs
BIRCHWOOD MEDICAL CENTRE,N81114,10793,53.4154793323484,-2.52650038522981,SystmConnect,SystmConnect,SystmConnect
LACHE HEALTH CENTRE,N81115,8134,53.1737588134907,-2.9133131076588,Patchs,Patchs,Patchs
OLD HALL SURGERY,N81117,5835,53.2757933347013,-2.90381965027171,,,Unknown
MEADOWSIDE MEDICAL CENTRE,N81118,8666,53.1650837369497,-2.21141396561603,Patchs,Patchs,Patchs
HOUGH GREEN HEALTH PARK,N81119,5223,53.378469362056,-2.77319199988739,Blinx,,Blinx
KELSALL MEDICAL CENTRE,N81120,6175,53.2073144141742,-2.71702758042567,Patchs,Patchs,Patchs
NORTHGATE VILLAGE SURGERY,N81121,6852,53.1947953305247,-2.89269590904746,Blinx; Patchs,Blinx,Blinx
WESTBROOK MEDICAL CENTRE,N81122,10246,53.4085076714867,-2.63220668034025,Anima; eConsult,eConsult,eConsult
WILLOW WOOD SURGERY,N81123,7297,53.1955386368117,-2.50434164606547,Accurx,Accurx,Accurx
NESTON MEDICAL CENTRE,N81125,7667,53.2913795302438,-3.06436957765232,Blinx,Blinx,Blinx
THE WEAVER VALE SURGERY,N81127,8686,53.191317963117,-2.53028942231562,Accurx,Accurx,Accurx
WESTMINSTER SURGERY,N81607,3934,53.2854963429968,-2.89655173767691,Blinx; Patchs,Blinx,Blinx
THE SURGERY,N81614,5621,53.0238738708757,-2.60280658464818,Accurx,Accurx,Accurx
OAKS PLACE SURGERY,N81619,3851,53.3621609637237,-2.735710716748,Blinx,Patchs,Patchs
STRETTON MEDICAL CENTRE,N81623,9525,53.3394857182602,-2.57702171901989,eConsult; Patchs,Patchs,Patchs
THE VILLAGE SURGERIES GROUP,N81624,8606,53.1242455687837,-2.7712653457897,Patchs,Patchs,Patchs
WESTERN AVE MEDICAL CTRE,N81626,4728,53.201905891423,-2.93190579508624,Patchs,Patchs,Patchs
THE ERIC MOORE PARTNERSHIP,N81628,12744,53.3932988572896,-2.59789732672381,Patchs,SystmConnect,SystmConnect
BROKEN CROSS SURGERY,N81632,5895,53.2584463684872,-2.12293704248326,Blinx,Patchs,Patchs
COCKHEDGE MEDICAL CENTRE,N81637,2927,53.3908659065669,-2.5905085855973,Patchs,Patchs,Patchs
WATERS EDGE MEDICAL CENTRE,N81642,4740,53.1922993100294,-2.44399033193837,Blinx; Patchs,,Unknown
4 SEASONS MEDICAL CENTRE,N81645,2271,53.4045894299828,-2.5883001500884,SystmConnect,SystmConnect,SystmConnect
UPTON ROCKS PRIMARY CARE,N81651,3571,53.3733673134757,-2.75437124682731,Blinx,eConsult,eConsult
ST WERBURGH'S MEDICAL PRACTICE HOMELESS,N81655,438,53.1941874884474,-2.89299491473766,,,Unknown
THE MARGARET THOMPSON MED CENTRE,N82001,6061,53.3459737634484,-2.82173792669673,Patchs,Patchs,Patchs
YEW TREE CENTRE,N82002,5451,53.4283821671776,-2.87369335714449,Patchs,Patchs,Patchs
DOVECOT HEALTH CENTRE,N82003,4251,53.418624083997,-2.87699088911504,Blinx; Patchs,Blinx,Blinx
GARSTON FAMILY HEALTH CENTRE,N82004,3359,53.3547239460471,-2.89621057463415,Blinx; Patchs,Blinx,Blinx
GRASSENDALE MEDICAL CENTRE,N82009,8674,53.3650195984187,-2.91227202873829,Blinx,Blinx,Blinx
PRIORY MEDICAL CENTRE,N82011,10771,53.4242206982761,-2.94574390005641,Blinx,,Blinx
LANCE LANE MEDICAL CENTRE,N82014,6498,53.3957741520382,-2.91181694175381,Patchs,Patchs,Patchs
ELLERGREEN MEDICAL CENTRE,N82018,13232,53.4454156699486,-2.91930570023031,Patchs,Patchs,Patchs
LANGBANK MEDICAL CENTRE,N82019,5154,53.4408259789912,-2.92587914934646,Blinx,Blinx,Blinx
BEACON HEALTH KENSINGTON,N82022,9944,53.4083519143753,-2.94899283665794,Blinx,Blinx,Blinx
WEST DERBY MEDICAL CENTRE,N82024,12453,53.4312559881072,-2.89679043727307,Blinx,Blinx,Blinx
PENNY LANE SURGERY,N82026,6488,53.3894036028415,-2.91500383478183,Patchs,Patchs,Patchs
DINGLE PARK PRACTICE,N82033,5784,53.3863300624415,-2.97288480653855,Blinx,Blinx,Blinx
THE VILLAGE SURGERY,N82034,5922,53.3547239460471,-2.89621057463415,Patchs,Patchs,Patchs
MATHER AVENUE SURGERY,N82035,8658,53.3644847327508,-2.89146215667976,Blinx; Patchs,Blinx,Blinx
NETHERLEY HEALTH CENTRE,N82036,3288,53.3882770061645,-2.83958852629336,Blinx,Blinx,Blinx
WESTMORELAND GP CENTRE,N82037,11525,53.4678662170657,-2.936018453537,Patchs,Patchs,Patchs
STORRSDALE MEDICAL CENTRE,N82039,4060,53.3769281053758,-2.90424386341544,Blinx,Patchs,Patchs
OAK VALE MEDICAL CENTRE,N82041,12802,53.3975068526981,-2.8977280729614,Blinx; Patchs,Blinx,Blinx
SEFTON PARK MEDICAL CENTRE,N82046,10155,53.3930881341437,-2.93484265619792,Blinx,Blinx,Blinx
WALTON MEDICAL CENTRE,N82048,7377,53.4477286844561,-2.96791843011919,Blinx,Blinx,Blinx
WESTMINSTER MEDICAL CENTRE,N82049,6489,53.4404290699424,-2.97792941512222,Blinx,Blinx,Blinx
GATEACRE MEDICAL CENTRE,N82050,2519,53.3850536633203,-2.85803312157526,Patchs,Patchs,Patchs
TOWNSEND MEDICAL CENTRE,N82052,5751,53.4294756403325,-2.94493164843751,Blinx,Blinx,Blinx
AINTREE PARK GROUP PRACTICE,N82053,15530,53.4627990209664,-2.96729728811296,Blinx,Patchs,Patchs
ABERCROMBY FAMILY PRACTICE,N82054,7233,53.3990318256283,-2.96174417017892,Blinx,Blinx,Blinx
ROCK COURT SURGERY,N82058,5649,53.411597076563,-2.91618732396586,Blinx,Blinx,Blinx
GREENBANK DRIVE SURGERY,N82059,6031,53.38955456442,-2.93035947352826,Blinx; Patchs,Blinx,Blinx
FULWOOD GREEN MEDICAL CTR,N82062,6959,53.370237899285,-2.93718277175367,Blinx,,Blinx
EARLE ROAD MEDICAL CENTRE,N82065,4013,53.3987798516834,-2.94262274847259,Patchs,Patchs,Patchs
WOOLTON HOUSE MEDICAL CTR,N82066,9083,53.3757099351545,-2.86733023636327,Patchs,Patchs,Patchs
BENIM MEDICAL CENTRE,N82067,5546,53.4183842880914,-2.9472093158965,Patchs,Patchs,Patchs
THE ELMS MEDICAL CENTRE,N82070,9754,53.3829809775949,-2.95796951441947,Blinx,Blinx,Blinx
THE ASH SURGERY,N82073,6677,53.3739778491753,-2.93367244866968,Blinx,Blinx,Blinx
OLD SWAN HEALTH CENTRE,N82074,9145,53.4112055379439,-2.91684085467042,Blinx,Blinx,Blinx
BROWNLOW HEALTH @ PRINCES PARK,N82076,10888,53.3911392318415,-2.95394231601117,Blinx,Blinx,Blinx
BOUSFIELD SURGERY - DR SHAH,N82077,2672,53.4315419695323,-2.9775748219763,Patchs,,Patchs
BOUSFIELD - ROBERTS,N82078,2824,53.4315419695323,-2.9775748219763,Patchs,,Patchs
GREENBANK ROAD SURGERY,N82079,6286,53.3886878925301,-2.92570697433869,Patchs,Patchs,Patchs
ISLINGTON HOUSE MEDICAL CENTRE,N82081,6033,53.4157910437723,-2.96460494759647,Blinx,Blinx,Blinx
ST. JAMES' HEALTH CENTRE,N82082,9569,53.3983292211853,-2.97908543739517,Blinx,Blinx,Blinx
JUBILEE MEDICAL CENTRE,N82083,10361,53.4486290616128,-2.90228818397647,Blinx; eConsult,eConsult,eConsult
GATEACRE BROW SURGERY,N82084,6482,53.3832519185883,-2.8634693839388,Patchs,,Patchs
ABINGDON FAMILY HEALTH CARE CENTRE,N82086,3773,53.4402939354195,-2.94218671756379,Patchs,Patchs,Patchs
GILLMOSS MEDICAL CENTRE,N82087,2341,53.459458060777,-2.89784882592131,Patchs,Patchs,Patchs
PICTON GREEN,N82089,3750,53.3987163421754,-2.94166074703425,Patchs,Patchs,Patchs
GREEN LANE MEDICAL CENTRE,N82090,10083,53.4241123190851,-2.92863096085377,Patchs,Blinx,Blinx
GP PRACTICE RIVERSIDE (DR JUDE),N82091,2207,53.3863300624415,-2.97288480653855,Patchs,,Patchs
THE VALLEY MEDICAL CENTRE,N82092,8392,53.3991660589179,-2.87660566804634,Blinx,,Blinx
DERBY LANE MEDICAL CENTRE,N82093,4285,53.416374807562,-2.91440928415595,Patchs,,Patchs
BELLE VALE HEALTH CENTRE,N82094,8444,53.3920346276091,-2.85975248882631,Blinx,Blinx,Blinx
ALBION SURGERY,N82095,4849,53.4153441112571,-2.9642939152912,Blinx; Patchs,Blinx,Blinx
THE GREY ROAD SURGERY,N82097,8428,53.4477286844561,-2.96791843011919,eConsult,eConsult,eConsult
MERE LANE GROUP PRACTICE,N82099,8581,53.4264713652761,-2.96704013163173,Blinx,Patchs,Patchs
KIRKDALE MEDICAL CENTRE,N82101,2741,53.4329832104712,-2.9739051071756,Patchs,,Patchs
ANFIELD GROUP PRACTICE,N82103,9737,53.4294756403325,-2.94493164843751,Patchs,Patchs,Patchs
STONEYCROFT MEDICAL CENTRE,N82104,4136,53.4195667066017,-2.91547090089292,Blinx,Blinx,Blinx
THE VILLAGE MEDICAL CTRE,N82106,3652,53.3746735482837,-2.87139769417269,Patchs,Patchs,Patchs
BEACON HEALTH MOSSLEY HILL,N82107,1995,53.3869963026117,-2.91125341149455,Blinx; Patchs,Blinx,Blinx
RUTHERFORD MEDICAL CENTRE,N82108,8258,53.3903202384314,-2.91033198928871,Patchs,Patchs,Patchs
SPEKE HC - DR THAKUR,N82109,5538,53.3410880190263,-2.83964299398129,Patchs,Patchs,Patchs
LONG LANE,N82110,8088,53.4560238643035,-2.92500500597485,Patchs,Patchs,Patchs
FAIRFIELD MEDICAL CENTRE,N82113,8597,53.4184038141117,-2.94701414106375,Blinx,Blinx,Blinx
VAUXHALL HEALTH CENTRE,N82115,8937,53.4193944745389,-2.98456390608604,Blinx,Blinx,Blinx
HILLFOOT HEALTH,N82116,8304,53.3591184155053,-2.85835334027943,Blinx,Blinx,Blinx
BROWNLOW GROUP PRACTICE,N82117,61317,53.408422891503,-2.96759729900247,Blinx,Blinx,Blinx
BROWNLOW AT MARYBONE,N82617,10811,53.4112686764358,-2.98780630084207,Blinx,Blinx,Blinx
CALVARY HEALTH CENTRE,N82633,3760,53.4186212820588,-2.88681355653045,Patchs,,Patchs
SANDRINGHAM MEDICAL CENTRE,N82641,5541,53.3815742800927,-2.95515666617588,Patchs,Patchs,Patchs
BROWNLOW HEALTH AT KENSINGTON,N82645,8984,53.4076849111299,-2.95092786819376,Blinx,Blinx,Blinx
DR JUDE'S PRACTICE - RIVERSIDE,N82646,9436,53.3863300624415,-2.97288480653855,Patchs,,Patchs
POULTER ROAD MEDICAL CENTRE,N82648,2732,53.4670789429346,-2.95260170670444,Patchs,Patchs,Patchs
SPEKE HC - DR SINGH & DR BICHA,N82650,5032,53.3410880190263,-2.83964299398129,Patchs,Patchs,Patchs
STANLEY MEDICAL CENTRE,N82651,4074,53.4269001414674,-2.98238960060742,Patchs,,Patchs
MOSS WAY,N82655,2306,53.4570294134326,-2.89718642449038,Patchs,Patchs,Patchs
DUNSTAN VILLAGE GROUP PRACTICE,N82662,8246,53.3987798516834,-2.94262274847259,Patchs,Patchs,Patchs
HORNSPIT MEDICAL CENTRE,N82663,4574,53.4371507225495,-2.91523172437872,Blinx,Blinx,Blinx
ROCKY LANE MEDICAL CENTRE,N82664,3000,53.4038615756242,-2.89233994609819,Blinx; Patchs,,Unknown
WALTON VILLAGE MEDICAL CENTRE,N82668,3587,53.4438128299623,-2.95971429573303,Patchs,Patchs,Patchs
GREAT HOMER STREET MEDICAL CENTRE,N82669,3451,53.4264713652761,-2.96704013163173,Blinx,Blinx,Blinx
BIGHAM ROAD MEDICAL CENTRE,N82671,2692,53.4135584212615,-2.94592853205579,Patchs,Patchs,Patchs
FIR TREE,N82676,4085,53.4492903920523,-2.87869175474359,Patchs,Patchs,Patchs
STOPGATE LANE MEDICAL CTR,N82678,3338,53.4512416819939,-2.93655628106408,Patchs,Patchs,Patchs
RAINBOW MEDICAL CENTRE,N83001,14784,53.435241167912,-2.70516135156041,Patchs; Silicon Health FootFall,Patchs,Patchs
PATTERDALE LODGE MED CTRE,N83002,11771,53.4524461184144,-2.64460977334905,Patchs; Silicon Health FootFall,,Unknown
ORMSKIRK HOUSE SURGERY,N83003,7065,53.4566036937905,-2.74260640575955,Engage GP; Patchs; Silicon Health FootFall,Patchs,Patchs
VISTA ROAD SURGERY,N83005,8598,53.4565661519879,-2.64633933617326,Blinx; Patchs; Silicon Health FootFall,Blinx,Blinx
PHOENIX MEDICAL CENTRE,N83006,3314,53.4577691995814,-2.74475224031284,Patchs; Silicon Health FootFall,,Unknown
LINGHOLME HEALTH CENTRE,N83007,3312,53.4577691995814,-2.74475224031284,Patchs; Silicon Health FootFall,Patchs,Patchs
BERRYMEAD FAMILY MED.CTR.,N83008,8286,53.4440451890206,-2.69850053950803,Patchs; Silicon Health FootFall,Patchs,Patchs
WINGATE MEDICAL CENTRE,N83009,11901,53.4883852212675,-2.87464681142279,Accurx,Accurx,Accurx
RAINHILL VILLAGE SURGERY,N83010,6810,53.416116412588,-2.76310664349884,Patchs; Silicon Health FootFall,Patchs,Patchs
MILL STREET MEDICAL CTR.,N83012,10230,53.4557855675261,-2.74076416601455,Patchs; Silicon Health FootFall,Patchs,Patchs
THE HEALTH CENTRE SURGERY,N83013,4713,53.3595864243586,-2.82903202246463,Patchs,,Patchs
DINAS LANE MEDICAL CENTRE,N83014,10364,53.4172142414625,-2.85949309064358,Patchs,Patchs,Patchs
HALL STREET MEDICAL CENTRE,N83017,6382,53.4526469611111,-2.73247557996343,Patchs; Silicon Health FootFall,Patchs,Patchs
STOCKBRIDGE VILLAGE HC,N83018,8673,53.4358571026145,-2.86694420830901,Patchs,,Patchs
BILLINGE MEDICAL PRACTICE,N83019,7745,53.4976657853062,-2.70695081166314,Patchs; Silicon Health FootFall,Patchs,Patchs
MODALITY ST HELENS,N83020,17050,53.4682858405122,-2.65607519577767,Rapid Health,,Rapid Health
FOUR ACRE HEALTH CENTRE,N83021,7924,53.4188894838246,-2.7233936839849,Patchs; Silicon Health FootFall,Patchs,Patchs
ATLAS MEDICAL PRACTICE,N83023,11438,53.4551100381213,-2.72404396039838,Blinx,,Blinx
PARK HOUSE MEDICAL CENTRE,N83024,7798,53.4257828331342,-2.80500688070387,Patchs,Patchs,Patchs
CORNERWAYS MEDICAL CENTRE,N83025,14473,53.4222298117897,-2.85827004287612,Accurx; Blinx,Patchs,Patchs
PARKFIELD SURGERY,N83026,2590,53.4567561141583,-2.74246629565687,Patchs; Silicon Health FootFall,,Unknown
CENTRAL SURGERY,N83027,6585,53.4568189934461,-2.74240067628459,Patchs; Silicon Health FootFall,Patchs,Patchs
ASTON HEALTHCARE LIMITED,N83028,16758,53.404525768674,-2.83103383889766,Accurx; Blinx,Patchs,Patchs
DR M SUARES' PRACTICE,N83030,5436,53.4139858939587,-2.87453334161247,Patchs,Patchs,Patchs
ROSEHEATH SURGERY,N83031,7189,53.3595864243586,-2.82903202246463,Blinx,Patchs,Patchs
MILLBROOK MEDICAL CENTRE,N83032,12303,53.4756965793037,-2.88758448956108,Accurx,Accurx,Accurx
ST. LAURENCE'S MEDICAL CENTRE,N83033,5423,53.4756494464852,-2.88059241397099,Patchs,eConsult,eConsult
THE SPINNEY MEDICAL CTR.,N83035,7047,53.442443374976,-2.75762720420055,Patchs; Silicon Health FootFall,Patchs,Patchs
RAINFORD HEALTH CENTRE,N83041,4775,53.501244391319,-2.78317397326757,Patchs,Patchs,Patchs
LONGVIEW MEDICAL CENTRE,N83043,3896,53.4144849289416,-2.82331420589853,Patchs,Patchs,Patchs
NEWTON PRACTICE,N83045,10275,53.4563789082949,-2.63870562047084,Blinx,eConsult,eConsult
TARBOCK MEDICAL CENTRE,N83047,5404,53.4046469279522,-2.83125475882295,Patchs,Patchs,Patchs
KENNETH MACRAE MED CENTRE,N83049,4267,53.4990297457041,-2.7864346109493,Accurx; Engage GP; Silicon Health FootFall,Accurx,Accurx
THE BOWERY MEDICAL CENTRE,N83050,5050,53.436200246844,-2.75798275573923,Blinx,eConsult,eConsult
LONGTON MEDICAL CENTRE,N83053,9238,53.4174566014815,-2.76997219741966,Patchs; Silicon Health FootFall,Patchs,Patchs
BETHANY MEDICAL CENTRE,N83054,4267,53.4531696192485,-2.758616284005,Patchs; Silicon Health FootFall,Patchs,Patchs
THE MACMILLAN SURGERY,N83601,8142,53.4827112261213,-2.88438370855688,Blinx; Patchs,Blinx,Blinx
PRESCOT MEDICAL CENTRE,N83603,7925,53.4257828331342,-2.80500688070387,Patchs,Patchs,Patchs
HOLLIES MEDICAL CENTRE,N83605,6389,53.3678681387765,-2.82860672661087,Patchs,,Patchs
DR MAASSARANI & PARTNERS,N83608,15570,53.4954166861813,-2.88653420412941,Blinx,Patchs,Patchs
CEDAR CROSS MEDICAL CENTRE,N83609,4950,53.4142043780997,-2.80113216274982,Patchs,Patchs,Patchs
COLBY MEDICAL CENTRE,N83610,2396,53.4209733550749,-2.84285100529193,Patchs,Patchs,Patchs
ECCLESTON MEDICAL CENTRE,N83614,6444,53.4522574630749,-2.76912598084093,Patchs; Silicon Health FootFall,Patchs,Patchs
ROBY MEDICAL CENTRE,N83619,5343,53.4103986309482,-2.84085164840569,Patchs,Patchs,Patchs
WINDERMERE MEDICAL CENTRE,N83620,3853,53.4755879680204,-2.72966601908256,Blinx,eConsult,eConsult
HILLSIDE HOUSE SURGERY,N83621,2836,53.4209639426648,-2.84291100956029,Patchs,Patchs,Patchs
PRIMROSE MEDICAL PRACTICE,N83622,2569,53.4209991331584,-2.8428283419104,Patchs,Patchs,Patchs
NUTGROVE VILLA SURGERY,N83633,3818,53.4104264411622,-2.84073184588761,Patchs,Patchs,Patchs
NEWHOLME SURGERY,N83637,3233,53.4566532395068,-2.74254567457456,Patchs; Silicon Health FootFall,,Unknown
42 KINGSWAY,N84001,9046,53.4809897775015,-3.01950342640519,eConsult,eConsult,eConsult
AINTREE ROAD MEDICAL CENTRE,N84002,2491,53.4563808155433,-2.98287703839942,Patchs,Patchs,Patchs
HIGH PASTURES SURGERY,N84003,10121,53.5186626786859,-2.94617237503783,Blinx,Blinx,Blinx
GLOVERS LANE SURGERY,N84004,7740,53.4882961136603,-2.97195451390221,Patchs,Patchs,Patchs
CUMBERLAND HOUSE SURGERY,N84005,12466,53.6387254442175,-2.99043706813963,Blinx,Blinx,Blinx
CHAPEL LANE SURGERY,N84006,11662,53.5569658863989,-3.0617723522315,Blinx,,Blinx
LIVERPOOL RD MEDICAL PRACTICE,N84007,6241,53.4866562357084,-3.02330161322106,Blinx; Patchs,Blinx,Blinx
NORWOOD SURGERY,N84008,9674,53.6509128784467,-2.97792103640885,Patchs,Patchs,Patchs
MAGHULL FAMILY SURGERY,N84010,5719,53.5155972537297,-2.94393236058231,Patchs,,Patchs
EASTVIEW SURGERY,N84011,6514,53.4810608092188,-3.02369554533354,eConsult,eConsult,eConsult
AINSDALE MEDICAL CENTRE,N84012,11427,53.602407834611,-3.03872386772805,Patchs,Patchs,Patchs
CHRISTIANA HARTLEY MEDICAL PRACTICE,N84013,10902,53.6395320445792,-2.98497388771844,Patchs,Patchs,Patchs
AINSDALE VILLAGE SURGERY,N84014,3780,53.6020704515845,-3.03753698957392,Accurx,Accurx,Accurx
BOOTLE VILLAGE SURGERY,N84015,5773,53.4495754131942,-2.98967255754228,Patchs,,Patchs
MOORE STREET MEDICAL CENTRE,N84016,5557,53.4596551716368,-3.00254179255539,Patchs,Patchs,Patchs
CHURCHTOWN MEDICAL CENTRE,N84017,9446,53.6617758341033,-2.96504900512798,Patchs,Patchs,Patchs
THE VILLAGE SURGERY FORMBY,N84018,14892,53.5559027704844,-3.06167266357088,Accurx; Blinx,Blinx,Blinx
NORTH PARK HEALTH CENTRE,N84019,6473,53.4580617697957,-2.99467572955301,Blinx,Blinx,Blinx
BLUNDELLSANDS SURGERY,N84020,10374,53.4844846436254,-3.04134910003447,Blinx,Blinx,Blinx
ST MARKS MEDICAL CENTRE (TCG MEDICAL),N84021,15945,53.6474401378562,-2.99562793077267,Patchs,Patchs,Patchs
BRIDGE ROAD MEDICAL CENTRE,N84023,7915,53.4675856369675,-3.00164724565114,Blinx,Blinx,Blinx
GRANGE SURGERY,N84024,9313,53.6362122030152,-3.0138732059363,Patchs,Patchs,Patchs
WESTWAY MEDICAL CENTRE,N84025,10154,53.5155972537297,-2.94393236058231,Blinx; eConsult,eConsult,eConsult
ORRELL PARK MEDICAL CENTRE,N84027,5708,53.4617095712362,-2.96184320654968,Blinx,eConsult,eConsult
THE STRAND MEDICAL CENTRE,N84028,7463,53.4539329898946,-2.99286244125424,eConsult,eConsult,eConsult
FORD MEDICAL PRACTICE,N84029,5737,53.4816214778156,-2.99683930781723,Patchs,Patchs,Patchs
PARK STREET SURGERY,N84034,7925,53.4505178034751,-2.98519341320888,Patchs,Patchs,Patchs
15 SEFTON ROAD,N84035,3559,53.47106209711,-3.00084025840858,Blinx,Blinx,Blinx
CONCEPT HOUSE SURGERY,N84038,6104,53.4490705659058,-2.98646029823034,Blinx,Patchs,Patchs
KINGSWAY SURGERY,N84041,6110,53.4810110799987,-3.02016697681378,Patchs,Patchs,Patchs
LITHERLAND PRACTICE,N84605,8636,53.4727271431053,-3.00273257840779,Blinx,,Blinx
THE CORNER SURGERY (DR MULLA),N84613,4550,53.6719456537466,-2.96463451451331,eConsult,eConsult,eConsult
THE MARSHSIDE SURGERY,N84614,3317,53.6714329643409,-2.96312530791652,Patchs,Patchs,Patchs
RAWSON ROAD MEDICAL CENTRE,N84615,3492,53.4693832620098,-3.01616066784483,Blinx,eConsult,eConsult
KEW SURGERY,N84617,5313,53.6318180796322,-2.98352566682349,eConsult; Patchs,eConsult,eConsult
GREAT CROSBY AND THORNTON,N84621,7880,53.4972637198829,-2.99870275164593,Blinx,Blinx,Blinx
THE FAMILY SURGERY,N84625,5973,53.6283204913678,-3.01146927086436,Patchs,Patchs,Patchs
HIGHTOWN VILLAGE SURGERY,N84626,1661,53.5250116838466,-3.05663187855595,Blinx,Blinx,Blinx
MARINE LAKE MEDICAL PRACTICE,N85002,18988,53.37446700543,-3.18215031310379,Blinx,Blinx,Blinx
EASTHAM GROUP PRACTICE,N85005,11167,53.3224493725616,-2.97185050561614,Patchs,Patchs,Patchs
CIVIC MEDICAL CENTRE,N85006,9493,53.3502263909178,-3.00481217520236,Patchs,Patchs,Patchs
MYRTLE GROUP PRACTICE,N85007,20980,53.3303819223332,-3.10214473532506,Blinx,Blinx,Blinx
WEST WIRRAL GROUP PRACTICE,N85008,13802,53.3590365503235,-3.0913361517923,Blinx,Blinx,Blinx
ST GEORGES MEDICAL CENTRE,N85012,9224,53.4336388188219,-3.04562158830786,Patchs,Patchs,Patchs
UPTON GROUP PRACTICE,N85013,7683,53.3852190239596,-3.08902175954432,Blinx,Blinx,Blinx
DEVANEY MED CTR,N85015,7926,53.3849411550456,-3.0391042987282,Patchs,Patchs,Patchs
RIVERSIDE SURGERY,N85016,8674,53.3715987267569,-3.00580824006621,Patchs,Patchs,Patchs
CAVENDISH MEDICAL CENTRE,N85017,5601,53.3982525282746,-3.04752520628129,Patchs,Patchs,Patchs
THE VILLA MEDICAL CENTRE,N85018,6118,53.364458394466,-3.05169610731738,Blinx; Patchs,Accurx,Accurx
WHETSTONE LANE MED CTR,N85019,8896,53.3871670515949,-3.02977564425866,Patchs,Patchs,Patchs
ST CATHERINE'S SURGERY,N85020,15639,53.3800288873994,-3.0265305359202,Patchs,Patchs,Patchs
HAMILTON MED CTR,N85021,3028,53.3930484776078,-3.01867960495595,Blinx,Blinx,Blinx
HOLMLANDS MED CTR,N85022,4400,53.3719638687973,-3.06076713084606,Patchs,Patchs,Patchs
MANOR HEALTH CTR,N85023,5705,53.4215752036908,-3.0442346583953,Blinx,Blinx,Blinx
SOMERVILLE MED CTR,N85024,9449,53.4100753416031,-3.04197249985021,Blinx,Blinx,Blinx
ST HILARY GROUP PRACTICE,N85025,5829,53.4215586877196,-3.06105531201629,Patchs,Patchs,Patchs
CENTRAL PARK MEDICAL CENTRE,N85027,9001,53.4156536067026,-3.0458606107109,Blinx; Patchs,,Unknown
MORETON GROUP PRACTICE,N85028,13337,53.4035336482857,-3.11198394436887,Blinx,Blinx,Blinx
GLADSTONE MED CTR,N85031,3775,53.3758361141344,-3.01540707083219,Patchs,,Patchs
GREASBY GROUP PRACTICE,N85032,6498,53.3780098197157,-3.12005173746126,Blinx,Blinx,Blinx
HEATHERLANDS MED CTR,N85037,5938,53.381826943569,-3.0892453323248,Patchs,,Patchs
VITTORIA MED CTR G,N85038,4212,53.3963577146459,-3.03015502935376,Patchs,,Patchs
PAXTON MEDICAL GROUP,N85044,20660,53.3955529582799,-3.05389690160553,Patchs,Patchs,Patchs
HOYLAKE RD MET CTR,N85046,5058,53.3991632533864,-3.11699178281647,Blinx; Patchs,Blinx,Blinx
ORCHARD SURGERY,N85047,7003,53.3312723465026,-2.97718032140724,Patchs,Patchs,Patchs
MORETON MEDICAL CENTRE,N85048,5205,53.399787473239,-3.11051530356283,Blinx,Blinx,Blinx
SUNLIGHT GROUP PRACTICE,N85051,17637,53.3630722880327,-3.00005549168549,Patchs,Patchs,Patchs
GROVE RD SURGERY,N85052,4842,53.4299097939008,-3.06267272663001,Patchs,Patchs,Patchs
KINGS LANE MEDICAL PRACTICE,N85054,5114,53.3501590777832,-3.02307720982892,Patchs,Patchs,Patchs
TEEHEY LANE SURGERY,N85057,1903,53.3529639907845,-3.0230384767237,Patchs,Patchs,Patchs
HOYLAKE & MEOLS MEDICAL CTR,N85059,8268,53.39947868292,-3.15504749616279,Blinx; Patchs,Blinx,Blinx
LISCARD GROUP PRACTICE,N85616,4586,53.4156536067026,-3.0458606107109,Blinx; Patchs,Patchs,Patchs
SPITAL SURGERY,N85617,4871,53.3408215954462,-3.00361818862473,Patchs,Patchs,Patchs
THE VILLAGE MEDICAL CENTRE,N85620,6410,53.4292238879809,-3.06570400573122,Blinx,eConsult,eConsult
MIRIAM PRIMARY CARE GROUP,N85625,16516,53.3982525282746,-3.04752520628129,Patchs,Patchs,Patchs
EGREMONT MED CTR,N85629,4713,53.4185347297049,-3.02707939005784,Patchs,Patchs,Patchs
CHURCH ROAD MEDICAL PRACTICE,N85633,5084,53.3501590777832,-3.02307720982892,Patchs,Patchs,Patchs
VITTORIA MED CTR K,N85634,1897,53.3963576079056,-3.03015698186706,Patchs,Patchs,Patchs
LEASOWE MEDICAL PRACTICE,N85640,2856,53.416621766785,-3.09447347683789,Patchs,Patchs,Patchs
PRENTON & WOODCHURCH MEDICAL CENTRE,N85643,4088,53.3716422896121,-3.05942593339221,Patchs,Patchs,Patchs
BLACKHEATH MED CTR,N85648,4190,53.4122218782965,-3.1046961533057,Patchs,Patchs,Patchs
LANCASTER MEDICAL PRACTICE,P81002,64281,54.0475834628539,-2.79720236931421,Patchs,Patchs,Patchs
ST JAMES' MEDICAL CENTRE,P81003,8374,53.7076593654306,-2.28816205873662,Accurx,Accurx,Accurx
LITTLE HARWOOD HEALTH CENTRE,P81005,12321,53.7586683146857,-2.46726270351535,myGP,myGP,myGP
GARSTANG MEDICAL PRACTICE,P81006,20615,53.8965979206986,-2.78306336934732,Accurx,Accurx,Accurx
YORKSHIRE STREET MEDICAL CENTRE,P81008,7290,53.7891097958965,-2.23430509945961,Accurx,Accurx,Accurx
WITHNELL HEALTH CENTRE,P81010,5632,53.6924747662741,-2.55666592885512,Accurx,Accurx,Accurx
QUEEN SQUARE MEDICAL PRACTICE,P81013,15712,54.0462190690284,-2.80099438770115,Accurx,Accurx,Accurx
ORMSKIRK MEDICAL PRACTICE,P81014,9760,53.5685233542248,-2.88440979093511,Accurx,Accurx,Accurx
LYTHAM ROAD SURGERY,P81015,13676,53.7853520340323,-2.71088433744069,Accurx,Accurx,Accurx
WATERLOO MEDICAL CENTRE,P81016,12440,53.7997991753351,-3.04236050612259,Accurx,Accurx,Accurx
WHALLEY MEDICAL CENTRE,P81017,14884,53.8204588881747,-2.40621795845252,Accurx,Accurx,Accurx
ST FILLAN'S MEDICAL CTRE,P81018,7990,53.7511472765382,-2.72663947800592,Accurx,Accurx,Accurx
BURNLEY GROUP PRACTICE,P81020,24734,53.790161121349,-2.23993538719752,Accurx,Accurx,Accurx
WITTON MEDICAL CENTRE,P81022,11238,53.7402274127786,-2.50755031942456,Accurx; Patchs,,Unknown
THE RICHMOND HILL PRACTICE,P81025,12784,53.8565694492139,-2.16448020369498,Accurx,Accurx,Accurx
IRWELL MEDICAL PRACTICE,P81027,15349,53.7013599547099,-2.19926655899894,Accurx,Accurx,Accurx
ASH TREES SURGERY,P81029,24065,54.1294396467059,-2.76890186225286,Accurx,Accurx,Accurx
POPLAR HOUSE SURGERY,P81031,6703,53.7547089744536,-3.03076281734689,Engage GP; Patchs,,Unknown
REEDYFORD HLTH CARE GROUP,P81032,14416,53.838465513279,-2.21891086478849,Patchs,Patchs,Patchs
COPPULL MEDICAL PRACTICE,P81033,8077,53.6200500524427,-2.66197734488501,Accurx,Accurx,Accurx
COLNE ROAD SURGERY,P81035,8519,53.8012116085251,-2.23684745831402,Accurx,eConsult,eConsult
PEEL HOUSE MEDICAL PRACTICE,P81036,18464,53.7508770151399,-2.3659947183101,Accurx,Accurx,Accurx
ANSDELL MEDICAL CENTRE,P81037,12647,53.7488556318269,-3.00050376613338,Patchs,Patchs,Patchs
THE CHORLEY SURGERY,P81038,9963,53.6514172598293,-2.63318529251782,Accurx,Accurx,Accurx
MANOR PRIMARY CARE,P81039,5508,53.5496806348282,-2.76464578378503,Accurx,Accurx,Accurx
LONGTON HEALTH CENTRE,P81040,10348,53.7278707147506,-2.78183343225544,Accurx,Accurx,Accurx
PARKGATE SURGERY,P81041,9665,53.5648208975408,-2.88279789600162,Accurx,Accurx,Accurx
ADELAIDE STREET SURGERY,P81042,15012,53.8207975520791,-3.04435677935684,Patchs,Patchs,Patchs
SOUTH KING STREET MEDICAL CENTRE,P81043,6648,53.8167752966927,-3.04785509377572,Patchs,Patchs,Patchs
LIBRARY HOUSE SURGERY,P81044,16654,53.6506637050905,-2.63389323423377,Accurx,Accurx,Accurx
THE ELMS PRACTICE,P81045,4663,53.5685233542248,-2.88440979093511,Accurx,Accurx,Accurx
PARK VIEW SURGERY,P81046,6473,53.7547111429468,-2.70175208258612,Accurx,Accurx,Accurx
PARKSIDE SURGERY,P81047,16004,53.7949921710698,-2.24122997272109,Accurx,Accurx,Accurx
DARWEN HEALTHCARE,P81051,14687,53.6957419495804,-2.47142492138882,,myGP,myGP
BRIERCLIFFE SURGERY,P81053,8247,53.8110729076695,-2.21205792717323,,,Unknown
MARTON MEDICAL PRACTICE,P81054,9378,53.8120579126315,-3.03311597126074,Accurx; Patchs,Accurx,Accurx
BERRY LANE MEDICAL CENTRE,P81055,14994,53.830773146002,-2.60354865954285,Accurx,Accurx,Accurx
WORDEN MEDICAL CENTRE,P81057,14168,53.6904064601036,-2.70829903171846,Accurx,Accurx,Accurx
ST GEORGES SURGERY,P81058,10221,53.7385106633238,-2.47571076384048,myGP,myGP,myGP
GREAT ECCLESTON HLTH CTR,P81059,7753,53.8554827564801,-2.86846625873605,Accurx,Accurx,Accurx
REDLAM SURGERY,P81061,4341,53.7426550401819,-2.50217130069041,Accurx,Patchs,Patchs
REGENT HOUSE SURGERY,P81062,7585,53.6504905311736,-2.63603895640225,Accurx,Patchs,Patchs
ST PAULS MEDICAL CENTRE,P81063,10959,53.8287010166252,-3.05319708610586,Patchs,Patchs,Patchs
THE PENDLE MEDICAL PARTNERSHIP,P81065,15026,53.9158847406677,-2.14431393983303,eConsult,eConsult,eConsult
LAYTON MEDICAL CENTRE,P81066,8344,53.8286378198886,-3.02627241669728,Patchs,Patchs,Patchs
THE HEALTHCARE CENTRE,P81067,12718,53.7761445135805,-2.68840737902174,Accurx,Accurx,Accurx
PENDLESIDE MEDICAL PRACT,P81069,11800,53.873953600146,-2.39320016242843,Accurx,Accurx,Accurx
PENDLE VIEW MEDICAL CENTRE,P81070,8270,53.8261991057642,-2.23174728364565,Accurx,Accurx,Accurx
THE NEW HALL LANE PRACTICE,P81071,7160,53.7639208740714,-2.68048591203778,myGP,myGP,myGP
GLENROYD MEDICAL CENTRE,P81072,13679,53.8483969787841,-3.03654617951243,Patchs,Patchs,Patchs
CLEVELEYS GROUP PRACTICE,P81073,13196,53.8751109283101,-3.04254470753711,Patchs,Patchs,Patchs
HIGHFIELD SURGERY,P81074,13427,53.7811446241199,-3.04756685642332,Accurx,Accurx,Accurx
SANDY LANE SURGERY,P81076,10651,53.689818412676,-2.69514488146251,Patchs,Patchs,Patchs
HOLLAND HOUSE SURGERY,P81077,10850,53.7390482147522,-2.94730878503044,Patchs,Patchs,Patchs
BARNOLDSWICK MED CTR,P81078,12043,53.9151780033867,-2.1858518358293,Accurx,Accurx,Accurx
THE THORNTON PRACTICE,P81079,12869,53.8763490828269,-3.01501185892646,Patchs,Patchs,Patchs
ARNOLD MEDICAL CENTRE,P81081,6172,53.7894564020309,-3.03788412110996,Accurx,Accurx,Accurx
THE RYAN MEDICAL CENTRE,P81082,11079,53.7303994635836,-2.6636345392703,Accurx,Accurx,Accurx
ROSLEA SURGERY,P81083,8656,53.7337940252166,-2.66255110578983,Accurx,Accurx,Accurx
HALL GREEN SURGERY,P81084,8304,53.5407788790558,-2.74045963906587,Accurx,Accurx,Accurx
BROADWAY MEDICAL CENTRE,P81086,9590,53.9127254071785,-3.03397768403064,Accurx; Patchs,Patchs,Patchs
THE OVER-WYRE MED.CTR.,P81087,11637,53.9277321258352,-2.97687651014134,Accurx,Accurx,Accurx
WHITWORTH MEDICAL CENTRE,P81088,6879,53.6611425709946,-2.17324525219259,Accurx,eConsult,eConsult
THE MOUNT VIEW PRACTICE,P81089,12522,53.9209026924943,-3.01035353580487,Klinik; Patchs,Klinik,Klinik
THE CRESCENT SURGERY,P81092,7614,53.8751109283101,-3.04254470753711,Patchs,Patchs,Patchs
THURSBY SURGERY,P81095,8589,53.8008893860654,-2.23156200427162,Accurx,Accurx,Accurx
PARBOLD SURGERY,P81096,6943,53.5929056182611,-2.77278171246105,Accurx,Accurx,Accurx
HASLINGDEN HEALTHCARE,P81099,10759,53.7036115455755,-2.32451952403969,Accurx,Accurx,Accurx
THE CASTLE MEDICAL GROUP,P81100,15701,53.873953600146,-2.39320016242843,Accurx,Accurx,Accurx
NORTH PRESTON MEDICAL PRACTICE,P81103,11752,53.792143089776,-2.71458168655654,Accurx,Accurx,Accurx
STONEBRIDGE SURGERY,P81107,8129,53.8279728597079,-2.608096636905,Accurx,Accurx,Accurx
BEACON PRIMARY CARE,P81112,16938,53.5484966394175,-2.8036795176877,Accurx,Accurx,Accurx
PARK VIEW SURGERY,P81113,7834,54.2272143651074,-2.77199155554572,Accurx,Accurx,Accurx
BLOOMFIELD MEDICAL CENTRE,P81115,16994,53.8044170324334,-3.0436443136978,Accurx,Accurx,Accurx
CENTRAL PARK SURGERY,P81117,5766,53.6955771703171,-2.69561842392686,Accurx,Accurx,Accurx
ILEX VIEW MEDICAL PRACTICE,P81118,10088,53.700810252754,-2.28066298477417,Accurx,Accurx,Accurx
LANE ENDS SURGERY,P81119,11170,53.7704577341815,-2.72750406761611,Accurx,,Accurx
PWE PENDLE VALLEY MILL,P81123,12488,53.8384624876119,-2.21894352134822,myGP,,myGP
OAKENHURST MEDICAL PRACTICE,P81125,10111,53.7505038452308,-2.488606295553,myGP,Patchs,Patchs
GAB HEALTHCARE,P81127,9694,53.6535945345104,-2.63715993386371,Accurx,,Accurx
KIRKHAM HEALTH CENTRE,P81128,9920,53.7819394964977,-2.87854130417003,Accurx,,Accurx
ASH TREE HOUSE SURGERY,P81129,12063,53.782713819275,-2.87096908649376,Accurx,Accurx,Accurx
PADIHAM GROUP PRACTICE,P81130,13711,53.8005494266287,-2.31380510830375,Accurx,,Accurx
WATERFOOT MEDICAL PRACTICE,P81132,9344,53.6913110231345,-2.25182724378439,Accurx,Accurx,Accurx
THE VILLAGE PRACTICE,P81133,9032,53.8764686961387,-3.01492927119185,Patchs,Patchs,Patchs
DR A BISARYA,P81136,2876,53.5484966394175,-2.8036795176877,Accurx,Accurx,Accurx
BURNLEY WOOD MEDICAL CENTRE,P81137,6978,53.7841995159057,-2.23574986537567,Accurx,Accurx,Accurx
BURSCOUGH FAMILY PRACTICE,P81138,3393,53.6029160342163,-2.84115065020441,Accurx,Accurx,Accurx
DARWEN HEALTHLINK,P81140,15263,53.6957419495804,-2.47142492138882,myGP,myGP,myGP
WHITTLE SURGERY,P81143,11703,53.6921080651859,-2.63910450995995,Accurx,,Accurx
ARG HEALTHCARE,P81147,5092,53.752698346741,-2.3758390427463,Accurx,,Accurx
LOCKWOOD GP SURGERY,P81149,9335,53.8509474565481,-2.98983265611309,Patchs,Patchs,Patchs
PARCLIFFE MEDICAL CENTRE,P81150,12145,53.7547089744536,-3.03076281734689,Patchs,Patchs,Patchs
GRANVILLE HOUSE MED CTRE,P81154,7949,53.6154095110866,-2.5993678843254,Accurx,Accurx,Accurx
BROWNHILL SURGERY,P81155,6195,53.7756970073824,-2.4788658750104,,myGP,myGP
FERNBANK SURGERY,P81157,11394,53.7395595877907,-2.95037044603369,Patchs,Patchs,Patchs
STONYHILL MEDICAL PRACTICE,P81159,12117,53.7811446241199,-3.04756685642332,Accurx,Accurx,Accurx
OSWALD MEDICAL CENTRE,P81160,16572,53.7524414513668,-2.38344464753229,Accurx,Accurx,Accurx
IGHTENHILL MEDICAL CENTRE,P81165,2778,53.7927109711095,-2.2658842331822,Accurx,Accurx,Accurx
DR BELLO'S SURGERY,P81166,2468,53.7545087857652,-2.39068168859958,Patchs,Patchs,Patchs
STEPPING STONE PRACTICE,P81167,6006,53.7475819698497,-2.45664630409987,Accurx,Accurx,Accurx
FISHERGATE HILL SURGERY,P81169,6768,53.7541456623874,-2.71530133620553,Accurx,Accurx,Accurx
NELSON MEDICAL PRACTICE,P81170,11116,53.8384647620523,-2.21892848874412,Engage GP,myGP,myGP
THE EUXTON MEDICAL CENTRE,P81171,4681,53.6687233025151,-2.67622611373816,Accurx,Accurx,Accurx
NEWTON DRIVE HEALTH CENTRE,P81172,12259,53.8250927103739,-3.01483512086388,Patchs,Patchs,Patchs
LOSTOCK HALL MEDICAL CTR.,P81179,6668,53.7275023997065,-2.68803664049687,Accurx,Accurx,Accurx
CLAYTON BROOK SURGERY,P81180,3426,53.7119068673983,-2.63785926609193,Accurx,Patchs,Patchs
KINGSFOLD MEDICAL CENTRE,P81181,5455,53.7363388403095,-2.72297296470723,Accurx,Accurx,Accurx
RICHMOND MEDICAL CENTRE,P81182,6885,53.7523321332645,-2.38488118079018,Accurx,,Accurx
RIBBLETON MEDICAL CENTRE,P81184,9289,53.7778416360418,-2.65993684877786,Accurx,Accurx,Accurx
RIVERSIDE MEDICAL CENTRE,P81185,10635,53.7477893622206,-2.67211237793363,Accurx,Accurx,Accurx
MOSS SIDE MEDICAL CENTRE,P81186,4719,53.6896173865422,-2.72747211579178,Accurx,Patchs,Patchs
QUEENSWAY MEDICAL CENTRE,P81191,10099,53.8474506049597,-2.99531346458073,Patchs,Patchs,Patchs
ISSA MEDICAL CENTRE - PATEL,P81196,36548,53.770093051798,-2.68726146091643,Accurx,Accurx,Accurx
ROSEGROVE SURGERY,P81197,5004,53.7892793400516,-2.28085905260411,Accurx,Accurx,Accurx
ASHURST PRIMARY CARE,P81201,6011,53.5632078996103,-2.77272325131117,Accurx,Accurx,Accurx
EXCEL PRIMARY CARE,P81208,17991,53.538325494564,-2.75889931045709,Accurx,Accurx,Accurx
HAZELVALLEY FAMILY PRACTICE,P81212,6318,53.7043643544941,-2.32532817151396,Accurx,Accurx,Accurx
ST. MARY'S HEALTH CENTRE,P81213,19123,53.7484824243155,-2.73030872829321,Accurx,Accurx,Accurx
LIMEFIELD SURGERY,P81214,4794,53.7500703916117,-2.50442756438879,Rapid Health,Patchs,Patchs
THE CLAYTON MEDICAL CTR.,P81218,6194,53.7746837612578,-2.38378510017397,Accurx,Accurx,Accurx
SLAIDBURN HEALTH CENTRE,P81620,1481,53.9681956592278,-2.44490900404728,,Accurx,Accurx
SHIFA SURGERY,P81622,11539,53.7572946971028,-2.47599895300559,eConsult,eConsult,eConsult
SPRING-FENISCO HEALTHLINK,P81633,4027,53.6916635749746,-2.46676233754018,myGP,myGP,myGP
LATHOM HOUSE SURGERY,P81646,4136,53.6029160342163,-2.84115065020441,Accurx,Accurx,Accurx
GUTTERIDGE MEDICAL CENTRE,P81647,4485,53.769403904301,-2.69143761542858,Accurx,Accurx,Accurx
THE VILLAGE SURGERIES CROSTON&ECCLESTON,P81655,10613,53.6616646491224,-2.77319194030131,Accurx,Accurx,Accurx
THE PARK MEDICAL PRACTICE,P81664,18222,53.7701803920167,-2.73904525077688,Accurx,Accurx,Accurx
FLEETWOOD SURGERY,P81668,6258,53.912344914144,-3.03369836088731,Accurx,Accurx,Accurx
STANLEY COURT SURGERY,P81674,5818,53.6029160342163,-2.84115065020441,Accurx,Accurx,Accurx
NORTH SHORE SURGERY,P81681,13852,53.8483969787841,-3.03654617951243,Patchs,Patchs,Patchs
OLIVE MEDICAL CENTRE,P81683,7560,53.7522093827998,-2.48447956556191,Accurx,Accurx,Accurx
DR ALI GUTTRIDGE MEDICAL CENTRE,P81685,4363,53.769403904301,-2.69143761542858,Accurx,Accurx,Accurx
ROSSENDALE VALLEY MEDICAL PRACTICE,P81686,2616,53.7036115455755,-2.32451952403969,Accurx,Accurx,Accurx
NEW LONGTON SURGERY,P81687,2113,53.7241446452938,-2.74451190009299,Accurx,Accurx,Accurx
BEECHES MEDICAL CENTRE,P81692,2045,53.7257887127165,-2.78955476186293,Accurx,,Accurx
FAMILY PRACTICE,P81694,5239,53.7504733169001,-2.48903919964792,Accurx,Accurx,Accurx
AUGHTON SURGERY,P81695,6553,53.544355639751,-2.90056516445247,Accurx,Accurx,Accurx
HIGHER HEYS SURGERY,P81699,2486,53.7405762589933,-2.39449109626509,,myGP,myGP
DR DAWOUD'S SURGERY,P81701,2949,53.7117179546449,-2.64293198665878,Accurx,Accurx,Accurx
BLAKEWATER HEALTHCARE,P81704,10847,53.7649698043659,-2.4739164901853,Accurx,Accurx,Accurx
WILLIAM HOPWOOD STREET SURGERY,P81707,5224,53.7462835852377,-2.46703422779438,Patchs,Patchs,Patchs
ROMAN ROAD HEALTH CENTRE,P81709,6211,53.7284308617054,-2.47220177399623,Patchs,Patchs,Patchs
TARLETON GROUP PRACTICE,P81710,10088,53.6799668593579,-2.83225445052594,Accurx; Rapid Health,Patchs,Patchs
Dill Hall Surgery,P81711,3,53.7523323344595,-2.38487450984875,,,Unknown
ABBEY DALE MEDICAL CENTRE,P81714,5730,53.7879835196169,-3.02415638252263,Accurx,Accurx,Accurx
HOLLINS GROVE SURGERY,P81721,2562,53.7059377612144,-2.47791839197381,Accurx,,Accurx
PRINGLE STREET SURGERY,P81724,2703,53.7421820015185,-2.46683498259174,,myGP,myGP
KING STREET MEDICAL CTR,P81726,1919,53.7539317063024,-2.36941968332001,Patchs,,Patchs
GREAT HARWOOD MEDICAL GROUP,P81730,9368,53.7875203303349,-2.40339814503682,Patchs,Patchs,Patchs
DR JEHANGIR (SH),P81731,2590,53.8384714496868,-2.21890846435493,,myGP,myGP
HARAMBEE SURGERY,P81732,4610,53.8486972527519,-2.13750918131112,Accurx,eConsult,eConsult
THE CORNERSTONE PRACTICE,P81734,19500,53.7400139002008,-2.45192494082309,Patchs,Patchs,Patchs
DR A HUSSAIN,P81735,3218,53.7711808360367,-2.65676750530025,Accurx,Accurx,Accurx
WHITEFIELD HEALTHCARE,P81736,4047,53.8384647620523,-2.21892848874412,myGP,,myGP
ADLINGTON MEDICAL CENTRE,P81740,11159,53.6179393014352,-2.59675819849228,Accurx,,Accurx
STATION SURGERY,P81741,2448,53.6904040527163,-2.70260507671702,,,Unknown
BEECHWOOD SURGERY,P81742,2698,53.8715249628136,-3.00992315296062,Patchs,Patchs,Patchs
BRIARWOOD MEDICAL CENTRE,P81748,7675,53.7699099309885,-2.7347923325163,Accurx; myGP,Accurx,Accurx
THE WEAVERS PRACTICE,P81755,8523,53.7682254848758,-2.41526742978414,Patchs,,Patchs
BARROWFORD SURGERY,P81757,3651,53.8492551233604,-2.22136386363895,Accurx,Accurx,Accurx
AVENHAM SURGERY,P81770,7690,53.7569766803455,-2.69394835709705,Accurx; Engage GP,,Unknown
PRIMROSE BANK MEDICAL CENTRE,P81771,9252,53.7525418849778,-2.47552055606765,Accurx,Accurx,Accurx
RIVERSIDE FAMILY PRACTICE,P81780,5680,53.790161121349,-2.23993538719752,Accurx,Accurx,Accurx
THE DUNSTAN PARTNERSHIP,P82001,10133,53.582350614477,-2.38427758491751,eConsult,eConsult,eConsult
PIKES LANE 1,P82002,7185,53.5729109479398,-2.44536822257419,eConsult,eConsult,eConsult
KILDONAN HOUSE,P82003,14940,53.5947879107995,-2.54536315090623,SystmConnect,SystmConnect,SystmConnect
SWAN LANE MEDICAL CENTRE,P82004,9699,53.5669447277383,-2.44239138794264,eConsult,Patchs,Patchs
STABLE FOLD SURGERY,P82005,7171,53.5524049268026,-2.5238372263728,Accurx,Accurx,Accurx
"PIKE VIEW, DR MALHOTRA & PARTNERS",P82006,11068,53.6013834841812,-2.54774507663039,eConsult,eConsult,eConsult
KEARSLEY MEDICAL CENTRE,P82007,13272,53.5432052220363,-2.38283771124045,SystmConnect,SystmConnect,SystmConnect
STONEHILL MEDICAL CENTRE,P82008,14837,53.5436351715419,-2.40244443914679,SystmConnect,SystmConnect,SystmConnect
ST HELENS ROAD PRACTICE,P82009,7958,53.5596063947056,-2.45772824182808,eConsult,Accurx,Accurx
DALEFIELD SURGERY,P82010,7943,53.5881669898363,-2.4518130522313,eConsult,eConsult,eConsult
TONGE FOLD HEALTH CENTRE,P82011,6982,53.5791190284299,-2.40577205055001,eConsult,eConsult,eConsult
OCTAGON MEDICAL CENTRE,P82012,6231,53.5768638420289,-2.43119826458976,eConsult,eConsult,eConsult
THE BOLTON FAMILY PRACTICE,P82013,3971,53.5656220179432,-2.43243607418666,eConsult,,eConsult
SPRING HOUSE SURGERY,P82014,6449,53.5883737317754,-2.46355315807795,Rapid Health,eConsult,eConsult
UNSWORTH GROUP PRACTICE,P82015,20245,53.5479958321091,-2.50828291243713,Accurx,Accurx,Accurx
HARWOOD MEDICAL CENTRE,P82016,12097,53.6040692842652,-2.39815293181156,eConsult,eConsult,eConsult
THE ALASTAIR ROSS MEDICAL PRACTICE,P82018,7517,53.582350614477,-2.38427758491751,eConsult,Patchs,Patchs
LITTLE LEVER HEALTH CENTRE 1,P82020,4804,53.5619715115702,-2.37191077769078,eConsult,Patchs,Patchs
THE OAKS FAMILY PRACTICE,P82021,6952,53.5974858853226,-2.41522608224634,eConsult,Patchs,Patchs
DR RIZWAN AND DR AWAN,P82022,5582,53.5883220479577,-2.43173795118634,eConsult,,eConsult
MANDALAY MEDICAL CENTRE,P82023,8584,53.6114373776564,-2.43247264583047,eConsult,eConsult,eConsult
BURNSIDE SURGERY,P82025,4415,53.59251807334,-2.42463459319304,eConsult,eConsult,eConsult
HALLIWELL SURGERY 2,P82029,3590,53.5883220479577,-2.43173795118634,eConsult,eConsult,eConsult
DEANE MEDICAL CENTRE,P82030,3960,53.5726987991125,-2.44198334662158,eConsult,,eConsult
HEATON MEDICAL CENTRE,P82031,10699,53.5879825991659,-2.46934979357589,eConsult,eConsult,eConsult
BRADFORD STREET SURGERY,P82033,2004,53.5775352654263,-2.41675171402141,eConsult,eConsult,eConsult
EDGWORTH MEDICAL CENTRE,P82034,4126,53.6175892654071,-2.42638289563637,eConsult,,eConsult
LITTLE LEVER HEALTH CENTRE 2,P82036,2862,53.5619715115702,-2.37191077769078,eConsult,,eConsult
FIG TREE MEDICAL PRACTICE,P82037,4853,53.5461943524651,-2.39238751979982,eConsult,eConsult,eConsult
CROMPTON VIEW SURGERY,P82607,6024,53.5974798406157,-2.41520668224549,eConsult,Patchs,Patchs
SHANTI MEDICAL CENTRE,P82609,6337,53.5633694098311,-2.45145801753088,eConsult,eConsult,eConsult
SPRING VIEW MEDICAL CENTRE,P82613,5226,53.5608367169633,-2.3697419706384,eConsult,eConsult,eConsult
BEEHIVE SURGERY,P82616,3850,53.5636738242415,-2.41863787514177,eConsult,eConsult,eConsult
ORIENT HOUSE MEDICAL CENTRE,P82624,3550,53.5690415516858,-2.46075953750201,eConsult,,eConsult
CHARLOTTE STREET SURGERY,P82625,2349,53.59251807334,-2.42463459319304,eConsult,,eConsult
HALLIWELL SURGERY 3,P82626,5184,53.5883220479577,-2.43173795118634,eConsult,eConsult,eConsult
CORNERSTONE SURGERY,P82627,4223,53.5886333081525,-2.45917503222989,Rapid Health,eConsult,eConsult
DR S NASEEF,P82629,2037,53.5729109479398,-2.44536822257419,eConsult,Patchs,Patchs
GREAT LEVER ONE,P82633,2513,53.5656220179432,-2.43243607418666,eConsult,eConsult,eConsult
WYRESDALE ROAD SURGERY,P82634,3978,53.5820726715688,-2.45186885969982,eConsult,eConsult,eConsult
AL FAL MEDICAL GROUP,P82640,5032,53.5727275273202,-2.44634786602043,eConsult,eConsult,eConsult
BROMLEY MEADOWS SURGERY,P82643,7594,53.6175892654071,-2.42638289563637,eConsult,Patchs,Patchs
FARNWORTH FAMILY PRACTICE,P82652,4361,53.5461226652632,-2.39775946824807,eConsult,eConsult,eConsult
DEANE CLINIC 1,P82660,3598,53.5675512687747,-2.46494092820095,eConsult,eConsult,eConsult
FAIRFAX GROUP PRACTICE,P83001,14270,53.5338284855684,-2.28356978729569,Accurx,Accurx,Accurx
THE UPLANDS MEDICAL PRACTICE,P83004,7832,53.5485696682213,-2.29581434006417,Accurx,,Accurx
TOWNSIDE SURGERY,P83005,4562,53.5903085507924,-2.29898667585161,Evergreen Health,askmyGP,askmyGP
RAMSBOTTOM MEDICAL PRACTICE,P83006,8044,53.6487797378256,-2.3192872686422,Evergreen Health,,Evergreen Health
RADCLIFFE MEDICAL PRACTICE,P83007,11303,53.5607806835882,-2.32317721734838,Accurx,Accurx,Accurx
BLACKFORD HOUSE MEDICAL CENTRE,P83009,7578,53.5742515947194,-2.28332320016044,,,Unknown
MONARCH MEDICAL CENTRE,P83010,3614,53.5647306396834,-2.3157696784296,Accurx; Evergreen Health,Accurx,Accurx
UNSWORTH MEDICAL CENTRE,P83011,7406,53.5608125619851,-2.27310578898782,Accurx,,Accurx
TOWER FAMILY HEALTHCARE,P83012,48255,53.6147519364776,-2.34144735423155,Evergreen Health,askmyGP,askmyGP
RIBBLESDALE MEDICAL PRACTICE,P83015,7439,53.5903085507924,-2.29898667585161,Evergreen Health,askmyGP,askmyGP
WOODBANK SURGERY,P83017,7010,53.6046783390995,-2.31095981062896,Accurx; Evergreen Health,Accurx,Accurx
PEEL GPS,P83021,9855,53.5903085507924,-2.29898667585161,Accurx,Accurx,Accurx
KNOWSLEY MEDICAL CENTRE,P83024,4565,53.5889498628605,-2.29999754265332,Accurx,,Accurx
ST GABRIEL'S MEDICAL CENTRE,P83025,8760,53.5206217139879,-2.26523169741388,Evergreen Health,askmyGP,askmyGP
GREYLAND MEDICAL CENTRE,P83027,1813,53.5374249018117,-2.27543098212314,,,Unknown
RED BANK GROUP PRACTICE,P83603,9092,53.5607806835882,-2.32317721734838,Evergreen Health,askmyGP,askmyGP
WHITTAKER LANE MED CENTRE,P83605,7501,53.5284699119451,-2.2686598771597,Evergreen Health,askmyGP,askmyGP
THE ELMS MEDICAL CENTRE,P83608,6369,53.5532331786191,-2.29520131858349,Accurx; Silicon Health FootFall,Silicon Health FootFall,Silicon Health FootFall
THE BIRCHES MEDICAL CENTRE,P83609,3899,53.5388066493422,-2.27080689657546,,,Unknown
WALMERSLEY ROAD MEDICAL PRACTICE,P83611,4686,53.5998739074937,-2.28956036505791,Evergreen Health,,Evergreen Health
MILE LANE HEALTH CENTRE,P83612,5425,53.5879174868676,-2.33633197633519,Evergreen Health,askmyGP,askmyGP
GARDEN CITY MEDICAL CENTRE,P83620,5414,53.6293532289518,-2.33088213646263,Evergreen Health,,Evergreen Health
HUNTLEY MOUNT MEDICAL CENTRE,P83621,2855,53.6011808243158,-2.27858107005907,Accurx,Accurx,Accurx
LONGFIELD MEDICAL PRACTICE,P83623,4783,53.5338284855684,-2.28356978729569,Evergreen Health,askmyGP,askmyGP
FIVE OAKS FAMILY PRACTICE,P84004,8594,53.475689942935,-2.19446990761326,Accurx,Accurx,Accurx
VALLANCE MEDICAL,P84005,15932,53.4697891806629,-2.22453803391641,Accurx,Accurx,Accurx
AILSA CRAIG MEDICAL CENTRE,P84009,10909,53.454156657499,-2.20860205494135,Silicon Health FootFall,Silicon Health FootFall,Silicon Health FootFall
THE BORCHARDT MEDICAL CENTRE,P84010,10253,53.4342885016988,-2.23779530144505,Accurx,Accurx,Accurx
NORTHENDEN GROUP PRACTICE,P84012,8457,53.4063582332394,-2.26455000449446,Accurx,,Accurx
RK MEDICAL PRACTICE,P84014,5298,53.3875233203925,-2.25545682398733,Accurx,Accurx,Accurx
LEVENSHULME MEDICAL PRACTICE,P84016,9173,53.4463521007152,-2.18852404297328,Accurx,,Accurx
LADYBARN GROUP PRACTICE,P84017,12584,53.4302463364227,-2.21417389555292,Accurx,Accurx,Accurx
MAULDETH MEDICAL CENTRE,P84018,3751,53.4349841643099,-2.21368597190572,Silicon Health FootFall,Silicon Health FootFall,Silicon Health FootFall
VALENTINE MEDICAL CENTRE,P84019,10498,53.5157019942032,-2.21307546072118,Accurx,Accurx,Accurx
PEEL HALL MEDICAL CENTRE,P84020,9842,53.3792808660634,-2.26472668772516,Accurx,Accurx,Accurx
THE MAPLES MEDICAL CENTRE,P84021,9172,53.3848455908999,-2.28671245331422,Accurx,Accurx,Accurx
KINGSWAY MEDICAL PRACTICE,P84022,6150,53.4201368809318,-2.21269357613311,Silicon Health FootFall,Silicon Health FootFall,Silicon Health FootFall
SURREY LODGE PRACTICE,P84023,9615,53.4573415739238,-2.21700612277207,Silicon Health FootFall,Silicon Health FootFall,Silicon Health FootFall
BOWLAND MEDICAL PRACTICE,P84024,8065,53.3932666208073,-2.28725029146129,Accurx,,Accurx
ST GEORGE'S MEDICAL CENTRE,P84025,7562,53.5096659605586,-2.18903146249437,Accurx,Accurx,Accurx
DICKENSON ROAD MEDICAL CENTRE,P84026,9680,53.4560910673489,-2.20228651859673,Accurx,Accurx,Accurx
WEST POINT MEDICAL CENTRE,P84027,8272,53.4452764004356,-2.19782373513095,Silicon Health FootFall,Silicon Health FootFall,Silicon Health FootFall
GORTON MEDICAL CENTRE,P84028,10722,53.4629250024168,-2.17190885789268,Accurx,Accurx,Accurx
BENCHILL MEDICAL PRACTICE,P84029,10535,53.3875233203925,-2.25545682398733,Accurx,Accurx,Accurx
NEW COLLEGIATE MEDICAL CENTRE,P84030,13442,53.5043779214282,-2.23607736494882,Silicon Health FootFall,Silicon Health FootFall,Silicon Health FootFall
DRS HANIF & BANNURU,P84032,5918,53.4843082485014,-2.18415657339017,Accurx,Accurx,Accurx
BEACON MEDICAL CENTRE,P84033,4495,53.5343414329103,-2.21921056190967,Accurx,eConsult,eConsult
BARLOW MEDICAL CENTRE,P84034,16118,53.4126230882706,-2.23165691373797,Patchs; Silicon Health FootFall,Patchs,Patchs
BODEY MEDICAL CENTRE,P84035,16332,53.440635944812,-2.2147982594043,Accurx,Accurx,Accurx
ARDWICK MEDICAL PRACTICE,P84037,5741,53.4705488297793,-2.22499760483431,Accurx,,Accurx
ASHVILLE SURGERY,P84038,13659,53.4527536162365,-2.2675940600387,Evergreen Health,askmyGP,askmyGP
THE RANGE MEDICAL CENTRE,P84039,14607,53.453047229193,-2.2571445336237,Silicon Health FootFall,Silicon Health FootFall,Silicon Health FootFall
CONRAN MEDICAL CENTRE,P84040,7626,53.5105465793542,-2.21065851009267,Accurx,Accurx,Accurx
CORNERSTONE FAMILY PRACTICE,P84041,7617,53.4744250409685,-2.19510397329082,Accurx,Accurx,Accurx
FLORENCE HOUSE MEDICAL PRACTICE,P84042,11001,53.4725577637345,-2.16108568119513,Accurx,Accurx,Accurx
CORNISHWAY GROUP PRACTICE,P84043,9681,53.3792808660634,-2.26472668772516,Accurx,Accurx,Accurx
THE PARK MEDICAL CENTRE,P84045,5633,53.4010397786711,-2.28806973607269,Accurx,Accurx,Accurx
CHEETHAM HILL MEDICAL CENTRE,P84046,20716,53.5011616780307,-2.23526047242357,Accurx,Accurx,Accurx
ALL SAINTS MEDICAL CENTRE,P84047,5946,53.5023056694239,-2.18428653207692,Accurx,,Accurx
TREGENNA GROUP PRACTICE,P84048,6889,53.3707392769206,-2.25652859519177,Silicon Health FootFall,Silicon Health FootFall,Silicon Health FootFall
THE AVENUE MEDICAL CENTRE,P84049,11545,53.5331775464165,-2.21167616597864,Accurx,Accurx,Accurx
MOUNT ROAD SURGERY,P84050,7917,53.4591805993467,-2.18148736133493,,,Unknown
EASTLANDS MEDICAL CENTRE,P84051,5670,53.4843082485014,-2.18415657339017,Accurx,Accurx,Accurx
WEST GORTON MEDICAL PRACTICE,P84052,7693,53.4668816088687,-2.20357805215514,Accurx,Accurx,Accurx
ASHCROFT SURGERY,P84053,7812,53.4456737996027,-2.19114076270671,Accurx,Accurx,Accurx
WHITLEY ROAD MEDICAL CENTRE,P84054,6311,53.4949298186435,-2.22269998270119,Accurx,,Accurx
PRINCESS ROAD SURGERY,P84056,4286,53.440198431238,-2.2436886975889,Evergreen Health,askmyGP,askmyGP
LIME SQUARE MEDICAL CENTRE,P84059,9062,53.4738097442528,-2.1657608441534,eConsult,eConsult,eConsult
BROOKLANDS MEDICAL PRACTICE,P84061,6102,53.4009816308713,-2.30425255033407,Accurx,Accurx,Accurx
NEW ISLINGTON MEDICAL CENTRE,P84064,12949,53.481977262022,-2.22281289170025,Patchs,Patchs,Patchs
CHURCH VIEW MEDICAL CENTRE,P84065,4319,53.5120407505162,-2.21362752723966,eConsult,eConsult,eConsult
DAVID MEDICAL CENTRE,P84066,7571,53.4319606196673,-2.26872760321571,Accurx,,Accurx
HAZELDENE MEDICAL CENTRE,P84067,8953,53.516187188574,-2.16137202411798,Accurx,,Accurx
CHORLTON FAMILY PRACTICE,P84068,22013,53.4437732621533,-2.27971727315498,Patchs,Patchs,Patchs
NEWTON HEATH MEDICAL CENTRE,P84070,8520,53.5023056694239,-2.18428653207692,Accurx,Accurx,Accurx
WILBRAHAM SURGERY,P84071,4545,53.4423188659206,-2.27117167250245,Silicon Health FootFall,Silicon Health FootFall,Silicon Health FootFall
THE ROBERT DARBISHIRE PRACTICE,P84072,34723,53.4546100191685,-2.22617821413185,Silicon Health FootFall,Silicon Health FootFall,Silicon Health FootFall
WELLFIELD MEDICAL CENTRE,P84074,10995,53.5127780195637,-2.24259328654088,Accurx,Accurx,Accurx
FERNCLOUGH SURGERY,P84605,1997,53.5059528612837,-2.21584836639343,Accurx,Accurx,Accurx
BRUNSWICK MEDICAL PRACTICE,P84611,7568,53.4705488297793,-2.22499760483431,Accurx,Accurx,Accurx
WILMSLOW ROAD SURGERY,P84626,5480,53.4521534843353,-2.22282222653091,,Patchs,Patchs
THE ARCH MEDICAL PRACTICE,P84630,24671,53.4677404354739,-2.24961192324481,Accurx,Accurx,Accurx
THE WHITSWOOD PRACTICE,P84635,5187,53.4557685586818,-2.25350228617175,Silicon Health FootFall,Silicon Health FootFall,Silicon Health FootFall
DR KHAN'S PRACTICE,P84637,2948,53.4843082485014,-2.18415657339017,Accurx,Accurx,Accurx
FALLOWFIELD MEDICAL CENTRE,P84639,2987,53.4384001751667,-2.21347733017032,Accurx; eConsult,eConsult,eConsult
PARKSIDE SURGERY,P84644,7188,53.4534488652923,-2.19113054311628,Accurx,,Accurx
PARK VIEW MEDICAL CENTRE,P84645,6255,53.5186859260554,-2.23228096323187,Accurx,Accurx,Accurx
THE ALEXANDRA PRACTICE,P84650,6144,53.4431284419775,-2.2545711408324,Evergreen Health,askmyGP,askmyGP
NORTHERN MOOR MEDICAL PRACTICE,P84651,6087,53.4080493925001,-2.28494313416061,Patchs,Patchs,Patchs
THE NEVILLE FAMILY CENTRE,P84663,5694,53.5226506374779,-2.21752114720738,Accurx,Accurx,Accurx
WITHINGTON MEDICAL PRACTICE,P84665,5238,53.4338854500596,-2.22934931962673,Silicon Health FootFall,Silicon Health FootFall,Silicon Health FootFall
CORNBROOK MEDICAL PRACTICE,P84669,18024,53.4684024798522,-2.259497771125,Accurx,Accurx,Accurx
WOODLANDS MEDICAL PRACTICE,P84672,3747,53.4068055927833,-2.31146927440607,Accurx,Accurx,Accurx
ANCOATS URBAN VILLAGE MEDICAL PRACTICE,P84673,14082,53.481977262022,-2.22281289170025,Silicon Health FootFall,Silicon Health FootFall,Silicon Health FootFall
DIDSBURY MEDICAL CENTRE - DR WHITAKER,P84678,15720,53.4201732471247,-2.23177322902506,Accurx; Silicon Health FootFall,Accurx,Accurx
WILLOWBANK SURGERY,P84679,2248,53.5099304850364,-2.20831825725528,Accurx,Accurx,Accurx
THE DOC'S SURGERY,P84683,14723,53.4767610329126,-2.23828938937056,Silicon Health FootFall,Silicon Health FootFall,Silicon Health FootFall
CRUMPSALL MEDICAL PRACTICE,P84684,6522,53.5178823434856,-2.22950156715747,Accurx,,Accurx
MANCHESTER INTEGRATIVE MEDICAL PRACTICE,P84689,14266,53.4575838327771,-2.20188699901104,Accurx; Silicon Health FootFall,Accurx,Accurx
DAM HEAD MEDICAL CENTRE,P84690,2793,53.5261385034797,-2.21231982577436,eConsult,eConsult,eConsult
ST MARY'S MEDICAL CENTRE,P85002,6836,53.5436254850914,-2.10855370675853,Accurx,Accurx,Accurx
THE CHOWDHURY PRACTICE,P85003,6007,53.5438242882263,-2.11694464153152,Accurx,,Accurx
CHADDERTON MEDICAL PRACTICE,P85004,6383,53.5455586085061,-2.14218210623354,Accurx,Accurx,Accurx
LEESBROOK SURGERY,P85005,9416,53.5387900619464,-2.0726599055082,Accurx,,Accurx
OLDHAM FAMILY PRACTICE,P85007,3954,53.5438242882263,-2.11694464153152,Accurx,Accurx,Accurx
WOODLANDS MEDICAL PRACTICE,P85010,14122,53.5455586085061,-2.14218210623354,Accurx,Accurx,Accurx
CH MEDICAL PRACTICE,P85011,12651,53.5317556925623,-2.14696343359868,Accurx,Accurx,Accurx
OLDHAM MEDICAL SERVICES,P85012,5927,53.5258079041554,-2.11143438783465,Accurx,Accurx,Accurx
THE ROYTON & CROMPTON FAMILY PRACTICE,P85013,20991,53.5664348391179,-2.12103850701059,Accurx,Accurx,Accurx
HOPWOOD HOUSE MEDICAL PRACTICE,P85014,6635,53.5423505534302,-2.09644812350054,Accurx,Accurx,Accurx
ALEXANDRA GROUP MED PRACT,P85015,7218,53.5377855591012,-2.09509484011269,Accurx,Accurx,Accurx
SADDLEWORTH MEDICAL PRACTICE,P85016,13973,53.5480611962001,-2.0046251470311,Accurx,Accurx,Accurx
OAK GABLES MEDICAL PRACTICE,P85017,9069,53.5748167336034,-2.09599363244446,Accurx,Accurx,Accurx
MD FAMILY PRACTICE,P85018,4310,53.5372936416712,-2.13053631622307,Accurx,Accurx,Accurx
ROYTON MEDICAL CENTRE,P85019,7044,53.566447564019,-2.12611172200581,eConsult,Patchs,Patchs
SPRINGFIELD HOUSE,P85020,7307,53.5483628308213,-2.08589721653979,Accurx,Accurx,Accurx
GREENBANK MEDICAL PRACTICE,P85021,9669,53.5383242916511,-2.09580522112654,Accurx,Accurx,Accurx
LEES MEDICAL PRACTICE,P85022,5141,53.5402807529726,-2.07488061295878,Accurx,Accurx,Accurx
QUAYSIDE MEDICAL PRACTICE,P85026,15828,53.509838553441,-2.15674888738647,Accurx,Accurx,Accurx
JALAL PRACTICE,P85601,3022,53.5438242882263,-2.11694464153152,Accurx,Accurx,Accurx
LITTLETOWN FAMILY MED PRACT,P85605,7537,53.5291370239954,-2.13429763777312,Accurx,Accurx,Accurx
MOORSIDE MEDICAL PRACTICE,P85606,7117,53.5629042583655,-2.07507167628206,Accurx,Accurx,Accurx
PERKINS PRACTICE,P85608,2451,53.5438242882263,-2.11694464153152,Accurx,Accurx,Accurx
MEDLOCK MEDICAL PRACTICE,P85610,7631,53.509838553441,-2.15674888738647,eConsult,eConsult,eConsult
WERNETH MEDICAL PRACTICE,P85612,4043,53.5372936416712,-2.13053631622307,Accurx,Accurx,Accurx
VILLAGE MEDICAL PRACTICE,P85614,5122,53.5748167336034,-2.09599363244446,Accurx,Accurx,Accurx
KAPUR FAMILY CARE,P85615,11901,53.5372936416712,-2.13053631622307,Accurx,Accurx,Accurx
GLODWICK MEDICAL PRACTICE,P85622,10894,53.5377855591012,-2.09509484011269,Accurx,Accurx,Accurx
MILNROW VILLAGE PRACTICE,P86001,8248,53.6021026099949,-2.10249252979729,Patchs,Patchs,Patchs
DR GWD BHIMA,P86002,1858,53.6107079411686,-2.15538193405872,Patchs,Patchs,Patchs
EDENFIELD ROAD SURGERY,P86003,10570,53.6223877543462,-2.18949007976197,Patchs,Patchs,Patchs
PETERLOO MEDICAL CENTRE,P86004,9068,53.5471465293771,-2.20508740031285,Patchs,Patchs,Patchs
YORKSHIRE ST SURGERY,P86005,6241,53.6204456517776,-2.15221545531472,Patchs,,Patchs
ASHWORTH STREET SURGERY,P86006,17059,53.6195649110912,-2.16565191724555,Patchs,Patchs,Patchs
WELLFIELD HEALTH CENTRE,P86007,13764,53.6070190249423,-2.14762314825112,Patchs,Patchs,Patchs
MARK STREET SURGERY,P86008,10379,53.6242434109053,-2.14405289015953,Patchs,Patchs,Patchs
CASTLETON HEALTH CENTRE,P86009,10494,53.5970330395411,-2.18298506177949,Patchs,Patchs,Patchs
THE JUNCTION SURGERY,P86010,8455,53.5415881190042,-2.17431027574505,Patchs,Patchs,Patchs
LONGFORD STREET MEDICAL CENTRE,P86011,8371,53.5943722880529,-2.22039784051894,Patchs,Patchs,Patchs
WOODSIDE MEDICAL CENTRE,P86012,8962,53.5565705066008,-2.21377053005763,Patchs,Patchs,Patchs
HEALEY SURGERY,P86013,6025,53.6338234263009,-2.16333357267583,Patchs,Patchs,Patchs
CROFT SHIFA HEALTH CENTRE,P86014,7814,53.6222709732808,-2.14124316158382,Patchs,Patchs,Patchs
ROCHDALE ROAD MEDICAL CENTRE,P86015,6087,53.5563405413966,-2.19586650339247,Patchs,Patchs,Patchs
HEYWOOD HEALTH,P86016,8570,53.5873699444896,-2.23933478578227,Patchs,Patchs,Patchs
INSPIRE MEDICAL CENTRE,P86017,4591,53.6227456325855,-2.13825394159451,Patchs,Patchs,Patchs
LITTLEBOROUGH GROUP PRACTICE,P86018,8601,53.6429954162768,-2.10334880567674,Patchs,Patchs,Patchs
DURNFORD MEDICAL CENTRE,P86019,9868,53.5529406156953,-2.19728470729186,Patchs,Patchs,Patchs
PENNINE SURGERY,P86021,3758,53.6429954162768,-2.10334880567674,Patchs,Patchs,Patchs
STONEFIELD STREET SURGERY,P86022,8769,53.6021026099949,-2.10249252979729,Patchs,Patchs,Patchs
HOPWOOD MEDICAL CENTRE,P86023,9766,53.5873158224929,-2.21079885514426,Patchs,Patchs,Patchs
THE DAWES FAMILY PRACTICE,P86026,7570,53.6194610544119,-2.16542308208472,Patchs,,Patchs
HEADY HILL SURGERY,P86602,3435,53.5936309769639,-2.24122854576057,Patchs,,Patchs
FAMILY PRACTICE,P86606,4353,53.5543349090834,-2.21736682284583,Patchs,Patchs,Patchs
THE VILLAGE MEDICAL CTR.,P86608,4289,53.6432080976837,-2.09622491326384,Patchs,Patchs,Patchs
THE DALE MEDICAL PRACTICE,P86609,2473,53.6107079411686,-2.15538193405872,eConsult; Patchs,Patchs,Patchs
DR A HAMID,P86614,4616,53.6107079411686,-2.15538193405872,Patchs,,Patchs
DR MB GHAFOOR & PARTNERS,P86619,6499,53.6107079411686,-2.15538193405872,Patchs,Patchs,Patchs
WINDERMERE SURGERY,P86620,2944,53.5595597983838,-2.2057090904907,Patchs,Patchs,Patchs
TRINITY MEDICAL CENTRE,P86624,4285,53.6420460964716,-2.09930790969298,Patchs,Patchs,Patchs
THE POPLARS MEDICAL PRACTICE,P87002,11477,53.5106030876854,-2.3417097900692,Accurx,,Accurx
1/SALFORD MEDICAL PRACTICE,P87004,15492,53.4872058636205,-2.29457650331054,Silicon Health FootFall,Silicon Health FootFall,Silicon Health FootFall
WALKDEN MEDICAL CENTRE,P87008,8859,53.5232116054784,-2.39763517303126,Accurx,,Accurx
PENDLETON MEDICAL CENTRE,P87015,8814,53.4883442844784,-2.28474300849024,Silicon Health FootFall,Silicon Health FootFall,Silicon Health FootFall
THE SIDES MEDICAL PRACTICE,P87016,14036,53.5048317018489,-2.35432794522554,Accurx,Accurx,Accurx
THE LIMES MEDICAL PRACTICE,P87017,4848,53.5230320933427,-2.39755807385562,eConsult,eConsult,eConsult
SILVERDALE MEDICAL PRACTICE,P87019,12641,53.5187934172626,-2.33147482558715,Accurx,Accurx,Accurx
ST ANDREWS MEDICAL CENTRE,P87020,15702,53.4851044602415,-2.34114300469368,,Silicon Health FootFall,Silicon Health FootFall
MOCHA PARADE MEDICAL PRACTICE,P87022,2182,53.5025529389471,-2.27799375887524,Silicon Health FootFall,Silicon Health FootFall,Silicon Health FootFall
3/SPRINGFIELD HOUSE MEDICAL PRACTICE,P87024,11514,53.4805319225373,-2.36164438663291,Engage GP; Silicon Health FootFall,Silicon Health FootFall,Silicon Health FootFall
THE LAKES MEDICAL PRACTICE,P87025,10129,53.5082374580849,-2.33274942483959,eConsult,eConsult,eConsult
NEWBURY GREEN MEDICAL PRACTICE,P87026,17601,53.5072481756156,-2.26059464348148,Silicon Health FootFall,Silicon Health FootFall,Silicon Health FootFall
LANGWORTHY MEDICAL PRACTICE,P87027,18908,53.4897044261549,-2.29466918864518,Engage GP; Patchs,Patchs,Patchs
THE GILL MEDICAL PRACTICE,P87028,9946,53.5242877219983,-2.39838436596559,,Patchs,Patchs
ORIENT ROAD MEDICAL PRACTICE,P87032,6460,53.4942191754752,-2.32487692298286,Accurx,Accurx,Accurx
ORDSALL HEALTH SURGERY,P87035,11502,53.4740949544783,-2.2820561782276,Accurx; Silicon Health FootFall,Accurx,Accurx
SORREL BANK MEDICAL PRACTICE,P87040,8385,53.493344389668,-2.29481502568897,Patchs,Patchs,Patchs
THE MOSSLANDS MEDICAL PRACTICE,P87610,12572,53.4383222575706,-2.43184085227409,Silicon Health FootFall,Silicon Health FootFall,Silicon Health FootFall
CLEGGS LANE MEDICAL PRACTICE/129,P87613,5129,53.5351841355258,-2.41870425495399,,,Unknown
1/MONTON MEDICAL PRACTICE,P87620,9474,53.4918624545038,-2.35697798897633,Silicon Health FootFall,,Silicon Health FootFall
ELLENBROOK MEDICAL CENTRE,P87624,5120,53.5112892198655,-2.41459318300781,Accurx,Accurx,Accurx
DEARDEN AVENUE MEDICAL PRACTICE,P87625,2748,53.529268229431,-2.42169316375248,,Patchs,Patchs
ORCHARD MEDICAL PRACTICE,P87627,3446,53.5030414832118,-2.42125176775493,Silicon Health FootFall,Silicon Health FootFall,Silicon Health FootFall
CHERRY MEDICAL PRACTICE,P87630,3336,53.5293837968626,-2.42205636853586,Silicon Health FootFall,Patchs,Patchs
CLARENDON SURGERY,P87634,11454,53.4883442844784,-2.28474300849024,Accurx; Patchs,Accurx,Accurx
CORNERSTONE MEDICAL PRACTICE,P87639,4109,53.4836476819732,-2.29406961146815,Patchs,Patchs,Patchs
REUT MEDICAL PRACTICE,P87648,8335,53.5072481756156,-2.26059464348148,Silicon Health FootFall,Silicon Health FootFall,Silicon Health FootFall
CHAPEL GROUP MEDICAL CENTRE,P87649,6157,53.4486871564813,-2.41892167555961,Accurx,Accurx,Accurx
DR A CHAUDHRY & DR I JEET,P87654,11281,53.4935896456014,-2.25880758081763,Accurx,,Accurx
(IRLAM) SALFORD CARE CTRS MEDICAL PRACTI,P87657,4412,53.4489350069783,-2.41744851527306,Patchs,Patchs,Patchs
THE WILLOWS MEDICAL PRACTICE,P87658,3678,53.4854612510628,-2.30913711861129,Accurx,Accurx,Accurx
MANCHESTER ROAD EAST MEDICAL PRACTICE,P87661,2342,53.529268229431,-2.42169316375248,,Patchs,Patchs
MARPLE BRIDGE SURGERY,P88002,6321,53.4002972513795,-2.05325852405655,Accurx,Accurx,Accurx
MANOR MEDICAL PRACTICE,P88003,9904,53.4034665673401,-2.13671346910653,Accurx,Accurx,Accurx
FAMILY SURGERY,P88005,11537,53.4460561582447,-2.15702550938733,Patchs,Patchs,Patchs
MARPLE COTTAGE SURGERY,P88006,11500,53.3923654413462,-2.06134212189628,Accurx,Accurx,Accurx
CHEADLE HULME MEDICAL GROUP,P88007,14803,53.3664752321983,-2.19135668022398,Accurx,Accurx,Accurx
HEATON MERSEY MED.PRACT.,P88008,8542,53.4125188690483,-2.20511838005174,Accurx,Accurx,Accurx
WOODLEY VILLAGE SURGERY,P88009,3049,53.4262911485972,-2.0996641599584,Accurx,Accurx,Accurx
HEATON NORRIS MEDICAL PRACTICE,P88011,10634,53.4165319914135,-2.16792992969292,Accurx,,Accurx
BEECH HOUSE MEDICAL PRACT,P88012,7883,53.3794060275563,-2.11814626654817,Accurx,Accurx,Accurx
CARITAS GENERAL PRACTICE PARTNERSHIP,P88013,12445,53.3959275684221,-2.13459893346281,Accurx,Accurx,Accurx
ADSHALL ROAD MEDICAL PRAC,P88014,4885,53.3901665981814,-2.19296668902097,Accurx,Accurx,Accurx
BRAMHALL HEALTH CENTRE,P88015,12224,53.3600097170612,-2.16292912435133,Accurx,Accurx,Accurx
BRAMHALL & SHAW HEATH MEDICAL GROUP,P88016,13639,53.3774041525288,-2.16185319535021,Accurx,Accurx,Accurx
CHADSFIELD MEDICAL PRACTICE,P88017,6584,53.4149984267689,-2.08993032140475,Accurx,Accurx,Accurx
PARK VIEW GROUP PRACTICE,P88018,10283,53.4457846730618,-2.15840965250091,Accurx,Accurx,Accurx
ALVANLEY FAMILY PRACTICE,P88019,5407,53.4262911485972,-2.0996641599584,Accurx; Rapid Health,Rapid Health,Rapid Health
CHEADLE MEDICAL PRACTICE,P88020,11784,53.3937449450137,-2.21353925868544,Rapid Health,Rapid Health,Rapid Health
MARPLE MEDICAL PRACTICE,P88021,6861,53.3950596882986,-2.06569199801377,Accurx,Accurx,Accurx
HEALD GREEN HEALTH CENTRE 2,P88023,7547,53.3698791260457,-2.2292719134806,Accurx,Accurx,Accurx
GATLEY MEDICAL CENTRE,P88024,10337,53.3937937976065,-2.23534401884219,Accurx,Accurx,Accurx
HULME HALL MEDICAL GROUP,P88025,10378,53.3664752321983,-2.19135668022398,Accurx,Accurx,Accurx
HEATON MOOR MEDICAL GROUP,P88026,54743,53.4249724818296,-2.18007735070433,Accurx,Accurx,Accurx
BRACONDALE MEDICAL CENTRE,P88031,5851,53.39424969879,-2.14727044198796,Accurx,Accurx,Accurx
THE VILLAGE SURGERY,P88041,8635,53.3591781688758,-2.16522152710981,Accurx,Accurx,Accurx
FINNEY LANE SURGERY,P88042,6969,53.3698791260457,-2.2292719134806,Accurx,,Accurx
BRINNINGTON SURGERY,P88043,9483,53.4281815520405,-2.1318415528298,Accurx,Accurx,Accurx
BREDBURY MEDICAL CENTRE,P88044,5902,53.4229146480888,-2.11405371925381,Accurx,,Accurx
SPRINGFIELD SURGERY,P88606,5708,53.382377132776,-2.12222860119659,Accurx,Accurx,Accurx
VERNON PARK SURGERY,P88615,3448,53.4180440061884,-2.14345222589294,Accurx,,Accurx
HIGH LANE MEDICAL CENTRE,P88623,7573,53.3648261182617,-2.07410570559735,Accurx,Accurx,Accurx
ARCHWOOD MEDICAL PRACTICE,P88625,7718,53.4262911485972,-2.0996641599584,Accurx,Accurx,Accurx
STOCKPORT MEDICAL GROUP,P88632,18181,53.4030723216426,-2.17678103029729,Accurx,Accurx,Accurx
THE BROOKE SURGERY,P89002,20267,53.4521362195185,-2.08121501155538,Doctaly; Evergreen Health,,Unknown
ALBION MEDICAL PRACTICE,P89003,9834,53.4894420815971,-2.08852075179308,Accurx,Accurx,Accurx
AWBURN HOUSE MEDICAL PRACTICE,P89004,6186,53.4582127194004,-2.01092509367829,Accurx; Evergreen Health,Accurx,Accurx
LOCKSIDE MEDICAL CENTRE,P89005,8373,53.4851153567488,-2.04688881063142,Accurx,Accurx,Accurx
PENNINE MEDICAL CENTRE,P89006,11322,53.5153365667672,-2.04096553163629,Silicon Health FootFall,Silicon Health FootFall,Silicon Health FootFall
STAVELEIGH MEDICAL CENTRE,P89007,8147,53.4842288572331,-2.05948595276459,Accurx,Accurx,Accurx
ASHTON MEDICAL GROUP,P89008,16948,53.4895047874285,-2.08880723936428,Rapid Health,,Rapid Health
MEDLOCK VALE MEDICAL PRACTICE,P89010,7592,53.479062081799,-2.14250173330948,Accurx,Accurx,Accurx
GORDON STREET MEDICAL CENTRE,P89011,5155,53.4927299352202,-2.07841394159633,Patchs,Accurx,Accurx
CLARENDON MEDICAL CENTRE,P89012,6800,53.4526404296331,-2.07995107548681,Evergreen Health,askmyGP,askmyGP
HATTERSLEY GROUP PRACTICE,P89013,5031,53.450102426999,-2.02744097881076,Evergreen Health; Patchs,,Unknown
HAUGHTON THORNLEY MEDICAL CENTRES,P89014,12707,53.4468725283473,-2.07581478156933,Accurx; Evergreen Health,Accurx,Accurx
MILLGATE HEALTHCARE PARTNERSHIP,P89015,20996,53.455601531499,-2.11846353074409,Accurx,Accurx,Accurx
DONNEYBROOK MEDICAL CENTRE,P89016,7958,53.4526312487439,-2.08023716670182,Evergreen Health,askmyGP,askmyGP
DENTON MEDICAL PRACTICE,P89018,8582,53.4595865305178,-2.11529681633923,Accurx,Accurx,Accurx
HT PRACTICE,P89020,7510,53.4782057667145,-2.11093265077439,Accurx,Accurx,Accurx
DUKINFIELD MEDICAL PRACTICE,P89021,11242,53.4765383729428,-2.08341630150655,Accurx; Evergreen Health,Accurx,Accurx
KING STREET MEDICAL CENTRE,P89022,3276,53.4790658038943,-2.09327555100736,Accurx,Accurx,Accurx
ST. ANDREW'S HOUSE SURGERY,P89023,5984,53.4844726967569,-2.05713543553049,Accurx,Accurx,Accurx
TOWN HALL SURGERY,P89025,2830,53.4783739305877,-2.09297268024086,Accurx,Accurx,Accurx
GROSVENOR MEDICAL CENTRE,P89026,6252,53.4814516211657,-2.05910533715614,Accurx,Accurx,Accurx
MARKET STREET MEDICAL PRACTICE,P89029,7871,53.4787531319971,-2.1452731345421,Accurx,Accurx,Accurx
WEST END MEDICAL CENTRE,P89030,3912,53.4805907363007,-2.10762387269755,Accurx,,Accurx
THE SMITHY SURGERY,P89602,3741,53.4618175036552,-1.99450890955987,Evergreen Health; Patchs,Accurx,Accurx
STAMFORD HOUSE,P89609,5057,53.4931975403337,-2.07809828016884,Accurx,Accurx,Accurx
MOSSLEY MEDICAL PRACTICE,P89612,2198,53.5144108516955,-2.04070826913623,Patchs,,Patchs
WATERLOO MEDICAL CENTRE,P89613,3760,53.4987776099129,-2.10391643689238,Accurx,,Accurx
PIKE MEDICAL PRACTICE,P89618,3236,53.517860597358,-2.04564323376705,Accurx,eConsult,eConsult
PARK MEDICAL PRACTICE,P91003,7837,53.3984009929607,-2.31642148515218,Accurx,Accurx,Accurx
ALTRINCHAM MEDICAL PRACTICE,P91004,8511,53.3844963397322,-2.35020018364304,Accurx,,Accurx
URMSTON GROUP PRACTICE,P91006,13230,53.4525487337802,-2.39377539553461,Evergreen Health,askmyGP,askmyGP
TIMPERLEY HEALTH CENTRE (WESTWOOD),P91007,6307,53.3976732589249,-2.32492259143588,Accurx,Accurx,Accurx
SHAY LANE MEDICAL CENTRE (KELMAN),P91008,6200,53.3718640286068,-2.31596355710872,Accurx,Accurx,Accurx
DAVYHULME MEDICAL CENTRE,P91009,10764,53.4593000999361,-2.36784959406219,Evergreen Health,askmyGP,askmyGP
SHAY LANE MEDICAL CENTRE (PATEL),P91011,5374,53.3718640286068,-2.31596355710872,Accurx,Accurx,Accurx
PRIMROSE SURGERY,P91012,7588,53.4567608500384,-2.35826942419629,Evergreen Health,,Evergreen Health
BOUNDARY HOUSE MEDICAL CENTRE,P91013,11246,53.4156351339843,-2.2889357577231,Evergreen Health,askmyGP,askmyGP
WASHWAY ROAD MEDICAL CENTRE,P91014,16148,53.4225039022439,-2.32829056246422,Evergreen Health,askmyGP,askmyGP
WEST TIMPERLEY MEDICAL CENTRE,P91016,9340,53.4026986771361,-2.35311724583293,Accurx,Accurx,Accurx
BODMIN ROAD HEALTH CENTRE,P91017,8818,53.4275107819409,-2.35189328030047,Evergreen Health,askmyGP,askmyGP
DELAMERE MEDICAL PRACTICE,P91018,14718,53.4501147602302,-2.30710340459594,Silicon Health FootFall,Silicon Health FootFall,Silicon Health FootFall
PARTINGTON CENTRAL SURGERY,P91019,3862,53.4167651477964,-2.42501719818184,Accurx,Accurx,Accurx
LIMELIGHT HEALTH AND WELLBEING HUB,P91020,9158,53.461396733279,-2.26198112029899,Accurx,Accurx,Accurx
FIRSWAY HEALTH CENTRE,P91021,15204,53.4212890868085,-2.35546828048582,Accurx,Accurx,Accurx
PARTINGTON FAMILY PRACTICE,P91026,6737,53.4177677583045,-2.42617070797147,Accurx,Accurx,Accurx
FLIXTON ROAD MEDICAL CENTRE,P91029,11815,53.4482792361046,-2.36227359758946,Evergreen Health,askmyGP,askmyGP
CONWAY ROAD MEDICAL PRACTICE,P91035,13774,53.416595239034,-2.30407820940524,Accurx,Accurx,Accurx
BARRINGTON MEDICAL CENTRE,P91603,7750,53.387437452341,-2.35263000274914,Accurx,Accurx,Accurx
ST JOHNS MEDICAL CENTRE,P91604,16354,53.3868546227559,-2.35275403464766,Accurx,Accurx,Accurx
FAMILY SURGERY,P91617,2282,53.3961936385592,-2.34605542058992,Accurx,,Accurx
VILLAGE SURGERY,P91623,7806,53.3976732589249,-2.32492259143588,Accurx,Accurx,Accurx
LOSTOCK MEDICAL CENTRE,P91627,8721,53.454568448934,-2.3290766577442,Accurx,,Accurx
NORTH TRAFFORD GROUP PRACTICE,P91629,15167,53.4539364185119,-2.29942086066411,Evergreen Health,askmyGP,askmyGP
RIDDINGS FAMILY HEALTH CENTRE,P91631,3738,53.4044782155311,-2.33124674270958,Accurx,Accurx,Accurx
MEDICENTRE,P92001,5581,53.487251670286,-2.63933845482567,Evergreen Health,askmyGP,askmyGP
BRAITHWAITE RD SURGERY,P92002,5120,53.4765135861082,-2.57497315001777,Accurx,eConsult,eConsult
THE DICCONSON GROUP PRACTICE,P92003,9646,53.549467223788,-2.6448914451474,Evergreen Health,askmyGP,askmyGP
DR TUN & PARTNERS,P92004,7136,53.532765406268,-2.58207174388671,Evergreen Health,askmyGP,askmyGP
ZAMAN,P92005,4313,53.529127511207,-2.64298319919166,Evergreen Health,,Evergreen Health
DR AHMAD & PTNRS,P92006,6140,53.5225937606894,-2.59417993229939,Evergreen Health,askmyGP,askmyGP
OLD HENRY STREET MED CTR,P92007,6084,53.4941134629248,-2.51166257625994,Evergreen Health,askmyGP,askmyGP
BRADSHAW MEDICAL CENTRE,P92008,8687,53.5383032663665,-2.68844968877202,Evergreen Health,askmyGP,askmyGP
BEECH HILL MEDICAL PRACTICE,P92010,11458,53.555654217788,-2.6443515635068,Evergreen Health,askmyGP,askmyGP
SULLIVAN WAY SURGERY,P92011,7975,53.5498439092135,-2.62301218470366,Evergreen Health,askmyGP,askmyGP
HIGH STREET SURGERY,P92012,4503,53.4784156406272,-2.59586763332203,Evergreen Health,Patchs,Patchs
STANDISH MEDICAL PRACTICE,P92014,13120,53.5850834973646,-2.66226142718202,Evergreen Health,askmyGP,askmyGP
ASPULL SURGERY,P92015,6131,53.5692800809218,-2.58585765685439,Evergreen Health,askmyGP,askmyGP
PENNYGATE MEDICAL CENTRE,P92016,19329,53.5411599688162,-2.5766489267211,Evergreen Health,askmyGP,askmyGP
SHEVINGTON SURGERY,P92017,13567,53.5719123679782,-2.69911336955906,Evergreen Health,askmyGP,askmyGP
PEMBERTON SURGERY,P92019,10398,53.544357702597,-2.6814001750172,Evergreen Health,askmyGP,askmyGP
SIVAKUMAR & PARTNER,P92020,5017,53.5008104557289,-2.45603904625079,Evergreen Health,askmyGP,askmyGP
NEWTOWN MEDICAL PRACTICE,P92021,6075,53.5381714121051,-2.67086842904508,Evergreen Health,,Evergreen Health
BROOKMILL MEDICAL CENTRE,P92023,8692,53.4964414000475,-2.50958025081089,Evergreen Health,askmyGP,askmyGP
KUMAR FAMILY PRACTICE,P92024,5222,53.529127511207,-2.64298319919166,Evergreen Health,,Evergreen Health
LONGSHOOT MEDICAL PRACTICE,P92026,7309,53.5496701522577,-2.62012686407635,Evergreen Health,askmyGP,askmyGP
ELLIOTT STREET SURGERY,P92028,4760,53.5141345475325,-2.4691512107575,Evergreen Health,askmyGP,askmyGP
WESTLEIGH MEDICAL PRACTICE,P92029,4425,53.5103587391887,-2.52545955818983,Evergreen Health,askmyGP,askmyGP
DR SEABROOK,P92030,4321,53.5511939205851,-2.63294849824492,Evergreen Health,askmyGP,askmyGP
PLATT HOUSE SURGERY,P92031,4829,53.5222337202732,-2.59428047464107,Evergreen Health,askmyGP,askmyGP
"THE SURGERY, TYLDESLEY",P92033,4786,53.5146088424506,-2.46968426827357,Evergreen Health,askmyGP,askmyGP
BRYN CROSS SURGERY,P92034,5481,53.5007282444729,-2.64713623905103,Evergreen Health,askmyGP,askmyGP
SAXENA L,P92038,3217,53.5212907644554,-2.66895800666978,Accurx,Accurx,Accurx
SSP HEALTH LIMITED ASHTON MEDICAL CENTRE,P92041,8412,53.4958217975144,-2.64356435354599,Accurx,eConsult,eConsult
DR KK CHAN & PARTNERS,P92042,8985,53.5241848863454,-2.48902216910062,Evergreen Health,askmyGP,askmyGP
FOXLEIGH FAMILY SURGERY,P92602,2343,53.4935190890405,-2.5119267318738,Evergreen Health,askmyGP,askmyGP
BOOTHSTOWN MEDICAL CENTRE,P92605,8018,53.5105380166362,-2.43183408568439,Evergreen Health,askmyGP,askmyGP
GRASMERE SURGERY,P92607,7748,53.5050692186372,-2.50984962197592,SystmConnect,askmyGP,askmyGP
THE AVENUE SURGERY,P92615,4895,53.5050692186372,-2.50984962197592,Evergreen Health,askmyGP,askmyGP
INCE SURGERY,P92620,8238,53.5349216861328,-2.61458527495002,Accurx,eConsult,eConsult
PREMIER HEALTH TEAM,P92621,4401,53.4935190890405,-2.5119267318738,Evergreen Health,askmyGP,askmyGP
MEADOWVIEW SURGERY,P92626,6605,53.5274887613615,-2.50081149280982,Evergreen Health,askmyGP,askmyGP
GOLBORNE SURGERY,P92630,2981,53.4784156406272,-2.59586763332203,Accurx,eConsult,eConsult
BEE FOLD MEDICAL CENTRE,P92633,3656,53.5209765470521,-2.49975426835354,Accurx,eConsult,eConsult
MESNES VIEW SURGERY,P92634,4727,53.5508068867376,-2.63304837458477,Evergreen Health,,Evergreen Health
DR VASANTH,P92635,1893,53.5274887613615,-2.50081149280982,Accurx,Accurx,Accurx
ASTLEY GENERAL PRACTICE,P92637,4233,53.5004154296039,-2.45826596461615,Accurx,eConsult,eConsult
FAMILY MEDICAL PRACTICE,P92639,3079,53.4784156406272,-2.59586763332203,Evergreen Health,askmyGP,askmyGP
MARUS BRIDGE PRACTICE,P92642,5413,53.529127511207,-2.64298319919166,Evergreen Health,askmyGP,askmyGP
DR VARDHAN'S SURGERY,P92646,3584,53.5011786697793,-2.44782917055616,Evergreen Health,askmyGP,askmyGP
SOUTH WIGAN MEDICAL PRACTICE,P92647,6440,53.529127511207,-2.64298319919166,Evergreen Health,askmyGP,askmyGP
SLAG LANE MC,P92648,5951,53.478142937617,-2.57633620276463,Evergreen Health,,Evergreen Health
LOWTON & PLATT BRIDGE SURGERY,P92651,5671,53.4720241221298,-2.56175611264179,Accurx; Engage GP,eConsult,eConsult
THE GRANTHAM PRACTICE,Y00020,8887,51.4694904713566,-0.123546123307216,Accurx,Accurx,Accurx
THE OM SURGERY,Y00026,2831,53.0351284534378,-1.20536963694616,Accurx,Accurx,Accurx
PURFLEET CARE CENTRE,Y00033,7075,51.4863849097695,0.234177898721186,Accurx; Evergreen Health,Accurx,Accurx
LILFORD & PENNINGTON PARK SURGERY,Y00050,6994,53.4935190890405,-2.5119267318738,Evergreen Health,askmyGP,askmyGP
The Homeless Healthcare Team,Y00054,100,51.8604192925301,-2.24468988728654,,,Unknown
CAMBRIDGE ACCESS SURGERY,Y00056,687,52.2087372156182,0.138666139560884,Accurx,Accurx,Accurx
ANGEL SURGERY,Y00057,15649,51.6110091713297,-0.0651072255510899,eConsult,eConsult,eConsult
THE ANCHOR CENTRE,Y00060,574,52.4123341419252,-1.50664773102438,Accurx,Accurx,Accurx
WINSHILL,Y00078,5566,52.8056822341801,-1.59580804120072,Accurx,Accurx,Accurx
HARBOUR MEDICAL PRACTICE,Y00080,7443,50.7987943299177,0.328299401223038,Accurx,Accurx,Accurx
Safe Haven Unit - Lcd,Y00081,36,53.6484222869873,-1.78153863822784,,,Unknown
THE DOCTORS HOUSE,Y00090,8334,51.5649380615655,0.0952953301720608,eConsult,eConsult,eConsult
WILLOWS HEALTH,Y00137,32511,52.6347589095888,-1.08714475741321,SystmConnect,Accurx,Accurx
TORCROSS MEDICAL CENTRE,Y00140,2141,52.4199601324347,-1.46934211405597,Accurx,Accurx,Accurx
GROVE SURGERY,Y00155,10802,51.5766898916221,0.122406243593254,Accurx,Accurx,Accurx
HALL GREEN HEALTH,Y00159,31482,52.4405718976418,-1.84974240244659,Anima; Blinx,Patchs,Patchs
Rainbow Health Centre,Y00182,932,51.3948390645669,-0.109898878164109,,,Unknown
DILSTON MEDICAL CENTRE,Y00184,9654,54.9757230558082,-1.64053518543462,eConsult,eConsult,eConsult
CATHEDRAL MEDICAL CENTRE,Y00185,11521,52.4134626247007,0.275030650304596,Evergreen Health,askmyGP,askmyGP
3D MEDICAL CENTRE,Y00186,1658,53.5730163206187,-2.44383761484013,eConsult,eConsult,eConsult
PORTOBELLO MEDICAL CENTRE,Y00200,4425,51.5150359311701,-0.206781127181703,Patchs,Patchs,Patchs
BURNLEY PRACTICE,Y00206,9717,51.5428356730478,-0.235526053475365,Evergreen Health,Evergreen Health,Evergreen Health
AMBAR MEDICAL CENTRE,Y00228,2483,52.5747628274487,-1.99163539348068,Accurx,Accurx,Accurx
DR SJC CLAY'S PRACTICE,Y00252,3021,52.7253906738623,-1.21641367584449,Accurx,Accurx,Accurx
CHAPEL MEDICAL CENTRE,Y00265,16026,51.5048503886585,-0.592548364455301,eConsult,eConsult,eConsult
DARLASTON HEALTH CENTRE,Y00278,3771,52.5655760652198,-2.03773128100625,Accurx,,Accurx
THE RAVENSCAR SURGERY,Y00286,3453,54.6007799853224,-1.0697253941746,eConsult,eConsult,eConsult
HEDINGHAM MEDICAL CENTRE,Y00293,9429,51.9900360753136,0.598800196881171,eConsult,eConsult,eConsult
THE HOLLIES SURGERY,Y00297,5006,52.6039796909338,0.374713571336186,Accurx,,Accurx
"THE ROBINS SURGERY, HAROLD HILL HEALTH C",Y00312,4568,51.6062690768869,0.224901708796439,eConsult,eConsult,eConsult
WOODLANDS MEDICAL PRACTICE,Y00316,5893,51.593332338364,-0.170652893440716,Accurx,Accurx,Accurx
LEICESTER CITY ASSIST PRACTICE,Y00344,1526,52.6377754263621,-1.1357590036376,Accurx,Accurx,Accurx
DR JACOBS SURGERY,Y00347,5499,53.6525658676389,-2.63622150216366,Accurx,Accurx,Accurx
LANGLEY CORNER SURGERY,Y00351,11995,51.1257232431381,-0.212610592856718,Rapid Health,,Rapid Health
HESA MEDICAL CENTRE - Y00352,Y00352,23473,51.5059168649858,-0.419303484302872,Blinx; Patchs,Patchs,Patchs
DR PASQUALI,Y00399,4064,52.282158196516,-0.645733316943461,SystmConnect,SystmConnect,SystmConnect
TROWBRIDGE PRACTICE,Y00403,7707,51.5453901587351,-0.0293770708375221,Evergreen Health,Evergreen Health,Evergreen Health
DEARNE VALLEY GROUP PRACTICE,Y00411,11671,53.5463774390425,-1.30989373371723,Accurx,Accurx,Accurx
SOHO HEALTH CENTRE,Y00412,5528,52.5029293657157,-1.93561606313468,Accurx,Accurx,Accurx
THE ORCHARD SURGERY,Y00437,10641,51.5036581807288,-0.542055123777473,eConsult,eConsult,eConsult
SALFORD PRIMARY CARE TOGETHER,Y00445,19023,53.529268229431,-2.42169316375248,Silicon Health FootFall,Silicon Health FootFall,Silicon Health FootFall
MAGHULL PRACTICE,Y00446,3166,53.5155972537297,-2.94393236058231,Blinx,Blinx,Blinx
DR SIMS AND PARTNERS,Y00469,11916,51.5677695233108,0.504807354892977,Accurx,Accurx,Accurx
BROADWAY HEALTH CENTRE,Y00471,8018,52.4821943759079,-1.923828797686,Accurx,Accurx,Accurx
GARSWOOD SURGERY,Y00475,5313,53.4950980442218,-2.6705654036419,Patchs; Silicon Health FootFall,Patchs,Patchs
BOTOLPH BRIDGE COMMUNITY HEALTH CENTRE,Y00486,7450,52.5627330590618,-0.26177298156077,Accurx,Accurx,Accurx
SUMMERFIELD GROUP PRACTICE,Y00492,8934,52.4876869566436,-1.93734858541394,Accurx,,Accurx
ST. QUINTIN HEALTH CENTRE,Y00507,3976,51.5197784189006,-0.220590817747592,Accurx,Accurx,Accurx
WOOTTON VALE AND SHORTSTOWN SURGERY,Y00560,18405,52.09237796695,-0.525278916111785,SystmConnect,SystmConnect,SystmConnect
FOXHAYES PRACTICE,Y00568,4802,50.7259282818151,-3.54933945484513,Accurx,Accurx,Accurx
GREEN CEDARS MEDICAL CENTRE,Y00612,4608,51.6161592419575,-0.0742120015276396,Patchs,Patchs,Patchs
THE HIVE HEALTH CENTRE,Y00726,5673,53.5568304460221,-2.18766702001537,Patchs,Patchs,Patchs
DR JO ARAYOMI'S PRACTICE,Y00758,2513,51.5677695233108,0.504807354892977,Accurx,,Accurx
BRANDON MEDICAL PRACTICE,Y00774,5095,52.448429432461,0.622751766802132,Evergreen Health,askmyGP,askmyGP
THE WESTBOURNE GREEN SURGERY,Y00902,3367,51.5205293616539,-0.190966274232519,Patchs,Patchs,Patchs
GRANVILLE MEDICAL CENTRE,Y00918,6632,51.5631579401784,0.07095958496828,Accurx,Accurx,Accurx
RAME GROUP PRACTICE,Y00969,11717,50.3746177373452,-4.22426207969717,Accurx,Accurx,Accurx
MERIDIAN PRACTICE,Y00996,3976,52.4146514202734,-1.50526484868318,Accurx,Accurx,Accurx
ODDFELLOWS HALL & ST CLEMENTS,Y00999,11522,51.4810346159792,0.328427088995483,eConsult,eConsult,eConsult
BAY MEDICAL GROUP,Y01008,54089,54.0417105212417,-2.89405937124798,Accurx,Accurx,Accurx
BARLBY SURGERY,Y01011,10611,51.5223619806005,-0.217217959755223,Evergreen Health,Evergreen Health,Evergreen Health
ROSMELLYN SURGERY,Y01050,7634,50.1224081015422,-5.54508526786457,Accurx,Accurx,Accurx
MORRAB SURGERY,Y01051,8372,50.1170556944615,-5.53909490148008,Accurx,Accurx,Accurx
HOMELESS HEALTH EXCHANGE,Y01057,1073,52.4862385717309,-1.89941067932964,Accurx,Accurx,Accurx
HANLEY PRIMARY CARE CENTRE,Y01066,8370,51.5685859236276,-0.119483077175859,eConsult,eConsult,eConsult
AMAANAH MEDICAL PRACTICE,Y01068,4949,52.491382448494,-1.85163165376724,Accurx,Accurx,Accurx
SMS MEDICAL PRACTICE,Y01090,8713,51.550123682716,-0.305976752748712,Patchs,Patchs,Patchs
FAIRFIELD SURGERY,Y01108,3952,53.3965624215055,-2.57112987280475,eConsult,eConsult,eConsult
ECCLESHILL VILLAGE SURGERY,Y01118,3483,53.8209613935986,-1.72614642943142,Patchs,Patchs,Patchs
NEETSIDE SURGERY,Y01127,6643,50.8281123105992,-4.54516101613216,Accurx,,Accurx
CHARTFIELD SURGERY,Y01132,12551,51.4572687657533,-0.226319067521169,Accurx,Accurx,Accurx
WEST COKER SURGERY,Y01163,3906,50.9206086463098,-2.68549884199657,,,Unknown
GLEBE ROAD SURGERY,Y01206,9628,51.473953972086,-0.242720962837072,Rapid Health,Rapid Health,Rapid Health
SOMERSET FHP O,Y01221,3323,51.5227495916748,-0.369970547378778,eConsult,eConsult,eConsult
Pallion Primary Care Services,Y01262,34,54.9041779713756,-1.41033409214588,,,Unknown
SHIFA MEDICAL PRACTICE,Y01280,2382,51.5314417199314,0.0813687833083998,eConsult,,eConsult
THE VILLAGE SURGERY,Y01281,4702,50.8977301696594,-1.01669935311816,eConsult,eConsult,eConsult
CHINGFORD MEDICAL PRACTICE,Y01291,10460,51.6160825882141,-0.0225462465331761,Accurx,Accurx,Accurx
THE NEW SPRINGWELLS PRACTICE,Y01652,6128,52.8937321778969,-0.340220141544694,Evergreen Health,askmyGP,askmyGP
THE VALE PRACTICE,Y01655,9814,51.5814748093289,-0.12583587740784,Accurx,Accurx,Accurx
School Lane Pms Practice,Y01690,7542,52.4124439904271,0.749246255333255,,,Unknown
MP VICTORIA MILL,Y01695,4099,53.4896330396695,-2.21429246374992,Silicon Health FootFall,Silicon Health FootFall,Silicon Health FootFall
PRIME PRACTICE PARTNERSHIP,Y01719,9036,51.5351865505743,0.152111283578888,eConsult,,eConsult
STOURSIDE MEDICAL PRACTICE,Y01756,6281,52.4482172591439,-2.04921680585791,Accurx,Accurx,Accurx
RAVENSWOOD MEDICAL PRACTICE,Y01794,14844,52.03091791292,1.19894996987366,Anima,Anima,Anima
THE OVAL PRACTICE,Y01795,9115,51.5514480991717,0.158821455166724,eConsult,eConsult,eConsult
HEARTWOOD MEDICAL PRACTICE,Y01812,11344,52.77488911341,-1.55933083641175,Silicon Health FootFall; SystmConnect,SystmConnect,SystmConnect
SINNOTT MEDICAL CENTRE,Y01839,7466,51.5928369570749,-0.03916287901095,Accurx,Accurx,Accurx
STENNACK SURGERY,Y01922,11959,50.2108583017929,-5.48438813014841,Accurx,Accurx,Accurx
Gardens And Jacobs Medical Partnership,Y01924,70,51.8077969767656,0.137503742247599,,,Unknown
TELDOC,Y01929,52061,52.6726140531369,-2.43520640315648,Anima,Anima,Anima
OPEN DOOR,Y01948,2422,53.5722473861959,-0.0686981330590138,Engage GP,Engage GP,Engage GP
BERRYCROFT COMMUNITY HEALTH CENTRE,Y01964,28953,51.8352007484508,-0.849357090740576,Accurx,Accurx,Accurx
ONE MEDICARE LLP-THE LIGHT,Y02002,22327,53.7997273823599,-1.54597745539713,Patchs,,Patchs
VERNOVA HEALTHCARE CIC,Y02045,5,53.2584463684872,-2.12293704248326,,,Unknown
ST ANN'S ROAD SURGERY,Y02117,13821,51.5814282752323,-0.087833927598092,Evergreen Health,Evergreen Health,Evergreen Health
THE PRACTICE NORTHUMBERLAND AVENUE,Y02177,6868,51.5331175641906,0.73136320376842,Accurx; Evergreen Health,Evergreen Health,Evergreen Health
DUDLEY WOOD SURGERY,Y02212,2649,52.4775617919277,-2.09215337689141,Silicon Health FootFall,Silicon Health FootFall,Silicon Health FootFall
RIVINGTON WAY SURGERY,Y02274,3818,53.5349216861328,-2.61458527495002,Accurx,eConsult,eConsult
BOLTON GENERAL PRACTICE,Y02319,7683,53.5776504858926,-2.43487626732603,eConsult,eConsult,eConsult
POPLAR STREET SURGERY,Y02321,5676,53.5168112170031,-2.4673408842601,Accurx,eConsult,eConsult
LEIGH FAMILY PRACTICE,Y02322,9776,53.4935190890405,-2.5119267318738,Accurx,eConsult,eConsult
CHARLESTOWN MD,Y02325,5265,53.522593039072,-2.18791259875237,Patchs,Patchs,Patchs
KINGSWAY & BRAMINGHAM SURGERY,Y02332,17644,51.8900325395695,-0.442730008445091,,,Unknown
FEATHERSTONE ROAD HEALTH CENTRE,Y02342,9768,51.5025749893341,-0.385213994763235,eConsult,eConsult,eConsult
SANDY LANE SURGERY,Y02354,8963,52.7542564686222,-1.93884182798104,Accurx,Patchs,Patchs
BRYN STREET SURGERY,Y02378,6363,53.487251670286,-2.63933845482567,Accurx,eConsult,eConsult
GRAFTON MEDICAL PARTNERS,Y02423,45052,51.4249508187202,-0.171386278881807,Accurx; Silicon Health FootFall,Accurx,Accurx
THE TOWN CENTRE PRACTICE,Y02463,12994,51.8779455340024,-0.415889930031678,Accurx,,Accurx
BUCKSHAW VILLAGE HEALTH CENTRE,Y02466,12450,53.6783732446562,-2.65886773719718,Accurx,,Accurx
HERON GP PRACTICE,Y02469,9834,52.6411357864692,-1.10879573441028,Anima,Anima,Anima
BROAD STREET HEALTH CENTRE,Y02476,15154,51.4549938815596,-0.975402528030211,Accurx,Accurx,Accurx
SHAKESPEARE MEDICAL PRACTICE,Y02494,8854,53.8020980866277,-1.5251959854872,Evergreen Health,Evergreen Health,Evergreen Health
MARSHALLS CROSS MEDICAL CENTRE,Y02510,6846,53.4394470386121,-2.71886994847911,Patchs,Patchs,Patchs
NEWQUAY HEALTH CENTRE,Y02517,17475,50.4122713147118,-5.07725906642855,Accurx; Engage GP,Accurx,Accurx
GLOUCESTER HEALTH ACCESS CENTRE,Y02519,10087,51.8661949373587,-2.25160509947831,Silicon Health FootFall,Silicon Health FootFall,Silicon Health FootFall
SIMPSON MEDICAL PRACTICE,Y02520,5375,53.5141831854164,-2.19702900613158,Patchs,,Patchs
WILLOW BANK SURGERY,Y02521,9987,52.9779639097332,-2.1034130614198,Accurx,Accurx,Accurx
Phl Sas Service,Y02526,62,50.87909478789,-1.23785362291464,,,Unknown
HODGE HILL FAMILY PRACTICE,Y02567,5985,52.5028635920313,-1.80101881438396,Accurx; Silicon Health FootFall,Accurx,Accurx
POPLAR PRIMARY CARE CENTRE,Y02571,8637,52.436311489833,-1.88970210219871,Accurx,Accurx,Accurx
OMNES HEALTHCARE LTD,Y02575,22501,51.5460600654227,0.123922695692436,Evergreen Health,,Evergreen Health
BROADMEAD MEDICAL CENTRE,Y02578,12277,51.4573458873076,-2.58965218056354,Accurx,Accurx,Accurx
ASHTON GP SERVICE,Y02586,5185,53.4860809773271,-2.09921356698521,Patchs,,Patchs
HAMMERSMITH & FULHAM CENTRES FOR HEALTH,Y02589,10295,51.517420098015,-0.234721183997124,Patchs,Patchs,Patchs
ESSINGTON MEDICAL CENTRE,Y02594,2974,52.6310673699851,-2.05759324772851,Accurx,Accurx,Accurx
ACCRINGTON VICTORIA GP PRACTICE,Y02605,4142,53.759583895343,-2.36692109303523,Accurx,,Accurx
FAIRMORE MEDICAL PRACTICE,Y02606,6238,53.700810252754,-2.28066298477417,Accurx,Accurx,Accurx
NORTH CHELMSFORD NHS HCC,Y02611,18375,51.7523405510388,0.513898566554861,Accurx,Accurx,Accurx
BLACKFRIARS,Y02622,16110,53.4841346131039,-2.25424418034278,Evergreen Health,askmyGP,askmyGP
CARE HOMES MEDICAL PRACTICE,Y02625,1156,53.4887025227781,-2.28902562128016,,,Unknown
THE KEYS FAMILY PRACTICE,Y02626,4586,52.5843634735414,-2.05905914571393,Accurx,Accurx,Accurx
HARDEN BLAKENALL,Y02627,12027,52.6146745050776,-1.98670883988073,Accurx,Patchs,Patchs
BOW MEDICAL PRACTICE,Y02633,5934,50.8014749894709,-3.8064421783457,Accurx,Accurx,Accurx
PENNFIELDS MEDICAL CENTRE,Y02636,6709,52.578239951314,-2.13790503132735,Accurx,,Accurx
SPRING HOUSE HEALTH,Y02639,9583,51.7826958294053,-0.190142110108401,Accurx,Accurx,Accurx
Calderdale Safe Haven Service,Y02645,21,53.6484222869873,-1.78153863822784,,,Unknown
TURNER ROAD SURGERY,Y02646,10535,51.9063534939986,0.901626760626821,Accurx,,Accurx
HIGH OAK SURGERY,Y02653,4388,52.4823671028044,-2.11728411744152,Silicon Health FootFall,Silicon Health FootFall,Silicon Health FootFall
BENTHAM ROAD HEALTH CENTRE,Y02657,8447,53.7305836870286,-2.50626998846905,Patchs,Patchs,Patchs
DROYLSDEN MEDICAL PRACTICE,Y02663,4391,53.4872277023236,-2.14652285982167,Patchs,Accurx,Accurx
CASTLE HEALTH CENTRE,Y02669,5177,54.2807227114579,-0.403485798923517,Accurx; SystmConnect,SystmConnect,SystmConnect
THE PRACTICE HEART OF HOUNSLOW,Y02671,18250,51.4682631451879,-0.371754571307347,Patchs,Patchs,Patchs
THE PRACTICE FELTHAM,Y02672,13893,51.4463633961845,-0.411091617713281,Patchs,Patchs,Patchs
CAMDEN HEALTH IMPROVEMENT PRACTICE,Y02674,508,51.5282112589008,-0.138366733189613,,,Unknown
BRIGHTON STATION HEALTH CENTRE,Y02676,9263,50.8279429412934,-0.141350825588181,eConsult,eConsult,eConsult
QUAYSIDE MEDICAL CENTRE,Y02684,3690,53.5722486393031,-0.0687033621109759,Accurx; Engage GP,Engage GP,Engage GP
BOWLING GREEN STREET SURGERY,Y02686,9099,52.6327289475359,-1.13287371323891,Anima,Anima,Anima
THE WEMBLEY PRACTICE,Y02692,15582,51.550123682716,-0.305976752748712,Evergreen Health,Evergreen Health,Evergreen Health
Great Bridge Health Centre,Y02701,8212,52.5277763209354,-2.0277561813564,Anima,,Anima
ST LUKE'S HEALTH CENTRE,Y02707,7077,51.5510000224932,0.729304221665226,eConsult; Evergreen Health,,Unknown
GUIDE BRIDGE MEDICAL PRACTICE,Y02713,4474,53.4715880610402,-2.1132805666199,Patchs,,Patchs
BIRTLE VIEW MEDICAL PRACTICE,Y02718,4720,53.5946865804067,-2.22727611339111,Patchs,Patchs,Patchs
THE KINGSWAY PRACTICE,Y02720,4699,53.6132961358908,-2.13604956050488,Patchs,Patchs,Patchs
KIRKHOLT MEDICAL PRACTICE,Y02721,5155,53.5937239780413,-2.15711198024684,Patchs,Patchs,Patchs
SHOWELL PARK HEALTH CENTRE,Y02736,7147,52.6083288388729,-2.11718989632246,Accurx,Accurx,Accurx
NORWICH PRACTICES HEALTH CENTRE,Y02751,11163,52.6263158789963,1.29874648423843,Silicon Health FootFall,Silicon Health FootFall,Silicon Health FootFall
HILL TOP SURGERY,Y02753,6315,53.5215290868061,-2.10177016166864,Accurx,Accurx,Accurx
ROCK HEALTHCARE LIMITED,Y02755,9476,53.5955293356229,-2.28859023736133,Accurx,Accurx,Accurx
BILSTON URBAN VILLAGE MEDICAL CENTRE,Y02757,13497,52.562689645805,-2.07603146860914,Accurx,Accurx,Accurx
THE HEIGHT GENERAL PRACTICE,Y02767,6776,53.5001244159578,-2.3079775440392,Patchs,eConsult,eConsult
ST NEOTS HEALTH CENTRE,Y02769,8184,52.2289529567381,-0.267137845314958,Accurx,Accurx,Accurx
BOLTON MEDICAL CENTRE,Y02790,7648,53.5659599305383,-2.43147985046658,eConsult,eConsult,eConsult
OAKLEAF,Y02794,12410,52.4874864628439,-1.84905992510411,Accurx,Accurx,Accurx
MIDDLETON HEALTH CENTRE,Y02795,5348,53.5482424199103,-2.20105099159029,Patchs,Patchs,Patchs
THURROCK HEALTH CENTRE,Y02807,13011,51.4765868655684,0.323246440393382,eConsult,eConsult,eConsult
JOHN STREET MEDICAL PRACTICE,Y02827,4957,53.5404333756634,-2.11927414597321,Accurx,Accurx,Accurx
HALF PENNY STEPS HEALTH CENTRE,Y02842,9062,51.5262081946243,-0.206068757355402,Patchs,Patchs,Patchs
PARLIAMENT STREET MEDICAL CENTRE,Y02847,10919,52.9545899938553,-1.15294698511203,SystmConnect,SystmConnect,SystmConnect
CITY HEALTH CENTRE,Y02849,15136,53.482926986409,-2.2428145704632,Accurx,Accurx,Accurx
MIDDLEPORT MEDICAL CENTRE,Y02867,4782,53.0413805847228,-2.20669855595115,Accurx,,Accurx
COMPASS HEALTH,Y02873,94,51.4618307419784,-2.59184482033298,,,Unknown
LINDLEY HOUSE HEALTH CENTRE,Y02875,4878,53.5438242882263,-2.11694464153152,Accurx; Patchs,,Unknown
MARSH GREEN MEDICAL PRACTICE,Y02885,4347,53.5494002653533,-2.66872839598935,Accurx,eConsult,eConsult
LEIGH SPORTS VILLAGE,Y02886,4603,53.4900171071936,-2.53072438881353,Accurx,eConsult,eConsult
HAWTHORN MC,Y02890,6466,53.4432156900691,-2.20454375083604,Accurx,Accurx,Accurx
IRIDIUM MEDICAL PRACTICE,Y02893,22431,52.4776586256737,-1.81568699129071,Accurx,Accurx,Accurx
BROOKLANDS HEALTH CENTRE,Y02900,22127,52.0445204472925,-0.677045310785441,Accurx,Accurx,Accurx
CANBERRA OLD OAK SURGERY,Y02906,9376,51.5108451702005,-0.235220185865707,Evergreen Health,Evergreen Health,Evergreen Health
THE PRACTICE ALBERT ROAD,Y02928,23914,51.5014869760511,0.052989946822423,Evergreen Health,Evergreen Health,Evergreen Health
HOLLINWOOD MEDICAL PRACTICE,Y02933,8835,53.5220974308864,-2.12765390420701,Accurx,Accurx,Accurx
MILLBROOK MEDICAL PRACTICE,Y02936,3497,53.4922654617658,-2.03428116267001,Patchs,,Patchs
JUNCTION HEALTH CENTRE,Y02946,8260,51.4652276766708,-0.170755608474569,eConsult,eConsult,eConsult
NEW BANK HEALTH,Y02960,6404,53.4601233231029,-2.20438412860725,Patchs; Silicon Health FootFall,Patchs,Patchs
KINGS PARK SURGERY,Y02973,9027,51.5931825983511,0.225697797907305,eConsult,eConsult,eConsult
AT MEDICS,Y02974,12400,51.498881001619,0.0898857478626181,Evergreen Health,Klinik,Klinik
CRICKLEWOOD HEALTH CENTRE,Y02986,5194,51.5567878357491,-0.216824264944548,Patchs,Patchs,Patchs
AT MEDICS - THE LOXFORD PRACTICE,Y02987,32904,51.5458210653452,0.0772214756848526,Evergreen Health,Evergreen Health,Evergreen Health
ST ANDREWS HEALTH CENTRE,Y03023,32790,51.5238208560468,-0.0145269711043567,Accurx,Accurx,Accurx
QUEENSWOOD MEDICAL PRACTICE,Y03035,21300,51.583999869335,-0.131361412995443,Accurx; Engage GP,Accurx,Accurx
SPRING HILL PRACTICE,Y03049,17782,51.5678667531146,-0.0735646514721934,Accurx,Accurx,Accurx
DR SALAKO AND PARTNERS,Y03052,14829,51.5676347490837,0.407454659199741,Accurx,Accurx,Accurx
HETHERINGTON AT THE PAVILION,Y03063,7835,51.4616332066861,-0.116397007660547,Accurx,Accurx,Accurx
BOLTON COMMUNITY PRACTICE,Y03079,16147,53.59251807334,-2.42463459319304,eConsult,eConsult,eConsult
MEDICUS SELECT CARE,Y03103,287,51.5393208678158,-0.119262058872163,,,Unknown
GRANGE FARM MEDICAL CENTRE,Y03124,5471,52.9596342456709,-1.23535168287185,SystmConnect,SystmConnect,SystmConnect
BRIDGE HOUSE MEDICAL PRACTICE,Y03135,9093,51.5773134606792,-0.0991340202777934,eConsult,eConsult,eConsult
ST JOHN'S SURGERY,Y03222,6831,52.7062139984529,0.272552048185676,SystmConnect,SystmConnect,SystmConnect
The Ridgeway Health Centre,Y03303,1,54.5557189170756,-1.21766707626014,,,Unknown
OLIVE FAMILY PRACTICE,Y03366,5646,53.5729109479398,-2.44536822257419,eConsult,eConsult,eConsult
EVERGREEN PRIMARY CARE CENTRE,Y03402,18486,51.6238339407086,-0.0602633267039373,Accurx,,Accurx
"HEALTH AND WELLBEING CENTRE, EARLS COURT",Y03441,9585,51.4925252299149,-0.192640345825473,Evergreen Health,,Evergreen Health
Llr Sas Provider,Y03584,87,52.6129121953653,-1.19491118387927,,,Unknown
BEECHCROFT AND OLD PALACE,Y03595,6855,52.6458772020253,1.21670803669673,SystmConnect,SystmConnect,SystmConnect
HAMD MEDICAL PRACTICE,Y03597,7960,52.4874897799234,-1.84905269772912,Blinx,Patchs,Patchs
GREY GABLE SURGERY,Y03602,6194,52.2153063846929,-1.97959266963562,Accurx,Accurx,Accurx
HENDON WAY SURGERY,Y03663,9388,51.5786713171462,-0.241314630407332,Patchs,Patchs,Patchs
DR AZIM & PARTNERS,Y03664,8182,51.5796554511926,-0.225729250759031,Patchs,Patchs,Patchs
GREENWICH PENINSULA,Y03755,13990,51.4932603007419,0.0120355414986051,Evergreen Health,askmyGP,askmyGP
EALING COMMUNITY PRT - CARE HOME SERVICE,Y04225,1173,51.5197513336849,-0.322497856656272,,,Unknown
CROSLAND MOOR SURGERY,Y04266,3919,53.6379282274218,-1.8098804855542,Patchs,Patchs,Patchs
LIBERTY BRIDGE ROAD PRACTICE,Y04273,20434,51.548651457939,-0.005392138886201,eConsult,eConsult,eConsult
CRANBROOK MEDICAL PRACTICE,Y04662,6337,50.7466067783298,-3.41618504429423,Accurx,Accurx,Accurx
THE WILLASTON SURGERY,Y04664,4341,53.2929123961172,-3.01164174331554,Blinx,Blinx,Blinx
LAKESIDE SURGERY,Y04809,2650,53.528013272661,-1.31018283157827,Accurx,,Accurx
CHAUCER SURGERY,Y04882,3444,52.5151516852322,-1.45237194708937,Accurx; Rapid Health,Patchs,Patchs
SATIS HOUSE,Y04884,3263,52.5183525172029,-1.74440327774606,Accurx; Rapid Health,Patchs,Patchs
CHAPELFORD PRIMARY CARE CENTRE,Y04925,8244,53.3978072486841,-2.63786503894262,Anima; SystmConnect,,Unknown
ST AUSTELL HEALTH GROUP,Y04957,32915,50.3442200998388,-4.76109953209586,SystmConnect,,SystmConnect
ALLIANCE TEACHING PRACTICES,Y04965,21663,52.4287569251912,-1.50063927830582,Accurx,,Accurx
CAMP HILL GP LED HEALTH CENTRE,Y04969,4829,52.5322828067405,-1.50566159224965,Rapid Health,Patchs,Patchs
CRESWELL AND LANGWITH MEDICAL CENTRE,Y04977,5553,53.262634442627,-1.21584302441823,Accurx; Silicon Health FootFall,Silicon Health FootFall,Silicon Health FootFall
ROYAL PRIMARY CARE CHESTERFIELD,Y04995,18847,53.2199324506599,-1.43679795764758,Anima,Anima,Anima
SILVER END SURGERY,Y05023,5031,51.8466284348522,0.623315061739401,Accurx; Evergreen Health,Evergreen Health,Evergreen Health
FIRST CHOICE MEDICAL CARE,Y05080,3054,51.5714923246028,-0.375515181208465,Patchs,,Patchs
THE FLYING SCOTSMAN HEALTH CENTRE,Y05167,12994,53.5204617546984,-1.13712099115637,Evergreen Health,Evergreen Health,Evergreen Health
WEST CHELTENHAM MEDICAL,Y05212,6064,51.9020099074004,-2.11695514590454,Accurx,Accurx,Accurx
BRIERLEY MEDICAL CENTRE,Y05248,3365,53.5739507899252,-1.37893214266346,Accurx,,Accurx
LISTER HOUSE CHELLASTON,Y05286,17256,52.8752607584693,-1.43013201575188,Accurx,Accurx,Accurx
COUNTRY PARK PRACTICE,Y05317,7263,51.3929339376162,-0.0675301884005432,Accurx,Accurx,Accurx
DENMARK ROAD SURGERY,Y05318,5596,51.3929339376162,-0.0675301884005432,Accurx,Accurx,Accurx
"WELBOURNE MED PRAC, WELBOURNE H C",Y05330,4558,51.5890084323324,-0.0587732885144962,eConsult,,eConsult
WESTWOOD PRIMARY CARE CENTRE,Y05346,3601,53.2964680520683,-1.11080612603354,,SystmConnect,SystmConnect
CLOVER CITY PRACTICE,Y05349,5843,53.3819418205379,-1.46661908770144,Anima,Anima,Anima
BHF HIGHGATE SURGERY,Y05363,3236,53.5739507899252,-1.37893214266346,Accurx,Accurx,Accurx
BHF LUNDWOOD SURGERY,Y05364,3711,53.5561871424733,-1.44076857152743,Accurx,,Accurx
BALDERTON SURGERY,Y05369,6877,53.0530483061439,-0.787910873906361,Evergreen Health,Evergreen Health,Evergreen Health
South Wigston Asylum Service,Y05412,3,52.6375121039001,-1.12559735972006,,,Unknown
SOUTHGLADE MEDICAL PRACTICE,Y05622,5574,52.9984189758294,-1.17415702451551,Evergreen Health,Evergreen Health,Evergreen Health
KIRKBY COMMUNITY PRIMARY CARE CENTRE (3),Y05690,7215,53.1017600070931,-1.24874123119619,Evergreen Health,Evergreen Health,Evergreen Health
PARKFIELDS SURGERY,Y05733,6111,52.8982838414826,-1.4323872192582,,Rapid Health,Rapid Health
DAVID LEWIS MEDICAL PRACTICE,Y05750,125,53.2875396633835,-2.28618364093465,,,Unknown
THE HILL GP PRACTICE,Y05826,6549,52.4445581485742,-1.85864318870052,Accurx,Accurx,Accurx
RHND,Y05857,139,51.4522037662574,-0.213734700096923,,,Unknown
WELLSBOURNE HEALTHCARE CIC,Y06007,8573,50.8256699709817,-0.107447588747614,Accurx,Accurx,Accurx
Hertfordshire Special Allocation Scheme,Y06095,20,51.9486617776723,-0.275285514438705,,,Unknown
QHS GP CARE HOME SERVICE,Y06113,455,51.4970048802697,-0.0691591568469157,,,Unknown
BROWNSOVER MEDICAL CENTRE,Y06218,9773,52.3910332234417,-1.24202885404249,Accurx; Rapid Health,Rapid Health,Rapid Health
NELSON MEDICAL CENTRE,Y06275,6307,52.6054306110033,1.71940948532471,,SystmConnect,SystmConnect
BROMLEAG CARE PRACTICE,Y06345,1460,51.4102707810095,-0.0259175335696577,Accurx,Accurx,Accurx
BILBOROUGH MEDICAL CENTRE,Y06356,9291,52.9647178494295,-1.22909812696241,Accurx; SystmConnect,SystmConnect,SystmConnect
HEATH STREET HEALTH CENTRE,Y06378,6361,52.4876869566436,-1.93734858541394,Accurx,Accurx,Accurx
SAS MID AND SOUTH ESSEX STP,Y06389,1030,51.5438362012727,0.708177399187505,,,Unknown
WHYBURN MEDICAL PRACTICE,Y06443,12784,53.0353763114735,-1.20614055627342,Accurx; Rapid Health,Patchs,Patchs
Essex University Partnership Nhs Trust,Y06499,263,52.0564298736464,1.16381730748013,,,Unknown
SEL SPECIAL ALLOCATION PRACTICE,Y06545,208,51.4261100829659,0.0119786162882248,Accurx,,Accurx
SPECIAL ALLOCATION SCHEME (NEL),Y06592,216,51.4493193740992,-0.0180450488487926,Accurx,,Accurx
NOOK SURGERY,Y06659,3304,53.6570951679862,-1.84385454402979,Patchs,Patchs,Patchs
BROAD OAK MEDICAL PRACTICE,Y06792,7798,52.9732309275756,-1.22772558818142,Evergreen Health,Evergreen Health,Evergreen Health
WHITEHOUSE HEALTH CENTRE,Y06810,16076,52.0337922863164,-0.818164114972345,Accurx,Accurx,Accurx
SHAKESPEARE ROAD MEDICAL PRACTICE,Y07014,14220,51.2807117400139,-1.0839936242812,eConsult,eConsult,eConsult
ONE CARE LAMBETH,Y07020,247,51.4757150893754,-0.105207867678211,,,Unknown
PARK MEDICAL CENTRE,Y07025,8040,52.5808711610648,-0.238281353639681,Anima,Anima,Anima
Medicus Select Care Blmk Ccg,Y07040,116,51.6625301032272,-0.0767722428132574,,,Unknown
BRETTON MEDICAL PRACTICE,Y07057,12066,52.5904308768938,-0.281891272144138,Anima,Anima,Anima
NENE VALLEY AND HODGSON MEDICAL PRACTICE,Y07059,19235,52.5475659308534,-0.282135242923361,Accurx,Accurx,Accurx
THOMAS WALKER WESTGATE HEALTHCARE,Y07060,24004,52.5839541057479,-0.241847911881799,Accurx,Accurx,Accurx
BROUGHTON HOUSE GP SURGERY,Y07275,2853,53.7137152891119,-1.63473687365675,Patchs,Patchs,Patchs
WIGAN BOROUGH SPECIALIST SERVICES,Y07697,137,53.5289001145473,-2.65833695839428,,,Unknown
Spcl Surgery,Y07819,53,50.8978286014281,-1.37279224779893,,,Unknown
Bassetlaw Sas Practice,Y08082,8,53.3258832874444,-0.954781774954535,,,Unknown
BEAM PARK MEDICAL PRACTICE,Y08371,4535,51.5281594554181,0.170854008137007,Klinik,Klinik,Klinik
ONE CARE LEWISHAM,Y08411,313,51.435279378899,0.0257477382527585,,Accurx,Accurx
